PatientID,Age,Gender,Ethnicity,SocioeconomicStatus,EducationLevel,BMI,Smoking,AlcoholConsumption,PhysicalActivity,DietQuality,SleepQuality,FamilyHistoryDiabetes,GestationalDiabetes,PolycysticOvarySyndrome,PreviousPreDiabetes,Hypertension,SystolicBP,DiastolicBP,FastingBloodSugar,HbA1c,SerumCreatinine,BUNLevels,CholesterolTotal,CholesterolLDL,CholesterolHDL,CholesterolTriglycerides,AntihypertensiveMedications,Statins,AntidiabeticMedications,FrequentUrination,ExcessiveThirst,UnexplainedWeightLoss,FatigueLevels,BlurredVision,SlowHealingSores,TinglingHandsFeet,QualityOfLifeScore,HeavyMetalsExposure,OccupationalExposureChemicals,WaterQuality,MedicalCheckupsFrequency,MedicationAdherence,HealthLiteracy,Diagnosis,DoctorInCharge,Cholesterol_Ratio
6000,Middle-aged,0,1,2,1,Obese,1,0.22497468307016985,0.24417861416110545,0.48990274153454666,0.007610522859063273,1,1,0,0,0,Normal,Normal,Diabetes,Diabetes,0.48182608941569427,0.5155026661036325,0.6950307999530869,0.24649797270138313,0.6352826837233615,0.4008254145155351,0,0,1,0,0,0,0.9533956564132449,0,0,1,0.7392080615228687,0,0,0,1.7827242506960626,4.486979557412981,7.2113489367727475,1,Confidential,1.0940496534228583
6001,Middle-aged,1,0,1,2,Obese,0,0.07891810386569743,0.8305643572170838,0.8942182387237185,0.5854291202087031,0,0,0,0,0,Stage 2,Stage 2,Diabetes,Diabetes,0.8171105545205958,0.6035559242605818,0.03536516778419063,0.4004115096430992,0.24874465182404587,0.08869043593782491,0,0,0,0,0,0,0.011829644956031834,0,0,0,0.9163934267835773,0,0,1,3.381069654567674,5.961704862944367,5.024612227805186,1,Confidential,0.1421745855633786
6002,Senior,1,0,1,3,Normal,0,0.05883249416534175,0.6105531153965694,0.772336300957202,0.6188854060587704,1,0,0,0,0,Normal,Stage 2,Diabetes,Normal,0.3277251437416966,0.1113741343514033,0.5438944304156319,0.07993527958781138,0.5311996554112007,0.656659654348317,1,1,0,0,0,0,0.964316271553671,0,0,0,0.5460012201250048,0,0,0,2.701018729497643,8.950820518722507,7.0349436990025485,0,Confidential,1.023898311821389
6003,Young adult,1,1,1,2,Obese,1,0.08570479681065114,0.8650195613887673,0.4804219478578991,0.3813197216297034,1,1,0,1,0,Stage 2,Stage 1,Normal,Diabetes,0.5691072325226222,0.8698453427518797,0.17697651200827558,0.12133007950328628,0.33727808318365216,0.1789852695973547,0,0,1,0,0,0,0.34002794646652895,0,0,0,0.780312452423364,0,0,1,1.4090558394059216,3.1247685708774133,4.717774284423961,0,Confidential,0.5247198701372767
6004,Young adult,1,0,1,3,Underweight,0,0.7732626411296469,0.4630014884108783,0.2532430278834515,0.9635345810666486,0,0,0,0,0,Stage 2,Normal,Normal,Normal,0.8122538279340952,0.06108519500328853,0.04860552043501709,0.10956961048726271,0.25074159233679916,0.9475107212470555,1,1,0,0,0,0,0.29211699844803457,0,0,0,0.378102790560055,0,0,0,1.218452269419564,6.977741342165485,7.887940037735355,0,Confidential,0.19384705976394043
6005,Senior,0,0,0,0,Underweight,1,0.8892136375914793,0.9257871534231158,0.2308782486289306,0.9799548195383369,0,0,0,0,0,Stage 2,Normal,Prediabetes,Diabetes,0.051748248942500505,0.6846771872085347,0.6665613826675265,0.10106581613452975,0.05867297754071954,0.987444307428659,0,1,0,0,0,0,0.1969649649292325,0,0,0,0.8656169947368096,0,0,0,1.535161097013002,9.682226447059852,2.744280929115236,0,Confidential,11.36061966865287
6006,Senior,1,2,1,3,Normal,0,0.05429033598928933,0.8750482297818181,0.47056335660962023,0.05237676803346358,0,0,0,0,0,Normal,Stage 2,Diabetes,Normal,0.6951958566412175,0.12847227528842964,0.7225246170316049,0.3656834922320084,0.055580131791852505,0.09547818416326623,0,0,0,1,0,0,0.6517867519746467,0,0,0,0.8621892879426216,0,0,0,0.578207728836106,1.175503943256463,1.2294526984887777,0,Confidential,12.999692403347625
6007,Senior,1,3,0,3,Overweight,0,0.30939515713573984,0.9119743874349094,0.017961773976670058,0.22740072190176974,0,1,0,0,0,Elevated,Stage 2,Normal,Diabetes,0.1065240988979841,0.707963010510002,0.06190774675945199,0.39035153377611514,0.24308939906934557,0.20449880256537242,0,0,0,0,0,1,0.23105914413528333,0,0,0,0.474148310841826,0,0,0,1.659423781623539,2.2583766056416037,9.035877485115163,0,Confidential,0.25467069726801084
6008,Middle-aged,0,0,1,2,Underweight,0,0.9754693891616396,0.05872809221933439,0.795918225003114,0.7387854900121685,0,0,0,0,0,Stage 2,Normal,Diabetes,Diabetes,0.1027689626715856,0.1636495453880406,0.1206575879965488,0.06102962660885525,0.8186224291980253,0.5935838559509917,0,0,0,0,0,0,0.4962989620315373,1,0,0,0.8882570272780015,0,0,0,3.675915541205138,2.006186138033821,3.4528051879892327,1,Confidential,0.1473910116471554
6009,Senior,1,0,1,1,Obese,1,0.7973330466718046,0.6058709712307969,0.13387124158112715,0.45350995487326495,0,0,0,0,0,Normal,Stage 1,Normal,Diabetes,0.633621127143202,0.052066672387947086,0.09315733111261881,0.18547858878665052,0.44539975565312717,0.9757333969819946,0,0,0,0,1,0,0.4597410366373271,1,0,0,0.9684125563708224,0,0,0,2.5673148140239905,4.031643438810983,2.633287388452772,0,Confidential,0.20915442797227038
6010,Middle-aged,1,0,2,2,Underweight,0,0.3781653602855233,0.6490818650349587,0.0007630279039534397,0.1419681596339698,1,0,0,0,0,Stage 2,Stage 2,Diabetes,Diabetes,0.16997615638221747,0.8081763899611059,0.514272538842127,0.7956366833875679,0.18595224897537194,0.22034586282109456,1,1,0,0,0,0,0.973505613428055,0,0,0,0.827508135688323,0,0,0,3.2215797462897235,1.3049304788590432,0.8654546962621634,1,Confidential,2.7656161282041754
6011,Senior,1,1,1,3,Obese,0,0.5633803239999651,0.2285677585088403,0.6099201524063983,0.3144049472793743,0,0,0,1,0,Normal,Stage 2,Diabetes,Diabetes,0.4946136152163598,0.9266452008035467,0.3453100181414104,0.05668887300962,1.0,0.7056860885225829,0,0,0,0,0,0,0.2368588729096624,0,0,0,0.08613428074709874,0,1,0,1.917801191169452,9.142288634250969,0.1497307436396799,1,Confidential,0.3453100181414104
6012,Senior,1,1,0,2,Normal,0,0.13710655841313812,0.27881319225627627,0.21369973082182186,0.1677526278474495,0,1,0,0,1,Normal,Stage 2,Normal,Diabetes,0.5928002990880552,0.08842744663308756,0.37888098691980754,0.009205130960567576,0.09777317671931196,0.37001061378296163,0,0,1,0,0,0,0.7492343221061493,0,0,0,0.5673889718862442,0,1,0,2.796105498965188,1.3722301913689938,8.399711973494965,0,Confidential,3.875101532268939
6013,Young adult,0,3,0,2,Obese,0,0.4525339337063224,0.651586138935925,0.5672565916593886,0.11251410945074136,1,0,0,1,0,Normal,Stage 2,Prediabetes,Diabetes,0.30294241347994777,0.9418114770223088,0.21737068220622646,0.40409109114507286,0.4882592198006276,0.2537914367251609,0,1,0,1,0,0,0.4808736281287899,0,0,0,0.014220759293291495,0,0,0,1.6618713241299048,5.638509932258607,3.3380126765212417,0,Confidential,0.44519524340981437
6014,Young adult,0,0,1,2,Overweight,0,0.40372629039514574,0.1584985891916289,0.8335353040565053,0.11591159858164113,0,1,0,0,0,Normal,Stage 2,Prediabetes,Diabetes,0.7902561861809381,0.04548621916313174,0.9234365756941794,0.9588055388940071,0.9357713446825773,0.38703078600013674,1,0,0,0,1,0,0.3531721601337217,0,0,0,0.9048457082112579,0,0,1,0.823407623644683,1.846811239125946,4.709647887199392,0,Confidential,0.9868186079233042
6015,Senior,0,0,1,3,Overweight,0,0.4467715781653567,0.3896906426988438,0.24901548222764983,0.34316154197113813,0,1,1,0,0,Stage 1,Stage 2,Diabetes,Diabetes,0.7509890181442207,0.39183860959918226,0.06332353580188421,0.5827202479923759,0.011174214814449912,0.7339151780285306,0,0,0,0,0,0,0.3587820355759214,0,0,0,0.5845893110314988,0,0,1,3.378098428180104,3.791070420916909,3.69100915974308,1,Confidential,5.666933816235349
6016,Senior,0,1,1,2,Obese,0,0.2267759736247246,0.22995131239644492,0.77790445188221,0.940650696084172,1,0,0,0,0,Normal,Normal,Normal,Prediabetes,0.4856101424238728,0.5036475606514815,0.6280141213031718,0.1020390697384922,0.4031120333586631,0.056685652572219775,0,1,1,0,0,0,0.15132346296141586,1,0,0,0.8860090995373722,0,0,0,1.092299131089899,7.466655971967686,8.068166553325236,0,Confidential,1.557914597762467
6017,Middle-aged,0,0,1,0,Overweight,0,0.03807397174501781,0.7005615183841215,0.20175642174945405,0.9403127652842515,0,0,0,0,0,Stage 2,Stage 1,Diabetes,Diabetes,0.6190920321134683,0.9943694063896139,0.3929112886503925,0.020395052713796824,0.0682558973617855,0.9356696980968984,0,0,0,1,0,0,0.39532017736407704,0,0,0,0.22361807125053576,0,0,0,0.982226496869707,6.206537478842078,1.650498353969374,1,Confidential,5.7564445540550775
6018,Senior,0,3,0,2,Underweight,0,0.18968323145732624,0.12366329841703846,0.7706768352420206,0.7828881550332792,1,0,0,0,1,Normal,Stage 1,Diabetes,Diabetes,0.3641048103751655,0.7562294085293385,0.766494951214598,0.7527471280757672,0.6784396995222525,0.7455496801001823,0,0,1,0,0,0,0.044779646748627895,0,1,0,0.8268427270087788,0,0,0,1.3435277333294424,5.068027610050393,1.983518247413485,1,Confidential,1.1297908299799566
6019,Senior,0,0,0,2,Obese,0,0.22113682603429322,0.743317530141411,0.5648165638236874,0.8659738955450943,0,1,0,0,0,Normal,Stage 2,Diabetes,Diabetes,0.5522259206999502,0.2391851967085638,0.5059816067786631,0.40866034291074643,0.23075867312851395,0.6189718434059718,1,1,0,1,0,0,0.06995830238071034,0,0,1,0.11757676747759588,0,0,0,2.4169424356148266,2.356242481751853,5.738590715340868,1,Confidential,2.192687277660295
6020,Middle-aged,1,0,0,1,Normal,0,0.5865660878475949,0.05435023252883383,0.11213438777083246,0.6661941057327972,1,0,0,0,0,Elevated,Stage 2,Prediabetes,Prediabetes,0.47851658476929027,0.3907677863915018,0.8523719458893835,0.015511813330402802,0.8761118143601028,0.14027768914959185,0,1,0,0,0,1,0.31494210240277687,0,0,0,0.12733067138119025,0,0,0,1.447758159854068,8.437714710568756,7.0216368116963,0,Confidential,0.9729031522214336
6021,Senior,1,0,0,1,Overweight,0,0.22840471046948346,0.6460211963640798,0.3611527650336122,0.17926401626118338,0,0,0,0,0,Stage 1,Stage 2,Diabetes,Diabetes,0.43387281974396363,0.38290664027077015,0.708796334965766,0.4575604979312386,0.810410881423208,0.18390644086741673,0,1,1,0,0,0,0.044483702540081514,0,0,0,0.22036035863165562,0,0,0,1.0313140636217837,8.065447184438627,1.0903750244797616,1,Confidential,0.8746135463050656
6022,Middle-aged,0,0,2,1,Obese,0,0.055742784201372235,0.1894952736913201,0.0042209709472954575,0.8722464791458785,0,0,0,0,0,Stage 2,Stage 2,Diabetes,Diabetes,0.5698481097038447,0.11165583198552088,0.6765495905605445,0.3445678391567583,0.4173784562066325,0.8636420087526193,0,1,0,0,0,0,0.49631888735536067,0,0,0,0.871226540155978,1,0,0,3.177621543845986,4.0638898403809565,2.945483705781672,1,Confidential,1.620949956807554
6023,Young adult,0,0,0,2,Overweight,1,0.48417519519588603,0.20260773077781907,0.745276582316443,0.8639664745603649,0,0,0,0,0,Stage 2,Normal,Diabetes,Normal,0.7868985801719139,0.5646717179014,0.5341773883613552,0.15270638659219526,0.5373956948183477,0.666979739399592,1,0,1,0,0,1,0.39448812720191057,0,0,0,0.5382121868839136,0,0,1,0.0557663550754052,0.0460244416125354,4.585399667154727,0,Confidential,0.994011290957438
6024,Senior,0,0,0,2,Obese,0,0.02902531906350495,0.8703828888038007,0.01345691051665803,0.3534774012764418,0,0,0,1,0,Stage 2,Normal,Normal,Prediabetes,0.18445255213491624,0.9722575597959718,0.2640284244416058,0.29789813177074237,0.9241630534178089,0.05768425822610557,0,0,0,0,1,0,0.5506042453167777,0,0,0,0.1538699503997672,0,0,0,2.7485618229224054,8.782467826979378,8.30065838786253,0,Confidential,0.2856946330684354
6025,Senior,1,0,2,1,Normal,1,0.8005170277624528,0.7140627509149229,0.6084047946187737,0.8570857402766395,1,0,0,0,1,Stage 2,Stage 1,Diabetes,Diabetes,0.5225914234801757,0.2423609337757502,0.40476773373484565,0.39572885566045385,0.8452263545623488,0.046960607133257615,0,0,0,0,1,0,0.7095480749626223,0,0,0,0.6723131741413634,0,0,0,3.410945664130036,6.761701801260461,7.932701253234805,1,Confidential,0.4788867876042874
6026,Senior,0,0,0,2,Underweight,1,0.8692655001625855,0.6735064532091933,0.8804924863148053,0.19918750543455155,0,1,0,0,1,Normal,Stage 2,Normal,Diabetes,0.5690476864585914,0.029797266649988483,0.21581123247191636,0.17406050781916577,0.28268491107213267,0.3449484417627955,0,0,0,0,0,0,0.0872571940768058,0,0,0,0.8764861855278849,0,0,1,2.0480655554130798,1.1967237096675,0.7898158716666059,0,Confidential,0.7634338587560757
6027,Middle-aged,1,1,1,3,Underweight,0,0.8426989002553747,0.9683507970559716,0.4743894807300307,0.12162175141351306,0,0,0,0,1,Stage 2,Stage 2,Diabetes,Diabetes,0.22631500905742535,0.42192925102288004,0.4942480881507989,0.16888591517764578,0.9446485408266783,0.032725892029912496,0,0,0,0,0,0,0.16957640645025646,0,0,0,0.5889842093184539,0,1,1,2.4109580572060256,8.881813655825363,3.630164831245554,1,Confidential,0.5232084386837393
6028,Senior,0,0,1,1,Normal,0,0.7368484052072888,0.9172036823637811,0.8456839691184798,0.8440460795394688,0,0,0,0,0,Stage 2,Normal,Prediabetes,Normal,0.9101152986806138,0.0009530932416008941,0.7850826230684116,0.38631946537094214,0.40822126935294667,0.9469412308189722,1,0,0,0,1,0,0.8672441347171993,0,0,0,0.7439864254715073,0,0,0,2.142464478481445,8.282545408981747,0.6803808794544042,0,Confidential,1.9231791236963498
6029,Middle-aged,1,1,2,1,Overweight,0,0.5428764591466608,0.023878382704017865,0.4143990618503285,0.284572641738865,0,0,0,0,1,Normal,Stage 2,Diabetes,Diabetes,0.8561605057042204,0.8552111219066981,0.8134715550979474,0.06813624381740424,0.424244980924548,0.6468003149464135,0,0,0,0,1,0,0.2424042936147766,0,0,0,0.7623212529644533,0,0,0,2.890365777431309,7.9358259605043,9.217801252214148,1,Confidential,1.9174571100998445
6030,Senior,0,1,0,1,Underweight,0,0.6911707794479598,0.29627696605705744,0.41576123032676404,0.2028173905704881,1,0,0,0,1,Normal,Normal,Diabetes,Diabetes,0.8553805771219299,0.15901858891691711,0.7035759351087161,0.047668498100600754,0.6834587018133352,0.9200253092529718,0,1,0,0,0,1,0.8724338911078796,0,1,0,0.9974065351568431,0,0,0,2.8250674263384794,0.98273948014464,4.362584302340139,1,Confidential,1.0294344533795623
6031,Young adult,1,0,1,1,Normal,0,0.029627929554045182,0.8565552429114708,0.5559665577803622,0.9969035327028083,1,0,0,0,0,Normal,Stage 2,Diabetes,Normal,0.0002619290260987145,0.4189239393800074,0.7653720440247531,0.6080775613015457,0.2506763153419399,0.6083959282284085,0,0,0,0,0,0,0.5607751635368836,0,0,0,0.744578255970599,0,0,0,3.494502036058462,8.522655114286895,1.850941673678788,0,Confidential,3.05322839527433
6032,Senior,1,3,2,1,Overweight,1,0.6331287394166508,0.6837762568821492,0.4635529989414006,0.6015080032347858,0,0,0,0,1,Stage 2,Stage 2,Diabetes,Normal,0.8697187742876666,0.38746676005298186,0.8515317167974874,0.7789465758186049,0.863782325952865,0.8413741174469601,0,0,0,0,0,0,0.218349273950629,0,0,0,0.6105194159749658,0,0,0,3.28984757555966,9.39185359684436,6.451647906975744,0,Confidential,0.9858174811091862
6033,Senior,1,1,0,3,Obese,0,0.9092062118353608,0.16073613947057355,0.8338432484957223,0.09636891131334013,0,0,0,0,0,Normal,Stage 2,Diabetes,Diabetes,0.1638681035696838,0.5234775870303504,0.09115354985785418,0.4280051978321529,0.9179408435406378,0.25953212914771673,1,0,0,0,0,0,0.7839968901850167,0,0,0,0.2019286798821184,0,0,1,2.4472631087212093,6.912286458544607,3.769233941128843,1,Confidential,0.09930220503781163
6034,Young adult,1,0,1,2,Obese,0,0.5963394404672584,0.22550247344968177,0.10587874869422986,0.7407268973221354,0,0,0,0,0,Stage 2,Normal,Normal,Diabetes,0.6583324777476326,0.15396330062597902,0.2595652695130002,0.9754300414786266,0.9717277686225192,0.7926577111172213,1,0,0,0,0,0,0.4483608342881747,0,0,0,0.07655805457907819,0,0,0,2.643872832973728,0.0267615588494929,1.978269520025612,0,Confidential,0.2671172707979202
6035,Young adult,1,0,1,2,Overweight,0,0.6975894284952735,0.7473218533499526,0.7665200898753677,0.8791490773833176,1,0,0,0,0,Stage 2,Normal,Normal,Diabetes,0.9417889226515859,0.921042980992761,0.12777526120983995,0.43301491907931494,0.8635869865263441,0.6367329193491552,0,1,0,0,0,0,0.49268393840210145,0,0,0,0.842138617820382,0,0,0,3.347228323425895,4.922543694116087,4.494934998477058,0,Confidential,0.1479587617731455
6036,Young adult,1,0,0,3,Overweight,1,0.22365161958801075,0.30613774980889397,0.3503465182690026,0.9596877472538804,0,0,0,0,0,Stage 2,Stage 2,Diabetes,Diabetes,0.6508558959587853,0.9237078519325209,0.7207386941264229,0.7523870841423121,0.7534209205193669,0.9255276900102234,0,1,0,0,1,0,0.24084602787653164,0,0,0,0.7972256405090172,0,1,0,2.6825659077931854,8.885116143368991,9.275259594360085,1,Confidential,0.9566215570833702
6037,Young adult,0,0,1,2,Normal,0,0.6057902244936596,0.5070083459387186,0.1324436597244615,0.5869867653868154,1,0,0,0,0,Stage 2,Stage 2,Normal,Diabetes,0.5860916113920717,0.219055806153786,0.07906421242158146,0.9161739932038173,0.3658909047827137,0.017840689694627904,0,0,1,0,0,0,0.05883901191218357,0,0,0,0.07415026027469213,0,0,0,1.402880363060643,3.599522281351893,0.3583911672508311,0,Confidential,0.21608684826023258
6038,Senior,1,1,0,3,Obese,1,0.9140402890348424,0.17494056586524925,0.6162546250697585,0.9468794159833708,0,0,0,0,0,Stage 1,Stage 2,Prediabetes,Normal,0.7357249932323383,0.5219906124561281,0.661934162693228,0.2598754071434389,0.10010767687506589,0.6457126457537965,0,0,0,0,1,0,0.26441068488560643,0,0,0,0.3711992425503438,0,0,0,3.4318571872986943,7.050908611381626,3.022914638748606,0,Confidential,6.612221793133009
6039,Young adult,0,0,0,1,Normal,1,0.4418582667866637,0.004958488538502022,0.912757644075076,0.215860840778913,0,0,0,0,0,Stage 1,Stage 2,Prediabetes,Prediabetes,0.6622841130590249,0.49438784653876244,0.2122032318344551,0.9264015931215452,0.33705126002520935,0.12653007019741394,0,0,1,0,0,1,0.3445206888284626,0,0,0,0.8757103507673462,0,0,0,3.4837104039524918,6.390866882380174,0.8896164711889432,0,Confidential,0.6295874159277245
6040,Senior,1,0,0,2,Normal,0,0.36663350457779387,0.0122598360211391,0.5500920882541663,0.2855654821602511,1,0,0,0,0,Normal,Normal,Diabetes,Diabetes,0.8963699502498985,0.579881213266472,0.9663918587897455,0.641000034841192,0.144488195309259,0.3196162457542724,0,0,0,0,0,0,0.9646230128289587,0,0,0,0.6962368040148108,0,0,0,1.1599908545153537,2.100690275326316,7.883877841271013,1,Confidential,6.6883793289915765
6041,Senior,0,1,1,2,Obese,0,0.3766353486767826,0.6906489073530618,0.10410980225444914,0.9485433459027849,0,0,0,0,0,Stage 2,Stage 2,Normal,Normal,0.9419148044398837,0.653780294512614,0.9107560605222131,0.584459215558524,0.2427482656826655,0.5031193866246777,0,0,0,1,1,0,0.5225879852657073,0,0,0,0.6172112653356858,0,0,1,1.6109390066863458,6.650496887266194,8.296148096686547,0,Confidential,3.7518540367773663
6042,Middle-aged,0,0,0,1,Overweight,0,0.709467072680023,0.4890058821957699,0.5733612470992961,0.4053763939430691,0,0,0,1,0,Stage 2,Stage 2,Diabetes,Normal,0.5256452605809826,0.4815099779486296,0.6134665401236108,0.08301775814895229,0.7766768927870897,0.1276351538966509,0,1,0,1,0,0,0.03859902996468284,0,0,0,0.28648487360526176,0,0,0,1.2360682617114058,9.13653097953508,8.30430132535492,0,Confidential,0.7898606818624385
6043,Senior,1,0,2,3,Normal,1,0.5645507633471976,0.9732553076067122,0.33721961712452136,0.7745934166336607,0,0,0,1,0,Stage 1,Normal,Prediabetes,Diabetes,0.06045670949985864,0.7796386553567388,0.18805640000453017,0.26624027710942727,0.799691941958327,0.5798607904188976,0,0,1,0,0,0,0.21642826120861078,0,0,0,0.35334386979200294,0,0,0,0.8460793985147266,2.8212246855780663,1.917606810506982,0,Confidential,0.23516105407290702
6044,Senior,1,0,1,2,Normal,0,0.716154691172127,0.07124122434159219,0.8205564449218807,0.6703344830566117,0,0,0,1,0,Stage 2,Stage 2,Normal,Diabetes,0.6635215993623137,0.8360067952970486,0.8084460037246808,0.819697170956794,0.07028075463556988,0.04512607166846028,0,1,0,0,0,0,0.1825212962551043,0,0,0,0.12614397104706004,0,0,0,2.196152726349815,4.905957603293802,4.7374277802252,0,Confidential,11.503092246472795
6045,Middle-aged,1,0,1,3,Obese,0,0.13025048926749147,0.3125434043974556,0.6368498353754033,0.0671128884505574,0,0,0,0,1,Stage 2,Stage 2,Diabetes,Diabetes,0.8078114509519084,0.6603533480902339,0.07091905454877079,0.7888393541816252,0.43122391837329954,0.13202093332374956,1,1,0,1,1,0,0.847061575497104,0,0,1,0.24482272680376652,0,0,1,1.2848469832788716,8.356368663324785,8.277536219389187,1,Confidential,0.1644599279564497
6046,Middle-aged,0,0,1,2,Obese,0,0.169610319573003,0.7083552666432994,0.8373835711675294,0.061750593903864504,0,0,0,0,0,Normal,Stage 1,Diabetes,Diabetes,0.34807745725189254,0.008204837730259776,0.017325251078866843,0.13731276736407033,0.16805031614694288,0.889443893954494,0,0,0,0,0,0,0.446934653622409,0,0,0,0.8830709621137599,1,0,0,3.3552006825796985,3.255924224890967,9.90611178427311,1,Confidential,0.10309561728951272
6047,Senior,0,0,1,0,Normal,0,0.8776817715420094,0.7174112621290197,0.6217472627361049,0.38473157214848397,1,0,0,0,0,Stage 2,Stage 2,Prediabetes,Normal,0.7329275710506181,0.13924177227242174,0.6986089049603263,0.03785375910572858,0.5513848398286606,0.08993764647056751,0,0,0,0,1,0,0.5593335932351782,1,0,0,0.6405194916774938,0,0,0,1.0815772522779854,7.372972256710508,5.679013869506424,0,Confidential,1.2670078219368794
6048,Middle-aged,0,1,1,2,Underweight,0,0.5625016245024513,0.5625271151509417,0.5414100896447552,0.8134040724147485,0,0,0,0,0,Stage 2,Stage 1,Prediabetes,Diabetes,0.5185451086855489,0.9095200542723066,0.832921168850512,0.3550876551195576,0.4625091352079125,0.19377774699033098,1,0,0,0,0,0,0.303187433826361,0,0,0,0.8849350122494253,0,0,0,1.129457299231948,4.028559258413136,1.843904585801489,0,Confidential,1.8008750648267469
6049,Senior,1,2,1,2,Obese,1,0.5239563255885091,0.05595317144912957,0.5780609954635734,0.8046872405726014,0,1,0,1,0,Stage 2,Stage 2,Diabetes,Diabetes,0.04968231120982462,0.7529056625972208,0.5225573138125046,0.948557147450771,0.127761208594886,0.35199778936003756,0,0,0,0,1,1,0.44401895782462597,0,0,0,0.06091835070595204,0,1,0,3.8586686007015136,8.186693945423642,1.3495003352588877,1,Confidential,4.090109349775057
6050,Young adult,1,1,0,1,Normal,0,0.6803304123033257,0.7867917496687091,0.42443915450389424,0.2738935678528528,1,0,0,0,1,Stage 2,Stage 2,Prediabetes,Diabetes,0.05054693641175624,0.5516181736590121,0.48208100646716834,0.8593841458806069,0.9699590936440381,0.22004761562918043,1,1,0,0,0,0,0.10187469996242986,0,0,0,0.08679719567879052,0,0,1,3.638798100345253,7.277188749853698,5.167002755237729,0,Confidential,0.49701168804556367
6051,Middle-aged,0,2,2,2,Obese,0,0.5661771860548583,0.22208009683498708,0.3543953932856761,0.609675846950913,1,0,0,1,0,Stage 1,Stage 2,Diabetes,Normal,0.25802899158806164,0.5684360606763874,0.782620151544277,0.011861385690276893,0.7169138129213697,0.6654845220020507,0,0,1,0,0,0,0.7431741622201434,0,0,0,0.2359520935286003,0,0,0,1.579037214663959,7.419092403617059,5.116649959600399,0,Confidential,1.0916516566407877
6052,Middle-aged,1,1,0,2,Normal,0,0.6386593376491042,0.7219953288580594,0.15963241903263203,0.5698608846053516,0,0,0,1,1,Normal,Normal,Diabetes,Normal,0.7103242038025056,0.2883066320899591,0.9699743251087831,0.03494871375472225,0.6999298004503017,0.6006610064093603,0,1,1,0,1,0,0.6566584687228371,0,1,1,0.9092180444474512,0,0,1,3.8902364131609706,2.2995601605851954,9.192993185548309,1,Confidential,1.385816584012779
6053,Senior,0,1,1,3,Overweight,0,0.007955863438824316,0.2107624845610426,0.8782650137195865,0.34117746339395805,0,0,0,0,0,Stage 2,Stage 2,Prediabetes,Diabetes,0.8922020027655178,0.9671318597328299,0.8910985207416358,0.7151074602395342,0.6356125471383375,0.38456437673442445,0,0,0,1,0,0,0.2477107229364768,0,0,0,0.20582688095658372,0,0,0,3.802032219671218,3.3748306330155007,2.0784526908970182,0,Confidential,1.401952376103257
6054,Young adult,1,1,0,2,Normal,0,0.11820995489750316,0.29963086928532484,0.028460399620421028,0.7688355712021823,0,0,0,0,0,Stage 2,Stage 1,Diabetes,Diabetes,0.647778080086164,0.5881080087127286,0.2351646610896203,0.7789598256975085,0.13099530818048855,0.6826377353044168,0,0,0,1,1,0,0.6558963686789612,0,0,0,0.4241331900591141,0,0,0,2.071437042433728,9.948347828033576,1.932360471299589,1,Confidential,1.7952143810036667
6055,Senior,1,0,0,1,Obese,1,0.7502738064723804,0.048452810351746554,0.5858785779840849,0.22074136145767198,0,0,0,0,1,Normal,Stage 2,Normal,Diabetes,0.8377648875280113,0.4189002688300072,0.9227485014954062,0.4691710853781776,0.8454291499179616,0.7051962450243591,1,1,0,0,0,0,0.8375756332392961,0,1,0,0.007009942960148646,0,0,0,0.6251719742523805,9.143378283897851,8.93502149094121,0,Confidential,1.0914557436125163
6056,Young adult,0,0,2,3,Underweight,0,0.8039021458281834,0.9934649988570428,0.23563211660180033,0.6085611981064681,0,0,0,0,0,Normal,Stage 2,Diabetes,Diabetes,0.5917246722496508,0.4235513323457075,0.39147519642216766,0.8697518352876781,0.7000143933013947,0.63222054735665,0,1,0,0,0,0,0.6907485140480772,0,0,0,0.7211915202463722,0,0,1,3.430087686420125,4.337943489759799,2.2832361603141216,1,Confidential,0.5592387816140462
6057,Young adult,0,0,0,3,Obese,1,0.7248270233885383,0.5214813313115724,0.46173494027072665,0.1439873443534927,0,0,0,0,1,Stage 2,Stage 2,Normal,Normal,0.9361178780075026,0.9922772827226151,0.5518649087347693,0.044770565823064656,0.7150478114887858,0.2193668491509244,0,0,1,0,0,1,0.9659245412353964,0,0,0,0.10354998281319344,0,1,0,3.61424895230613,9.933539081202804,8.422400344288848,0,Confidential,0.7717874243762011
6058,Senior,1,0,2,1,Normal,0,0.9948545316081514,0.31378794490253226,0.5575307231921625,0.8357612218809666,0,1,0,0,0,Stage 2,Normal,Diabetes,Prediabetes,0.8100341454923025,0.19061966210252973,0.3338301292135335,0.3407866338557068,0.7417885770442996,0.025618976364338242,0,0,0,1,0,0,0.1709652317057044,0,0,0,0.018789420440944494,0,0,0,0.3095623922690245,7.227927397762,0.3876120108031944,0,Confidential,0.4500340656952408
6059,Senior,1,3,2,0,Obese,0,0.3429991520046349,0.8210478870538839,0.9769237360084864,0.7030434461422636,0,0,0,0,0,Stage 1,Stage 2,Normal,Diabetes,0.07174335534730604,0.5542363391808869,0.2777677996029755,0.5051233426667205,0.851821629826115,0.7299548268381628,0,0,0,0,0,0,0.04344656519542287,0,1,0,0.5864341326734075,0,0,0,1.3974083588036192,3.442890010735933,6.444295048480005,0,Confidential,0.32608681192995426
6060,Young adult,0,2,1,1,Overweight,0,0.0735504669613581,0.3937290288336705,0.03150839532748467,0.8861706999716205,1,0,0,1,0,Normal,Normal,Diabetes,Diabetes,0.7877773670222261,0.06096421612686627,0.3378147532299134,0.36335934703876765,0.506912300151657,0.1898691721103106,0,0,1,0,0,0,0.22243204123004415,0,0,0,0.5484549653700084,0,0,0,0.7993523774692486,2.864709627988393,3.23120059443579,1,Confidential,0.6664165638293776
6061,Young adult,0,2,0,2,Obese,0,0.9900137980611827,0.8123202442804278,0.77459858301925,0.2895825517655011,0,0,0,0,0,Normal,Stage 2,Diabetes,Diabetes,0.2752123215773123,0.29928072318556936,0.3613819458131402,0.1242305935473712,0.7865792006889982,0.8132234510479434,0,0,0,1,1,0,0.7796659303520523,0,0,0,0.8077492106998485,0,0,0,2.0491609490497456,9.368671393274028,0.9091756890965552,1,Confidential,0.45943491195367275
6062,Young adult,1,0,0,3,Normal,1,0.19257466286868394,0.17911378126505337,0.6777628570476727,0.7525544861559729,0,0,0,0,1,Stage 1,Stage 2,Normal,Diabetes,0.43697872618636424,0.7792611115039838,0.484781744166082,0.2962562734566397,0.44780984784929456,0.8524170377005356,0,1,0,0,0,0,0.8899929790634871,0,1,0,0.3884342344439533,0,0,0,0.5702400461489043,7.320392692729606,6.833143659461288,0,Confidential,1.08256159728142
6063,Senior,0,0,2,2,Obese,0,0.5450930482382232,0.2694147321237094,0.08505070266145888,0.09524023416146044,0,0,0,0,0,Stage 2,Stage 2,Diabetes,Diabetes,0.08007270447165805,0.17854134914836906,0.9854152929980005,0.4506256487317101,0.556805349409974,0.2071787355978927,1,1,1,0,0,1,0.6301640470733118,0,0,0,0.5493298604908462,0,1,0,1.853603124543329,0.2573371429903826,0.4534542674804509,1,Confidential,1.7697662101167106
6064,Senior,1,0,2,1,Normal,0,0.024647381015430462,0.6231286346302236,0.2990868590656244,0.303295644507087,0,0,0,0,0,Stage 2,Stage 1,Normal,Diabetes,0.8580921708878849,0.4777870621425273,0.05551101280434012,0.3541216232228513,0.9889262275859196,0.8063830819810698,0,0,0,0,0,0,0.07581613298188203,0,0,0,0.7464494751230761,0,0,0,3.2152772109778565,8.033125127945617,5.277868365155811,0,Confidential,0.05613261258107064
6065,Middle-aged,1,1,1,3,Overweight,0,0.8544512338319861,0.6290892322962829,0.26646581180278156,0.5405673936836856,1,0,0,0,0,Stage 2,Stage 2,Diabetes,Prediabetes,0.28065249035957285,0.17016535766127,0.03653383181954739,0.3804527370953306,0.13438985169962453,0.9897442567264472,1,1,1,1,0,0,0.4186254085915575,0,0,0,0.2883853271413016,0,0,0,2.070631239863279,4.443488460821444,9.141735681111356,0,Confidential,0.2718496326731899
6066,Middle-aged,0,1,0,2,Obese,1,0.15499714387590682,0.0055915143865400705,0.16027081367342103,0.17444554465328022,0,0,0,1,0,Normal,Stage 2,Normal,Diabetes,0.969285985898473,0.18129544633978245,0.23559850084104528,0.49154181753150755,0.9532152426779696,0.7298621001801356,1,1,1,1,1,0,0.9978155954996607,0,0,0,0.04347385491968793,1,0,0,1.9251924395961737,3.1418687763554365,4.05691622900175,1,Confidential,0.24716191085987377
6067,Senior,1,2,2,2,Normal,0,0.9588852897737955,0.5450371954621631,0.37280152320190796,0.6622766793683931,0,0,0,1,1,Normal,Stage 2,Normal,Diabetes,0.7309214370372512,0.20792924054470885,0.2939788173616251,0.6450147307225549,0.10724184744440474,0.6282982962936545,0,0,0,0,1,0,0.7935169945955787,0,0,0,0.7807354563565987,0,0,0,3.450018803564169,2.979847848995991,9.19160103420322,1,Confidential,2.7412696103918455
6068,Senior,0,0,2,3,Obese,1,0.26439268024021545,0.8774914694793569,0.49338952659016233,0.3516140015445405,1,0,0,0,0,Normal,Normal,Diabetes,Normal,0.17978130029754974,0.21887474076601826,0.4198837865544103,0.9001798875183136,0.026244961942850864,0.44805804519584036,0,1,0,0,0,0,0.22821020822221985,0,0,0,0.4197730088698699,0,0,0,2.9802685792575847,6.393229834541005,8.985773869784403,0,Confidential,15.998643376535234
6069,Senior,0,0,2,1,Normal,0,0.5419771358528609,0.5535954699616393,0.2690440609208243,0.07940677463506263,0,0,0,0,0,Normal,Normal,Prediabetes,Diabetes,0.33527188730495344,0.8534616832119931,0.21403432336708272,0.7090922828481112,0.09672664029904682,0.22334973859302618,0,0,0,0,0,0,0.5974465277556662,0,0,0,0.7742945660238324,0,0,0,1.618876421362106,6.197428340502006,0.1356883475125891,0,Confidential,2.2127753295819983
6070,Young adult,0,0,0,2,Obese,0,0.38127547606239204,0.3456863206979521,0.561617416737973,0.7014701976052812,0,0,0,0,0,Elevated,Normal,Normal,Prediabetes,0.237624670044495,0.5943137322661309,0.7347390731292909,0.5347654629180199,0.25987849123456264,0.14272786053743128,1,0,0,0,0,0,0.018923566035458594,0,1,0,0.38087922771890165,0,0,0,0.164548027910536,1.3269704405298866,3.34528273862614,0,Confidential,2.827240798724377
6071,Senior,0,0,0,3,Normal,1,0.011231297446861048,0.9143612680707707,0.2707017559190777,0.25020599773947805,1,1,0,0,1,Normal,Stage 2,Diabetes,Diabetes,0.30526995690194275,0.6742405474651793,0.9906492690472046,0.29648860994998466,0.106936963168625,0.9486102007606516,0,1,0,0,0,0,0.7778503199923282,0,0,0,0.9884577761882003,0,1,0,1.1788204633618915,8.394877240389654,3.2914555527134928,1,Confidential,9.263861995829132
6072,Senior,0,2,1,2,Normal,0,0.22324800868719255,0.80483469203177,0.2875105568904444,0.5176969160295019,0,0,0,0,0,Normal,Stage 1,Prediabetes,Diabetes,0.07863504371780962,0.932321357314389,0.18952033137375768,0.5954970756632896,0.9051364032481364,0.13735419643915184,1,0,0,0,1,1,0.24313526676737562,1,0,0,0.33798632137713297,0,0,0,1.5631949338284,7.314997925385649,7.311315450649757,1,Confidential,0.2093831721867031
6073,Young adult,0,0,1,1,Normal,0,0.13116755692403534,0.7212868496920115,0.05167854327520487,0.48290669393363606,0,0,0,0,0,Normal,Stage 2,Prediabetes,Diabetes,0.9609964071495183,0.3106289125556923,0.6016254799758727,0.24461373503633949,0.07666336671406043,0.08944695295562227,0,0,0,0,0,0,0.490964085032874,0,0,0,0.6937747618651415,0,0,1,1.8810846899287283,9.5986463789065,8.178316844522374,0,Confidential,7.847626653546532
6074,Young adult,1,1,1,2,Overweight,0,0.5686189121287596,0.3427552065578895,0.21516857870331726,0.01854646700530327,0,0,0,0,0,Elevated,Stage 2,Diabetes,Prediabetes,0.3683739350676188,0.18277813340033716,0.7855122824700986,0.6210027078482832,0.006473523381996138,0.7184012874504173,1,0,0,0,0,0,0.4275386186524531,0,0,0,0.7140897590106787,0,0,0,2.411542204194523,1.4249650875124795,2.599134100291685,0,Confidential,121.34231022548383
6075,Young adult,1,0,2,3,Obese,1,0.9930306171879045,0.28714530941520927,0.8643064228914966,0.39631081076823926,0,0,0,1,0,Stage 2,Stage 2,Normal,Diabetes,0.37208195047384485,0.6273104581000208,0.32618960717701406,0.42571119764324034,0.2658822037825206,0.10174824849803929,0,0,0,1,0,0,0.44369678943395,0,0,0,0.1035589985052659,0,0,0,1.0839635604011129,2.0305797049858363,4.750897732295819,0,Confidential,1.2268200072684148
6076,Senior,1,0,2,1,Normal,0,0.6643503129359852,0.7066223383208003,0.14646860306481088,0.6222084257540333,0,0,0,0,0,Normal,Stage 2,Diabetes,Diabetes,0.2849341770439031,0.6051950101437712,0.7635311350958476,0.0860228971351773,0.41766836933984874,0.760459025873016,0,0,0,0,1,0,0.4190740226498139,0,1,0,0.6619500612751348,0,0,0,3.704644029222439,1.0952114634639976,5.524609668573428,1,Confidential,1.8280798622664598
6077,Middle-aged,1,0,1,1,Underweight,1,0.6245421741880001,0.8354765374155245,0.6088361524419049,0.20510469468994752,1,0,0,0,0,Stage 2,Stage 2,Diabetes,Diabetes,0.5433444110705096,0.02550928369657933,0.8805453627570166,0.8524427817874107,0.7266661428503313,0.920011276132868,0,1,1,0,0,0,0.02822106006474289,0,0,0,0.670017241953272,0,0,0,0.4639265283972515,7.111504122132489,1.312292279451076,1,Confidential,1.2117605470142006
6078,Middle-aged,1,0,1,1,Underweight,1,0.3207507737897298,0.338130661792603,0.07188772527209342,0.9319295221984637,1,0,0,0,0,Stage 2,Stage 2,Normal,Normal,0.9448332468081029,0.6748825698437744,0.7921210390492914,0.23816489023002368,0.07704376424005194,0.6925666954081642,0,1,0,1,0,0,0.27780652299198116,0,0,0,0.8869666141210244,0,0,0,2.7155622510960185,6.534160201425268,1.234523185425335,0,Confidential,10.281442591268142
6079,Senior,1,0,1,1,Normal,0,0.7846910718447488,0.29737113688955075,0.4294538689695634,0.5081067959696645,0,0,0,0,0,Normal,Stage 2,Normal,Diabetes,0.27973759974315576,0.5074673675133647,0.8410795861398694,0.8304586596242891,0.4334143539882189,0.005803101818496081,0,1,0,0,0,1,0.37885107953219604,0,0,0,0.13380258861673142,0,0,0,1.5798128550870263,2.7436844430636964,7.27295042761516,0,Confidential,1.9405900575289476
6080,Senior,0,0,2,1,Overweight,0,0.5188164267879629,0.8213242247803669,0.21735713583815983,0.9823552278336368,1,0,0,1,0,Stage 2,Stage 1,Diabetes,Diabetes,0.13391798319683113,0.13715081767958692,0.21560742825410717,0.5007527260320261,0.3479678940762766,0.5051831791413476,0,0,1,1,0,1,0.3752251139288455,0,0,0,0.8272801696433728,0,0,0,3.0613124138480714,4.287329544167696,0.1195106364298204,1,Confidential,0.6196187404773751
6081,Senior,0,3,0,0,Overweight,0,0.6289383717518344,0.5048165342650311,0.07093843218386373,0.9048385850890271,1,0,0,0,1,Stage 1,Stage 2,Prediabetes,Normal,0.6118942253090153,0.1335986533551045,0.8034919498772977,0.42615675904799116,0.7068677108682423,0.359029917588081,1,1,0,0,0,1,0.7777903519916671,1,1,0,0.3395351813260397,0,0,0,3.110731182215347,0.1507686344197856,6.71086980701538,0,Confidential,1.1366935248610694
6082,Senior,1,0,2,2,Normal,1,0.6081558422567439,0.1006741408700903,0.6453446026603948,0.032806429725999564,0,0,0,1,0,Normal,Stage 2,Diabetes,Normal,0.05892018898630126,0.36591252001738245,0.5267068112338484,0.40107538784956126,0.9170681418391973,0.2805491783256804,0,0,0,0,0,0,0.11436906075200412,0,0,0,0.053011217511547935,0,0,0,1.4508902223938578,3.789294973913057,6.509059014705619,0,Confidential,0.5743377042599344
6083,Young adult,0,0,0,0,Overweight,0,1.0,0.05869177548293716,0.1797929919608076,0.15637235736723043,1,0,0,0,1,Elevated,Stage 1,Diabetes,Diabetes,0.7299304821040109,0.3665937167401418,0.7319255501732091,0.45668620769297935,0.3172365474210408,0.28861026920525135,1,0,0,0,0,0,0.4755753262299538,0,0,1,0.7126359790399831,0,0,0,0.4149161223605397,3.931951053144223,8.648691302757591,1,Confidential,2.307191766280911
6084,Middle-aged,1,0,1,0,Normal,1,0.3188588261559015,0.10309326086535575,0.14605625911327588,0.851267996219245,0,0,0,0,0,Stage 1,Stage 2,Diabetes,Normal,0.4610106296680734,0.7312353607509853,0.36895224047352104,0.5830762206313442,0.4501917345125924,0.035251220809101286,0,1,0,0,1,0,0.9308232178921864,0,0,0,0.9725993902450386,0,0,0,0.4116964795039055,7.706457051097768,1.6933444508215234,0,Confidential,0.8195446788310614
6085,Senior,1,3,0,3,Obese,0,0.08211798516844143,0.5697835675225381,0.22303327039894663,0.44264654990905294,0,0,0,0,0,Normal,Normal,Diabetes,Normal,0.06208947715655887,0.157945132618789,0.7140642609914853,0.1501304111015706,0.9491698231405585,0.08775572569630255,0,1,0,1,1,0,0.18090909787606865,0,0,0,0.4473979106416679,0,0,0,1.7888938100254328,1.201034772410391,9.094939823389392,1,Confidential,0.7523040067043331
6086,Middle-aged,0,0,1,0,Overweight,1,0.3975908477912725,0.9939263728464154,0.13492636245116363,0.3431939059393482,1,0,1,0,1,Stage 2,Normal,Prediabetes,Diabetes,0.6159379693291915,0.8158424072901641,0.03990066944368875,0.4629723893162448,0.7767932607282719,0.5433288746768056,1,1,0,1,0,0,0.807661646710495,0,0,0,0.40625698843148805,0,1,0,1.5742323436119308,2.767614298096437,3.817418292090214,1,Confidential,0.05136588003644679
6087,Senior,0,0,0,2,Normal,0,0.5635639130350398,0.18569750203859095,0.315299127018114,0.9694658795644674,0,0,0,0,0,Stage 2,Stage 2,Diabetes,Prediabetes,0.8719782551179888,0.36202430762801574,0.878338477450064,0.8999525856377006,0.9090323663285129,0.8767570591747285,0,1,0,1,0,0,0.9424057901452412,0,0,0,0.8540002530567484,0,1,0,2.205316869195542,9.109508780139612,9.007853165684931,0,Confidential,0.9662345478385788
6088,Senior,0,1,0,2,Normal,0,0.02948348286403856,0.4662940492239452,0.7833149226617274,0.7452161139537129,0,1,0,0,0,Elevated,Normal,Diabetes,Normal,0.820967765718391,0.1828922150161309,0.2737730580783171,0.24092524485248484,0.9995291899552878,0.740088170293445,0,0,0,0,0,0,0.1801238426207798,0,0,0,0.310712195566526,0,0,1,0.5402119421960481,7.653960590130248,9.508439053054056,0,Confidential,0.273902013897727
6089,Middle-aged,0,0,1,2,Overweight,1,0.2842495717309738,0.24476414155075837,0.1482494960837979,0.5788298536250588,0,0,0,0,0,Stage 2,Stage 2,Diabetes,Diabetes,0.14566519934581768,0.4183351550302019,0.44654155351919855,0.07460847455094521,0.7272947396284822,0.2441713568321456,1,1,0,0,0,0,0.4901127605311844,0,1,0,0.9313030258997921,0,0,0,3.292803612371116,8.250143703433361,3.072855868451425,1,Confidential,0.613976052882359
6090,Young adult,0,3,1,1,Obese,0,0.15308341220803476,0.3722831081440076,0.5121587305952378,0.06393907732869974,0,0,0,1,0,Normal,Normal,Normal,Normal,0.07927229385802843,0.8572462526175526,0.04030614639625352,0.8721153457879902,0.6068348211939416,0.35825418258321373,1,0,1,0,0,0,0.1262564010857517,0,0,0,0.7051291772241117,0,0,0,3.08066507362289,6.309297514033824,1.868837124551087,0,Confidential,0.06642029262090064
6091,Senior,1,0,0,2,Normal,1,0.3816152985973942,0.9144726368159848,0.6141178064862106,0.5264052515572423,0,0,0,0,0,Stage 2,Stage 2,Prediabetes,Diabetes,0.7336792687079173,0.3716095289164386,0.1411968423685821,0.9251222236652263,0.1079949373987375,0.902144446295267,1,0,0,1,0,0,0.35645106771862956,0,0,0,0.6135817458123208,0,1,0,0.7459178630503582,8.475455492283285,7.766306883851906,0,Confidential,1.3074394575299113
6092,Senior,1,0,1,1,Overweight,0,0.15388841834800487,0.9728013497143021,0.6822637886499078,0.7671765941271144,0,0,0,0,0,Elevated,Stage 2,Prediabetes,Normal,0.010229376940628601,0.19176282606964778,0.10022001019263072,0.9615184976914668,0.29802350269690703,0.6052006652267379,0,1,0,0,1,1,0.863889792966832,0,0,0,0.3853374057738758,0,0,0,3.93165677367212,4.977638278056392,1.4454743051439722,0,Confidential,0.33628223709106425
6093,Young adult,0,0,0,1,Underweight,1,0.4858231040252148,0.5930400442906911,0.13727594508465296,0.2092285248445105,0,0,0,0,1,Normal,Stage 2,Prediabetes,Diabetes,0.10959711035580956,0.8868574180548021,0.7716725513209346,0.757946616280134,0.39238863902730625,0.3340772872246328,1,0,1,1,0,0,0.33805160076506,0,0,0,0.08481119397427794,0,0,1,1.5122071306309244,4.696113617501949,5.439629116994809,1,Confidential,1.9666026856277916
6094,Senior,0,2,0,3,Obese,0,0.2527970298918457,0.49318911369518764,0.8975251739980112,0.18111056571189244,1,0,0,0,0,Normal,Stage 2,Diabetes,Diabetes,0.8401843294794908,0.5709109435060976,0.08310391493039271,0.3346446445366679,0.5586104535685253,0.3024583574297355,0,0,0,0,0,0,0.5367521867296876,0,0,1,0.4336592752154304,0,0,0,3.442098253231105,5.074905003549736,7.607555524797633,1,Confidential,0.14876899349001935
6095,Middle-aged,1,2,0,2,Normal,0,0.5311404369837862,0.9593683767235183,0.9390544346280733,0.7407833685300701,1,0,0,0,0,Normal,Stage 2,Diabetes,Diabetes,0.9727125905354821,0.7592930852544845,0.7271464325707577,0.544126687016776,0.7538891702832835,0.21914371417588493,0,0,0,0,0,0,0.8653802905078956,0,0,0,0.4987630320632048,0,0,0,2.5864111048138314,0.6450886002476275,9.1974164394164,1,Confidential,0.9645269639534988
6096,Young adult,0,2,2,1,Obese,0,0.89061898543337,0.616904997864482,0.895249708604771,0.3705198919374916,0,0,0,0,0,Stage 1,Normal,Diabetes,Normal,0.017030116883651983,0.851424009329735,0.7053000223399761,0.297025272975394,0.25063319303351894,0.5768485545717033,0,0,0,0,1,0,0.9587931077485586,0,1,0,0.45623674093993993,1,0,0,2.275536584025176,3.746094479467136,7.670684103699989,0,Confidential,2.814072684481386
6097,Young adult,1,1,2,0,Underweight,1,0.20220250696382708,0.6666604916991657,0.5403596792768292,0.30677276651174756,0,0,0,0,0,Normal,Stage 2,Diabetes,Normal,0.05219876243668943,0.5763411272740457,0.28532228889560907,0.7908404890991705,0.16193349793929118,0.7614133858210653,0,0,0,0,0,0,0.2691536851390272,1,0,0,0.6330053768649164,0,0,0,1.0774726121715958,5.916911648948759,6.627184651726285,0,Confidential,1.7619719979282873
6098,Middle-aged,0,3,1,1,Obese,0,0.8707666867919076,0.7432451208394346,0.4189679575699295,0.10987078364439684,1,0,0,0,0,Stage 1,Stage 1,Prediabetes,Diabetes,0.960085729955592,0.08798574970671418,0.6918411640633975,0.44510807407110436,0.9175330998612254,0.4639259387656479,1,0,1,0,1,0,0.5178006999554989,0,0,0,0.9532062583145771,0,0,0,1.134612245121419,5.680173693576339,0.482823190225583,0,Confidential,0.7540231128098122
6099,Middle-aged,0,3,1,2,Overweight,0,0.24986916718981786,0.7221916435881403,0.8911241411240225,0.6948917885888394,0,0,0,0,0,Stage 1,Stage 2,Diabetes,Diabetes,0.13142636927455864,0.2945952042616271,0.4063541317456969,0.5720027585978695,0.13752884193868836,0.797103028201955,1,0,0,0,0,0,0.060801691758716365,0,0,0,0.8430105082061452,0,0,0,3.948955760865296,7.937492561794096,3.388016336705724,1,Confidential,2.9546830033430616
6100,Senior,0,2,1,0,Obese,1,0.08993465220225731,0.25632520601602793,0.22162615632834767,0.13965749504334757,0,0,0,0,1,Normal,Stage 1,Diabetes,Diabetes,0.26852966530068123,0.005916620973914363,0.13209529302186773,0.06621032287118278,0.9778426081153433,0.6182911201944298,0,0,0,0,0,0,0.9345189894327306,0,1,0,0.7898536682967028,1,0,0,0.2022647691786647,7.754410308415258,9.167593225631627,1,Confidential,0.13508850189752233
6101,Senior,1,0,1,3,Overweight,1,0.30658207199296456,0.680409232387049,0.17142670622686265,0.5222491256621783,1,0,0,0,0,Normal,Normal,Prediabetes,Diabetes,0.7965624392769465,0.4535629927540462,0.21013135574310327,0.15520092301473376,0.9932704539687567,0.7484753563008504,0,0,1,0,1,1,0.5196780753538808,0,0,0,0.18778835656068157,0,0,0,1.4365235919669177,8.645364728957476,1.4654978668228724,1,Confidential,0.21155502502213053
6102,Young adult,0,0,1,2,Overweight,0,0.6518084717607376,0.3792650809169701,0.6880144650027827,0.4499223710056349,0,0,0,0,0,Elevated,Stage 2,Diabetes,Normal,0.880264299492612,0.8134209065493175,0.290321303109665,0.6489596684093539,0.7421455660357861,0.577342296556646,0,0,0,0,0,0,0.3271998407834119,0,1,0,0.770337583372711,0,0,0,0.9557479667566358,6.202196051159206,5.92850807039229,0,Confidential,0.3911918583040699
6103,Middle-aged,0,0,1,2,Overweight,0,0.6285357506057881,0.6681386491455411,0.4400796710968071,0.67137853145941,0,0,0,1,0,Stage 2,Stage 2,Diabetes,Diabetes,0.5784646026278906,0.21372219099865775,0.8837370879725952,0.023772722310476002,0.46742582610206407,0.1274953520681755,0,0,0,0,1,0,0.4331509133064071,0,0,0,0.35370923447643393,0,0,0,3.689403255859266,4.571506476379135,2.0954979143686634,1,Confidential,1.8906466836507834
6104,Young adult,1,1,1,2,Normal,1,0.053730547721739505,0.37568504410206116,0.6851482642317313,0.9335486928081803,1,0,0,0,0,Normal,Stage 1,Normal,Diabetes,0.44045479619635,0.6501386785813057,0.8886279390050007,0.3188215884338433,0.6580615636026792,0.9481380520792879,0,0,0,1,1,0,0.9531237876602598,0,0,0,0.7191315309171551,0,0,0,0.3924361907616651,9.24715076064346,7.574047643432723,1,Confidential,1.3503720444331127
6105,Senior,1,0,0,2,Underweight,0,0.388618592832585,0.24739962881120128,0.5420571501607152,0.7780598045361907,0,1,0,1,0,Stage 1,Stage 2,Normal,Diabetes,0.482514339294151,0.7118518534111918,0.2368929589720321,0.13340488844289844,0.08104401169198594,0.6555911436411476,0,0,0,0,0,0,0.3817626416412035,1,0,0,0.5604604949485442,0,0,0,2.933693696071068,6.995618769845514,4.814741336830695,0,Confidential,2.923016198560878
6106,Middle-aged,0,2,1,2,Overweight,1,0.18115700818293512,0.45138269050591023,0.9950288622512395,0.26648294512972837,0,0,0,0,1,Normal,Normal,Diabetes,Normal,0.3612996046280492,0.15549487433112374,0.7030961446862798,0.6548665101992128,0.5514839869572706,0.20997021922569994,0,1,1,0,0,0,0.050236380378654986,0,0,0,0.14593270891785773,0,0,1,0.0040134703333309,1.8297624181576644,7.497238579634003,0,Confidential,1.2749166998764665
6107,Senior,1,1,2,2,Obese,0,0.5367752945922439,0.0652772423241449,0.6716940521280852,0.7622251608840566,0,0,0,0,1,Stage 2,Stage 2,Diabetes,Prediabetes,0.5810353031047315,0.7963973490548119,0.08623996851687288,0.8944470516620213,0.5250009297843673,0.3119007083308536,0,1,0,0,1,0,0.6674704221911197,0,0,0,0.42124943334255743,0,0,0,0.2062299671113674,8.356534603471541,9.360547727703253,1,Confidential,0.16426631578022932
6108,Young adult,1,0,0,1,Normal,0,0.593232589882249,0.6394678510182389,0.3231573375045407,0.6795439657847319,1,0,0,0,0,Elevated,Normal,Diabetes,Normal,0.3594131855181756,0.281233448379909,0.7696148242276726,0.6037973410102282,0.31686702511128384,0.23505129773694552,1,0,0,0,0,0,0.38382376383583444,0,1,1,0.4683051318900102,0,1,1,3.046626221890263,6.433229893736495,2.07164492630802,0,Confidential,2.428825858283561
6109,Young adult,0,1,1,1,Obese,0,0.9599954252233275,0.72519903251718,0.0971614843683844,0.051621963436642604,1,0,0,1,1,Normal,Stage 2,Diabetes,Diabetes,0.7061047831836412,0.7997065420729491,0.12227117315070601,0.24743976812089313,0.2923665605744835,0.5280433787834001,0,0,0,0,0,0,0.990806593376188,0,0,0,0.7297555925310026,0,1,0,3.613776037278159,7.990259137927022,9.927730759026453,1,Confidential,0.41821189437824274
6110,Senior,1,0,1,2,Obese,0,0.513939173044616,0.23027617280037144,0.0671422726000613,0.19834027364130513,0,0,0,0,0,Elevated,Stage 2,Diabetes,Diabetes,0.8229201639412975,0.5425248652736796,0.752605340703266,0.7814821893495187,0.8467469419184426,0.7082811538936041,1,1,0,1,0,0,0.718720694159246,0,0,0,0.5979144900264698,0,0,0,0.7808456350973545,9.06769708964402,0.3665799707550388,1,Confidential,0.8888196737954749
6111,Middle-aged,0,0,2,1,Overweight,0,0.5852846625991834,0.8727277749165545,0.3072982138901334,0.5716620992357074,1,0,0,1,0,Stage 2,Normal,Prediabetes,Diabetes,0.0240699949416628,0.7977273412153132,0.4551667588369692,0.9316422638668933,0.5967786129490075,0.3533767175417798,0,1,1,0,0,0,0.6300072095138444,0,0,0,0.3753212601140425,0,0,0,0.0191516719862128,1.5019774374600237,8.682150140488524,0,Confidential,0.7627062179519853
6112,Senior,0,2,0,0,Normal,0,0.5799135851896592,0.26591770357922834,0.9386495392852788,0.015988986715520626,0,0,0,0,0,Stage 2,Stage 2,Normal,Normal,0.5196820535701404,0.29061451212066275,0.8637993243327713,0.5223234968714603,0.06470088546063779,0.1960711368328614,0,1,1,0,0,0,0.7587532729294343,1,0,0,0.8295118953121791,0,0,0,2.4002223367847355,7.56643997256565,7.226595282228723,0,Confidential,13.350656921971844
6113,Middle-aged,0,3,0,3,Obese,0,0.551992615992363,0.5123061132059691,0.4163562439005701,0.8458175998120477,0,0,0,0,0,Stage 2,Stage 1,Diabetes,Diabetes,0.72312464281846,0.8354099806490658,0.9823131235823204,0.11333831794105376,0.30911663470916007,0.6628925998711602,1,1,0,0,1,0,0.6115949175651794,0,0,0,0.8162010091088102,0,1,1,1.7041594677234166,6.834229831649643,9.873760847867311,1,Confidential,3.1778073816912302
6114,Young adult,0,0,1,3,Obese,1,0.9163979260548019,0.5813026211968672,0.31630866095111637,0.33531439201881474,0,0,0,1,1,Normal,Normal,Diabetes,Normal,0.11791696689029806,0.4170252724079916,0.5850720309725492,0.6752583538076999,0.1077028218063188,0.36837980970522133,1,0,1,1,0,0,0.8120451632770357,0,0,0,0.37978050689829573,0,0,0,1.7311583889531557,2.5683143090449647,6.808897905041048,1,Confidential,5.43228135679379
6115,Middle-aged,1,0,1,0,Normal,1,0.3602461967468439,0.955138869082318,0.5410728037492261,0.3947473686279227,0,0,1,0,0,Normal,Normal,Normal,Diabetes,0.4520928626466604,0.4331956005364346,0.7348931265861338,0.24032679548089514,0.040071623862246,0.7609237751688726,0,0,1,1,0,0,0.3367859644179319,0,0,0,0.9247309670655178,0,0,0,0.0961055471405885,5.753475710564082,9.165970224799985,0,Confidential,18.33948953784533
6116,Young adult,1,0,2,1,Normal,1,0.7316190378274418,0.33110414062465676,0.2978043933440621,0.6549396618379587,0,0,0,1,0,Stage 2,Stage 2,Diabetes,Normal,0.11231862843360739,0.5889882888537398,0.34852425609169924,0.052622836643612114,0.45163317964133864,0.9972111777753734,0,0,1,0,1,0,0.9005672591556743,0,0,0,0.33677364420147227,0,0,0,2.342872956205864,8.786107616953732,9.537892566592848,0,Confidential,0.7716976338374372
6117,Middle-aged,0,0,1,1,Obese,1,0.9027569611881058,0.9672978922456511,0.15085444671216824,0.35689521736957663,0,0,0,0,0,Elevated,Normal,Diabetes,Normal,0.029563965246695287,0.15677006486577966,0.6008134648927739,0.5512341740683933,0.5068194212972875,0.8225461662452551,1,0,1,0,0,0,0.8493254058290807,0,0,0,0.5657736159106748,0,0,0,2.364004393489908,7.144620807428979,5.632918206785341,0,Confidential,1.1854586459115817
6118,Senior,0,0,1,2,Normal,0,0.9242587244616298,0.7202073188190502,0.8570529095385186,0.9541253431365003,0,0,0,0,0,Stage 2,Stage 2,Diabetes,Diabetes,0.39857888151391874,0.2848134594048354,0.49399613316579893,0.5852899943057581,0.05468108113573855,0.3624245829062672,0,1,1,0,0,0,0.05093429467553225,0,0,0,0.9441666417137538,0,0,0,0.920080652985507,3.79454658664675,5.729271532056293,1,Confidential,9.034132517232402
6119,Senior,1,2,1,3,Overweight,0,0.13600664287162106,0.8215967623154026,0.5043726607491911,0.9035381849956731,0,0,0,0,0,Stage 2,Stage 2,Diabetes,Normal,0.47310901138584494,0.6896916369600804,0.5331989909313273,0.44905039387249174,0.14015474093546343,0.7051211464215444,0,1,0,0,0,0,0.39840717382043467,0,0,0,0.7653203173895207,0,0,0,2.708100508517961,5.449725239150243,1.9223597516797908,0,Confidential,3.8043592915408233
6120,Young adult,1,3,2,2,Normal,0,0.9850405931494169,0.7455342386342485,0.0025137772676461145,0.8160848568417088,0,0,0,0,1,Stage 2,Stage 1,Normal,Normal,0.15426331023644507,0.6302399504446858,0.39897279307925393,0.6962057065463938,0.8841997046226389,0.4089272237629641,1,0,0,0,0,0,0.4830840088285884,0,1,0,0.5104884965260091,0,0,1,0.972432002672822,2.648757109103008,9.371458932330022,0,Confidential,0.45122475272656715
6121,Senior,1,0,1,0,Obese,0,0.10454252297250125,0.8025559006308227,0.9180679989969935,0.41605120947924,0,0,0,0,1,Stage 2,Stage 2,Prediabetes,Diabetes,0.9122258911252403,0.3362652328215533,0.7978683188183897,0.8170821138144422,0.7066192170150171,0.5670175159229831,1,0,0,1,0,0,0.3554109997383635,0,0,0,0.2770414421233554,0,0,0,2.051184730360505,4.931382686670078,2.38834002935038,1,Confidential,1.1291347583056652
6122,Middle-aged,0,1,0,1,Normal,1,0.2845474819848096,0.7317090520599541,0.5581623699570268,0.6279578668069449,0,0,0,0,0,Stage 1,Stage 2,Diabetes,Diabetes,0.0652101134237462,0.8024575525908375,0.956046720668331,0.974800868340086,0.9622752300900079,0.8447276267868843,0,0,0,0,0,0,0.35575817997041675,0,0,0,0.46022343564981744,1,0,0,2.1311062811725363,5.366889182049247,6.867768658472503,1,Confidential,0.9935273098309988
6123,Senior,0,0,0,1,Normal,1,0.29531857574460657,0.8938801584012281,0.13755048881961487,0.38153644228899164,0,0,0,0,0,Stage 2,Stage 2,Diabetes,Diabetes,0.11875330910310049,0.6187434310380641,0.5252223483356675,0.1836909661166251,0.7698135357899358,0.7732364463031318,0,0,0,0,0,0,0.325068665655256,0,0,0,0.18238190887479094,0,0,0,1.2059783308511405,5.001739691872601,0.3046446632165478,1,Confidential,0.6822721658131359
6124,Young adult,1,0,1,2,Overweight,0,0.2661815744287358,0.9980621198450111,0.5305070868703253,0.9409865139802075,0,0,0,0,0,Normal,Stage 1,Normal,Prediabetes,0.8460721067686404,0.11507684457928859,0.8320435100929611,0.9428520834474352,0.1384665854761069,0.10905870131617443,1,0,0,0,1,0,0.2695188483979966,0,0,0,0.5968819268337875,0,0,0,0.1293465946211016,1.4789809691920974,1.4559111440053352,0,Confidential,6.008984097008258
6125,Senior,0,0,1,2,Obese,0,0.7643128767016008,0.6412455931628768,0.4619970959404849,0.06621936545240614,0,0,0,0,0,Stage 1,Normal,Prediabetes,Diabetes,0.7272077234389596,0.3279489957196102,0.2829793604263806,0.2789091684616238,0.24595823892022606,0.18213062721255394,0,1,1,1,1,1,0.7231396127025196,1,0,0,0.4674158940585343,0,0,0,0.4731821188426361,3.614823549973501,0.1709453542996242,1,Confidential,1.150517915840835
6126,Middle-aged,0,2,1,2,Obese,1,0.4188223962808066,0.7669395739246335,0.9568888774457973,0.3139311655771031,0,0,0,0,0,Normal,Stage 2,Prediabetes,Diabetes,0.5400229551128735,0.6989777875951894,0.7972235707131823,0.7206956936023934,0.148509975387072,0.28425095270438006,0,0,0,0,0,0,0.9053398588336684,0,0,0,0.21231816197223946,0,1,0,0.0789937626982641,5.942446962992581,6.955509408856609,0,Confidential,5.368148291960337
6127,Middle-aged,1,0,0,3,Normal,0,0.6710911922495609,0.888804683116876,0.12998574925516357,0.2834911978824336,0,0,0,0,1,Normal,Stage 2,Prediabetes,Diabetes,0.1930514873344774,0.0009510883432820721,0.34509401232905157,0.3070611077307143,0.8399858501962403,0.010175129853293968,0,1,0,1,1,0,0.5150559124476025,0,1,0,0.8226042574192843,0,0,0,3.0686643493700685,9.926724930442688,5.312690737516519,1,Confidential,0.41083312563947305
6128,Senior,1,0,2,3,Underweight,0,0.5014857335155836,0.9698149766637062,0.03463743603278705,0.5397225351064209,0,0,0,0,1,Elevated,Normal,Diabetes,Normal,0.32487307720302644,0.4244674590389632,0.33674154826664204,0.41834241897231556,0.9130403989305171,0.34761145634207524,0,1,1,0,0,0,0.6126696147873286,0,1,0,0.2734419856107513,0,0,0,2.976297963977553,4.380151216219604,4.917164264255352,0,Confidential,0.36881341577117693
6129,Senior,0,0,0,1,Obese,0,0.26860181669373234,0.07245320272044768,0.16237151553583434,0.14194866857585986,0,0,0,0,0,Normal,Normal,Normal,Normal,0.8320668333984542,0.40544487306438204,0.9059140415131828,0.12423461085814258,0.9853845162257848,0.2342628595863692,0,0,0,1,1,1,0.6604245578707427,0,0,1,0.9355957585043658,0,1,0,1.6578983923593378,3.150302974335526,3.84474576219227,0,Confidential,0.9193507981868951
6130,Young adult,0,1,2,3,Overweight,0,0.8382844950267315,0.7189468180866764,0.9133899488623141,0.6114499407471591,0,0,0,0,0,Elevated,Normal,Diabetes,Diabetes,0.7171177229567911,0.903485208910315,0.12939831921019795,0.0007228172183269543,0.9755112073820404,0.5263014845788145,0,0,0,1,0,0,0.097455587612194,1,0,0,0.8499366968636439,0,0,1,3.616199266250301,5.000906845106858,2.686726757532835,1,Confidential,0.13264667615399478
6131,Senior,0,0,1,2,Overweight,0,0.365499760100975,0.4914676539109898,0.009878007387210855,0.01348363777220074,1,0,0,0,0,Normal,Stage 1,Prediabetes,Diabetes,0.7747693955517918,0.4558410472167106,0.539475919427475,0.04705525263213317,0.6981017174447088,0.034565734259568104,1,1,0,0,0,0,0.4360093911890287,1,0,0,0.9455622308135324,0,1,0,2.9406812230390966,8.081728670064376,6.461565715575307,0,Confidential,0.7727755224584484
6132,Young adult,0,0,0,2,Normal,0,0.9332208045179193,0.3203921304347071,0.9674809191227535,0.13544107588684495,0,0,0,0,0,Stage 1,Stage 2,Prediabetes,Normal,0.055267965007769246,0.9127594957429402,0.731981750998888,0.12551717810816315,0.8714350193152285,0.9946787334606833,0,0,0,0,0,0,0.034925718259795846,0,0,1,0.21799938201916236,0,1,0,0.28744286720217,1.1709061017385691,8.664508878993836,0,Confidential,0.8399728433843265
6133,Young adult,1,0,2,3,Obese,0,0.4613515770385763,0.1351975375382506,0.538884518769266,0.8370391134583318,0,0,0,0,0,Normal,Stage 2,Diabetes,Diabetes,0.14356699803337852,0.5690000903640114,0.3806707000451033,0.13203190013190647,0.6375201712003614,0.05226501883867146,0,0,0,0,0,0,0.21197927751001058,0,0,0,0.5816852801337441,0,0,1,3.682684101861321,0.587757077744081,1.2772174205881748,1,Confidential,0.5971116166071319
6134,Young adult,0,0,0,3,Normal,0,0.9082050762209694,0.02431325085872199,0.905577304094236,0.8442471137954627,0,0,0,0,1,Stage 2,Normal,Normal,Diabetes,0.17204207018231576,0.648558430104707,0.22797052099762527,0.3711210603504051,0.571285867917588,0.9731564581513663,0,0,0,0,0,0,0.781330797337036,0,0,1,0.627178242177084,0,0,0,0.7052929205773601,8.28119619286002,5.459102842355432,0,Confidential,0.3990480664760845
6135,Senior,1,0,0,2,Obese,0,0.7692662736687798,0.02401401836425208,0.41205793597371293,0.2226513265649671,0,0,0,0,0,Stage 2,Stage 2,Diabetes,Diabetes,0.8398013795787318,0.020887812735091313,0.32153201478859406,0.757079234622692,0.40911993578238204,0.2661133275521611,0,0,0,0,0,0,0.3206143985039703,0,0,1,0.21482997754759356,0,0,0,1.1935612412624597,6.55094791549396,1.377111667948645,1,Confidential,0.7859113835988244
6136,Senior,0,0,0,3,Obese,0,0.534679871704513,0.5449055259324128,0.1767310453914573,0.9946054086978341,0,0,0,0,0,Stage 2,Stage 1,Diabetes,Normal,0.7112990592032582,0.02120279978036392,0.7010821599388426,0.8812570616674724,0.21820107850134746,0.7683504354008933,0,0,0,1,0,0,0.6048813654793308,0,0,1,0.3711775640535803,0,0,0,2.409520659778456,7.784042923113715,6.08987592654567,0,Confidential,3.213009599925113
6137,Young adult,0,3,2,1,Underweight,0,0.3048878578928213,0.9765225190157513,0.41529816769754757,0.6823987442459861,0,0,0,0,1,Normal,Stage 1,Diabetes,Diabetes,0.30802974782862413,0.6635072286389846,0.17262639837016702,0.6124252373439505,0.4262668907625008,0.36410484054970693,0,0,0,1,0,0,0.6092014871591771,0,0,0,0.539546723379463,0,0,0,2.378923971088597,6.387555053514333,5.97814105952979,1,Confidential,0.4049725702631399
6138,Senior,1,0,1,0,Normal,0,0.08410200863887576,0.7319250841111764,0.9447632299504741,0.08422475256805206,0,0,0,0,0,Stage 2,Normal,Diabetes,Normal,0.817604319923685,0.5387508948026045,0.7929108231136708,0.08494552061931182,0.2501922535611749,0.21823581468314038,0,0,0,0,1,0,0.6589449359697046,0,0,0,0.7861166276110787,0,0,0,0.653549420137594,6.500009662436118,8.347385470906648,0,Confidential,3.169206127798017
6139,Senior,0,0,2,2,Obese,0,0.14084947805806092,0.9430133636841699,0.8022207828633076,0.4413215106706877,0,0,0,0,0,Stage 2,Normal,Prediabetes,Prediabetes,0.3208243599843698,0.8994353099344715,0.6689238527935724,0.7596412019748733,0.835252239319334,0.7296897603436518,1,0,1,0,0,0,0.702096113358239,0,0,0,0.4208117692876442,0,0,0,3.813838381129963,9.046826635984552,9.769531474824811,0,Confidential,0.8008644829718667
6140,Senior,0,1,1,3,Obese,1,0.5297923936738779,0.7245657954262409,0.8434302279977701,0.3328031874953027,0,0,0,0,0,Normal,Stage 2,Diabetes,Normal,0.6632968834064032,0.03906616833027764,0.42904411386521013,0.074479048470795,0.2760050418029938,0.5332703494526635,0,0,1,0,0,0,0.6028275569262596,0,0,0,0.06817157086605742,0,0,0,0.7189078561865654,3.922918201155463,6.07437750953002,0,Confidential,1.5544792626340942
6141,Senior,0,1,0,3,Overweight,1,0.5391246300545303,0.19641109578787308,0.20496218988526002,0.1090466428637763,0,0,0,1,0,Stage 2,Stage 1,Diabetes,Prediabetes,0.7572286096122879,0.8852321076830817,0.19414612965504996,0.5732309466674248,0.5652926418817648,0.7286304564473481,0,1,1,0,0,1,0.802125205618919,0,0,0,0.7706767464856085,0,0,1,1.2225946446241278,0.6249852727770444,0.62193415720042,0,Confidential,0.343443581732764
6142,Senior,0,1,2,2,Overweight,1,0.6642764521483603,0.6077770173458958,0.9426170204473232,0.478789762647471,1,0,0,0,0,Normal,Stage 1,Diabetes,Prediabetes,0.5899849079890468,0.5934839959275888,0.21778083272264936,0.05991629260090714,0.6906322331721939,0.22625546804394,0,1,1,0,0,0,0.9778573190624654,0,0,0,0.9240530392761478,0,0,0,2.646791057555181,6.715334481839977,1.5161325171506057,0,Confidential,0.3153354596879212
6143,Senior,1,0,0,0,Overweight,1,0.8054605150386641,0.4956208033440078,0.7192808934081967,0.6069966971812529,1,0,0,0,1,Stage 1,Normal,Normal,Diabetes,0.6504345371782924,0.9279775256770401,0.9210049135168781,0.2240487228829539,0.7578368563465729,0.9207025434532567,1,1,0,0,0,0,0.5265673880164985,0,0,0,0.1355063418754933,0,0,0,2.2714556318126404,5.768852826345457,9.36271720565503,0,Confidential,1.2153076296089844
6144,Young adult,0,0,2,1,Normal,0,0.676542936010373,0.6217403067401205,0.5657012112860461,0.024443309290129056,0,0,0,0,0,Normal,Stage 2,Normal,Normal,0.024082270481791665,0.8529925148399258,0.03594168324962399,0.5525948727538466,0.9438131659448703,0.5205304568848788,0,0,0,0,0,0,0.13311466165771915,0,0,0,0.4698707605514594,0,0,0,3.542158919419633,1.6906929690803685,0.7279016701934826,0,Confidential,0.0380813539654769
6145,Senior,1,0,2,1,Obese,1,0.5599516745951465,0.5713126527923652,0.6044991276191044,0.7684995179040622,0,0,0,0,0,Stage 1,Stage 2,Diabetes,Diabetes,0.6269373069298357,0.516671862829782,0.145398292316975,0.3956503840589514,0.02793984346025985,0.25795012881992296,0,0,0,1,0,1,0.6023321472674795,0,0,0,0.043100700889151064,0,0,0,3.120235628125301,1.1679941331551658,3.516552776718904,1,Confidential,5.2039766265613405
6146,Young adult,1,3,1,2,Normal,0,0.108123814150945,0.630925636100986,0.05110317861063895,0.7191658112360132,0,0,0,0,0,Stage 2,Stage 2,Diabetes,Diabetes,0.23932358200604487,0.4321569393304625,0.448164525149614,0.8036955887151471,0.329375102254858,0.7089227427701875,1,0,1,0,0,0,0.8078089474268069,0,1,1,0.7078500070096568,0,0,0,1.0989962819708756,9.824649878962877,9.87364375540164,1,Confidential,1.3606508873364729
6147,Middle-aged,0,0,1,2,Overweight,0,0.5087663254364555,0.2709520923178448,0.37614898986765344,0.792164496006036,1,0,0,0,0,Stage 2,Stage 2,Diabetes,Diabetes,0.34684853558808304,0.6232298482592405,0.9778347121566082,0.6422554080291232,0.7114263426038755,0.46408425157688205,0,0,0,0,0,0,0.4344424439628804,0,1,0,0.3164261089070515,0,0,0,0.5943775155650237,4.286666723888727,7.979555218065455,1,Confidential,1.374470768931127
6148,Senior,0,3,1,1,Underweight,0,0.6551063986445789,0.2514408930108965,0.066311282237813,0.7816573363281495,1,0,0,0,0,Normal,Normal,Prediabetes,Prediabetes,0.6980250204179211,0.04074306264952392,0.46416625745767615,0.14199267573355928,0.4631283158808631,0.27283311203894023,0,0,0,1,0,1,0.8621932995816884,0,0,0,0.003193709467711171,0,0,0,1.64511746711195,6.471108552521755,7.326407418881061,0,Confidential,1.002241153350425
6149,Young adult,0,0,1,0,Obese,0,0.7161200684530408,0.031922705456813,0.311834331325696,0.6489789799751516,0,0,1,0,0,Elevated,Stage 2,Diabetes,Normal,0.6403266017402046,0.3497646593670015,0.4316501370613539,0.1782156667956904,0.45545790334587766,0.4682412805953293,0,1,0,1,0,0,0.5950348812635773,0,0,0,0.5483604706756263,0,0,1,0.7597296387562378,3.991519868514177,3.506891222558779,0,Confidential,0.9477278446380499
6150,Middle-aged,0,3,0,2,Obese,1,0.29899752050818673,0.4395494289193801,0.7200182637891371,0.6813977871621152,0,0,0,0,0,Elevated,Stage 2,Diabetes,Diabetes,0.5923538019680732,0.012755500596399488,0.27677720229454406,0.9586388267951105,0.2633135018725913,0.2524591871737101,0,1,0,0,0,0,0.6886187846231755,0,0,0,0.44848819378082155,0,0,1,2.092161622823552,1.5688292588298969,2.7488143222422314,1,Confidential,1.051131826990275
6151,Middle-aged,1,3,1,0,Obese,0,0.6523377780857005,0.8804951044094983,0.3457789247590473,0.7211604801680803,0,1,0,0,0,Stage 2,Stage 2,Diabetes,Diabetes,0.3684287349593082,0.6490726236233679,0.26636829122332895,0.5578140550903294,0.4745291370500391,0.39776679505211643,0,1,0,0,0,0,0.4954782014831625,0,0,0,0.2722092777102363,0,0,1,0.3380841346698804,5.510814560638025,6.378281288916203,1,Confidential,0.5613317927730124
6152,Senior,1,0,1,2,Obese,0,0.7547450021235902,0.3780784967771619,0.7376074503590156,0.8307967979980017,0,0,0,1,0,Normal,Normal,Diabetes,Diabetes,0.9096322010609981,0.7218094090342179,0.8716901786135918,0.4342459090886646,0.3676493802731473,0.4254738519208551,0,0,0,0,0,0,0.7612778485776442,1,0,0,0.3079381454418956,0,0,0,1.5172616272457224,2.5437465404041104,9.874753013241742,1,Confidential,2.370982314633481
6153,Young adult,0,1,1,2,Overweight,0,0.491386666081644,0.8913459716047589,0.4185316144751561,0.7393428973240165,0,0,0,0,0,Normal,Normal,Diabetes,Diabetes,0.8637649305271081,0.24949087541982484,0.9166948462413682,0.6153045790412361,0.13252165204855415,0.23705044037775272,1,0,1,1,0,0,0.7487882986376572,0,0,0,0.30394999345329005,0,0,0,0.1200756133526237,7.367330488882797,5.180988728529329,1,Confidential,6.917321298601858
6154,Senior,0,2,0,2,Overweight,1,0.982011036997879,0.5941537394824765,0.35290270869377466,0.84059603287563,0,0,0,0,0,Stage 2,Stage 1,Diabetes,Prediabetes,0.6525915450630297,0.7819658342529089,0.4082972759331309,0.5581681724939738,0.18037418333052868,0.7543184175207588,1,1,0,0,0,0,0.8514169380330324,0,0,0,0.7033292951759169,0,0,0,0.7953553039511569,3.4783063475999643,6.127605186222068,0,Confidential,2.2636126101535385
6155,Middle-aged,0,0,1,1,Normal,0,0.9512156474767509,0.9664383378588541,0.2925286112800856,0.8805104940894485,0,0,0,0,1,Stage 1,Stage 2,Diabetes,Diabetes,0.6910226100855249,0.9302486731831231,0.26631891279481024,0.1521597812776691,0.7140356149340086,0.9045970243538428,0,1,1,1,1,0,0.7981844293476649,0,1,0,0.8114277634390336,0,0,0,2.725440997057913,5.06118601076234,8.356305136114319,1,Confidential,0.37297707176612405
6156,Senior,1,0,2,3,Overweight,1,0.9619396153914893,0.45500334539639337,0.8020358660465651,0.6886838978394684,1,0,0,0,1,Stage 2,Normal,Prediabetes,Normal,0.6776770189077622,0.2803968266394764,0.5643649944148954,0.20492757577794224,0.12436762878866031,0.5042786689526514,0,1,0,0,0,0,0.8557384021946962,0,0,0,0.05349539315665661,0,0,0,0.5294843288109967,4.4696439604313865,5.511752557783364,0,Confidential,4.537876937204688
6157,Middle-aged,0,0,1,3,Normal,0,0.7498241998766446,0.26602093989680364,0.44058644944528835,0.8569792752088857,0,0,0,1,0,Normal,Stage 1,Prediabetes,Diabetes,0.4702375656054506,0.09124217431583033,0.5366999313332537,0.08825507010321254,0.12467757488502618,0.42699774820376823,1,1,1,0,0,1,0.09650447881390257,0,0,0,0.4998000156234081,0,0,0,2.9163236294417363,8.338378274727155,6.827573439353487,0,Confidential,4.304703005557991
6158,Senior,0,1,1,1,Obese,0,0.1311170856804612,0.30149973976290245,0.31134719126061916,0.5727472803819381,0,0,0,0,1,Normal,Normal,Diabetes,Diabetes,0.14354060670099195,0.6856194115974099,0.4472281630335906,0.2854959475434697,0.9898226206723626,0.1107126270615624,0,0,0,1,0,0,0.2379965420719953,0,0,0,0.008671850466616162,0,0,0,1.011203507152425,1.645194451780999,4.684788213581316,1,Confidential,0.4518265734620202
6159,Senior,1,2,1,2,Obese,0,0.1714561452262389,0.941173943936276,0.9208949419997479,0.6886190711556409,0,0,0,0,0,Stage 2,Stage 2,Diabetes,Diabetes,0.11041736520010036,0.37617366784424777,0.569655435553744,0.38069726496791995,0.318230610495287,0.5918064576080704,1,0,0,0,0,0,0.2820881848719565,0,0,0,0.8450217864787748,0,0,0,3.3932255193212555,7.190237698472672,5.176674657312045,1,Confidential,1.7900711520715904
6160,Young adult,0,0,0,2,Underweight,1,0.16740390662564783,0.1748909889910222,0.29185399966821457,0.15365809424949595,0,0,0,1,0,Stage 2,Stage 2,Diabetes,Diabetes,0.4303138117670243,0.27154565455883944,0.3710116633872871,0.5037935127854516,0.6652410800340467,0.23508150520111978,0,1,1,0,0,1,0.2994413972447962,0,0,0,0.24839638067120218,0,0,0,2.238619242589065,4.138234885422392,1.953671155523533,1,Confidential,0.5577100911571771
6161,Middle-aged,1,1,0,1,Overweight,0,0.9930393041080415,0.3145016075236142,0.5686390316792768,0.05452750963426256,0,0,0,0,0,Elevated,Stage 2,Diabetes,Diabetes,0.8510360589695526,0.7897715863880048,0.642524986354428,0.4819721845124591,0.6197646584009328,0.8873862509029713,0,1,0,0,0,0,0.27037948885310037,0,0,0,0.7348395834888358,0,0,0,2.580036079174742,9.679822567497553,9.83525098105016,0,Confidential,1.0367241462464472
6162,Middle-aged,0,1,1,2,Normal,1,0.8626575277317594,0.7499410880940607,0.1844044533997052,0.7767970812287129,1,0,0,0,0,Stage 2,Stage 1,Diabetes,Diabetes,0.8774914089685717,0.7725011731717418,0.6743350888644646,0.8412423022119684,0.5823960583372833,0.48489405712181255,1,0,0,0,0,0,0.03834619661244468,1,0,0,0.4595793143390419,0,0,0,2.543550152229598,4.76610158514815,3.684551229698758,1,Confidential,1.1578634147862599
6163,Senior,1,2,1,2,Obese,0,0.995419903112598,0.31116677245205887,0.8435446542051023,0.9886765683811115,0,0,0,0,0,Stage 2,Stage 2,Prediabetes,Diabetes,0.03170687074869434,0.6472761870906752,0.29148985934308547,0.8036016313714889,0.42644666818146915,0.6155625013022749,1,1,0,0,0,0,0.8397528884539094,0,1,0,0.030163984236689933,0,0,0,1.159074002280477,5.606308537785174,3.8840113968755623,0,Confidential,0.6835318014937463
6164,Middle-aged,1,0,1,2,Obese,0,0.6276732363828414,0.3357849447551701,0.9806004828953294,0.8723141865033653,0,0,0,1,0,Normal,Stage 1,Prediabetes,Diabetes,0.9099145997889049,0.9533804863486864,0.11089218869107942,0.6455776651906198,0.6406078676316412,0.5594943560241614,1,0,0,0,0,0,0.993413645921695,1,1,0,0.8623292574860897,0,0,0,2.7160399631691137,8.908094772871976,4.728664833367263,0,Confidential,0.173104631232603
6165,Middle-aged,1,1,2,3,Underweight,0,0.3430965574562587,0.11674685659785013,0.05878912126201658,0.35913958337576235,0,0,0,0,0,Stage 2,Normal,Diabetes,Diabetes,0.1366668723986772,0.6470406573239682,0.3547909760210677,0.551315308639857,0.17023883660760697,0.8666670108857877,0,1,1,0,0,0,0.5555647170006176,0,1,0,0.7263063099318594,0,0,1,0.2587012300031501,3.868547442208076,9.287524414530818,1,Confidential,2.084077776205939
6166,Middle-aged,1,0,2,3,Overweight,1,0.6134943691509045,0.09421135264441506,0.47426817913771124,0.16337751476417983,0,0,0,0,0,Normal,Stage 1,Diabetes,Diabetes,0.11211806588651756,0.034669568518528135,0.6445975536965833,0.14947022632917067,0.9831384918363173,0.8247997406710338,0,0,0,0,0,1,0.34976172113603776,0,0,0,0.5179776930001554,0,0,0,1.2633911058258844,6.207758646790388,8.925702068403957,1,Confidential,0.6556528495721866
6167,Young adult,0,0,0,2,Obese,1,0.9881731633199606,0.8727657459496914,0.31609975523578715,0.6152690164424658,1,1,0,0,0,Stage 2,Stage 2,Normal,Prediabetes,0.8128809872493489,0.9757936190681166,0.4297865081866976,0.7149983898106327,0.8192968212951222,0.9538175296054181,0,1,0,0,0,0,0.8316718510854268,0,0,0,0.08895241995694701,0,0,0,3.4900386827259995,2.376391711930277,0.1566783220556278,0,Confidential,0.5245797335174605
6168,Senior,0,0,0,2,Overweight,0,0.5909567853029272,0.5761805784512393,0.47237857147853024,0.8095335441190025,0,0,1,0,0,Stage 2,Stage 2,Diabetes,Normal,0.6286309768710732,0.6553874607051329,0.9730432208946709,0.979321501534747,0.6701303189683805,0.6928210928199262,0,0,0,0,1,0,0.1909803618688034,0,0,0,0.3700550949342513,0,0,0,0.9540504489012932,9.189076965410392,1.7891090830640657,0,Confidential,1.4520208881051733
6169,Senior,0,1,2,3,Obese,1,0.5621921956824772,0.3158147447862017,0.07130072774438527,0.5705563787300293,1,0,0,0,1,Normal,Stage 2,Diabetes,Diabetes,0.15309696127423567,0.27266182531555067,0.9115349942833457,0.4986982264213374,0.7966907571935626,0.23674968402112198,0,1,0,0,0,0,0.14051677484662364,0,0,0,0.9689048500090259,0,0,0,0.2696788157422531,9.185394889806538,8.562973230468081,1,Confidential,1.1441515871156025
6170,Senior,0,0,1,2,Underweight,0,0.1285739501029006,0.9909203178336186,0.9051321125745211,0.7962472682798248,0,0,0,0,0,Stage 2,Stage 2,Diabetes,Diabetes,0.7439868634343475,0.3343092316114056,0.8573241077250267,0.7917176206027443,0.32121004030618905,0.15439228173641287,0,1,1,0,0,0,0.9555012534450154,1,0,0,0.07826764968390454,0,0,0,3.922030783864702,7.665496359017783,6.201558939972905,1,Confidential,2.6690451733943132
6171,Senior,1,1,2,2,Obese,0,0.5830992409569731,0.6267078061516409,0.239985130420753,0.01207892654589171,1,0,1,0,0,Stage 2,Stage 1,Diabetes,Diabetes,0.09222136517739292,0.7487703780555331,0.009912138852477215,0.744836460787482,0.44738271365408955,0.7031857529063207,0,1,1,0,0,0,0.39977159524913414,1,1,1,0.5322813473451279,0,0,0,2.404258306287961,1.786366453989402,9.118957323588472,1,Confidential,0.022155837831814733
6172,Young adult,0,0,1,1,Obese,0,0.7426196152226645,0.724669863118825,0.5982095523815044,0.7102479540988874,0,0,0,0,0,Normal,Stage 2,Diabetes,Prediabetes,0.8505124001272153,0.38231277147656695,0.3121347227638116,0.0299682950715911,0.06265728519487518,0.915552324208341,0,0,0,0,0,0,0.05486668969490299,0,0,0,0.15937099529357096,0,0,0,1.0124674494002663,5.096609388369066,8.895803206471927,0,Confidential,4.981619005563642
6173,Young adult,1,3,0,2,Overweight,0,0.26120789512725184,0.41742133356527933,0.2520001448796869,0.518006069743704,0,0,0,0,0,Stage 1,Stage 2,Diabetes,Normal,0.3603164462093715,0.032858230914118616,0.6088489189836048,0.8910634704863301,0.08606652788378871,0.7122479244782084,0,0,0,0,0,0,0.6465977921618133,0,0,1,0.8797072425057152,0,0,0,1.3081147181875266,7.521503816074576,4.614207445064013,0,Confidential,7.074166159063635
6174,Middle-aged,0,3,0,3,Normal,1,0.7773311364796897,0.9548718196817573,0.44783066007918493,0.5395562865396683,0,0,0,0,0,Stage 1,Normal,Diabetes,Prediabetes,0.8485944462759156,0.7435565469517776,0.06037996039174387,0.6800137621664262,0.5312541191103172,0.0697042934962456,0,1,0,0,0,0,0.8143680546022698,0,0,0,0.13463326697530406,0,0,0,2.3121989654094914,4.44891704694043,6.134571164919107,0,Confidential,0.11365551478991115
6175,Senior,1,2,1,1,Overweight,1,0.17068431018564925,0.8724691178944322,0.7343842940824173,0.40746146866651445,1,0,0,0,0,Stage 1,Normal,Normal,Diabetes,0.48750997696570497,0.9520626548211267,0.5588250532570356,0.8440273907350231,0.08302938429411033,0.04800069844799773,1,0,1,0,0,0,0.7127412290418952,0,0,0,0.6917113003015545,0,0,0,1.7978274002866137,1.6079704451342391,9.44172289363993,0,Confidential,6.730449201905929
6176,Senior,1,0,1,2,Obese,0,0.5144154197920897,0.032826051871666,0.34789777554221174,0.746546473499265,0,0,0,0,0,Stage 2,Stage 1,Normal,Diabetes,0.590859850755838,0.2555078150500761,0.7315196765658039,0.06063513827269412,0.867116428305992,0.6694983625229524,0,1,1,1,0,0,0.6681069496542754,0,0,0,0.28151380825511,0,0,0,3.485195964765046,7.475297707949899,5.227729720343993,0,Confidential,0.8436233620840382
6177,Middle-aged,1,0,0,2,Obese,0,0.14961648776405817,0.8946085071396908,0.634415522564567,0.1887849698868822,0,0,0,0,0,Normal,Stage 1,Prediabetes,Prediabetes,0.7499146016221802,0.08874263706158526,0.7432957086495602,0.006481325413944861,0.8717933815405146,0.2735288110801194,1,0,0,0,1,0,0.30953017903653235,1,0,0,0.7461515382847347,0,0,0,0.313538416465668,2.383419996808783,8.752088287875733,0,Confidential,0.8526053585496477
6178,Senior,0,0,1,2,Obese,0,0.5598922887445855,0.2778091861002872,0.7581831138035076,0.7832157199794626,0,0,0,0,1,Stage 2,Normal,Diabetes,Diabetes,0.7868579224954381,0.42291868893702567,0.47168655307023877,0.6113511424884284,0.11126284969878153,0.14741845970665554,0,0,1,0,1,0,0.11446865232960209,0,0,0,0.17203127257006318,0,1,0,1.3289063969658217,2.6560347413607377,4.950123207873696,1,Confidential,4.239389466899519
6179,Young adult,1,1,0,0,Obese,0,0.9148603048021863,0.5032936831445488,0.6803990353820019,0.40387029981760103,0,0,0,0,0,Stage 2,Normal,Diabetes,Diabetes,0.4624719502326988,0.2785694273975427,0.3665063514123945,0.06200427830029648,0.3996461878731472,0.8245300311914976,1,1,0,1,0,0,0.607704210977966,0,0,1,0.7837401071445935,0,0,1,3.0320951771144844,3.779216571998786,6.905218750923286,1,Confidential,0.9170770609945823
6180,Senior,1,1,0,1,Normal,0,0.7607907183591571,0.23776974877076532,0.8287287494754464,0.8506077386919185,0,0,0,0,0,Stage 2,Stage 2,Diabetes,Diabetes,0.2852778832887463,0.6777143158811965,0.2108937548472678,0.23678850310300342,0.6351845092348352,0.557920938234188,0,0,0,0,0,1,0.3998587329193759,0,0,0,0.8038384381845676,0,1,0,3.452759296181102,9.953162584055296,1.0911010859542936,1,Confidential,0.33201967582823705
6181,Middle-aged,1,0,1,1,Overweight,0,0.9609793560967457,0.6393612150695921,0.27830624339956966,0.5077600599497617,0,0,0,0,0,Elevated,Normal,Diabetes,Diabetes,0.48312127992453036,0.2102824020372414,0.9736323670722895,0.9963362002434915,0.5679337294415696,0.10432517676810224,0,1,0,0,1,0,0.4558970866381871,0,0,0,0.6260266022160599,0,0,0,3.471239802224045,7.8120741491332595,5.967320877430553,1,Confidential,1.7143415095800525
6182,Senior,1,1,0,2,Obese,0,0.8094402002626503,0.11455634979149092,0.3226269452763511,0.2749630275166566,1,0,0,0,0,Stage 2,Stage 2,Normal,Normal,0.5173064162559924,0.8788526326799093,0.7348339285075602,0.5464108619253685,0.6947224429180703,0.15750061798773482,1,0,0,0,0,1,0.3727077322931454,0,0,0,0.8804542219282506,0,0,1,0.6241110523686482,7.276812234788045,2.778735579223412,0,Confidential,1.0577374259294232
6183,Senior,1,0,2,2,Overweight,1,0.7850078702510007,0.8839125327391972,0.37388418830101494,0.9242393347411125,0,0,0,0,0,Stage 2,Stage 1,Normal,Diabetes,0.8168439609307732,0.06368753275660709,0.8004155396727672,0.8569253176026801,0.7980887687508789,0.358481952197924,0,1,0,1,0,0,0.30325144191331893,0,0,0,0.1925352047044565,0,0,1,2.563520786289577,5.538107751433607,0.8138800663096135,0,Confidential,1.0029154287254662
6184,Senior,1,0,2,3,Normal,1,0.7325158353353292,0.8773731249979374,0.18951430654224108,0.7835958628103944,0,0,0,0,0,Normal,Stage 2,Diabetes,Diabetes,0.1694123397550597,0.5119992066572275,0.588890555306407,0.952963246418332,0.9517454988464418,0.5800922748203152,1,0,0,0,0,0,0.1635305230676121,0,0,0,0.3686946053112309,0,0,0,2.258702380800094,3.661881141136395,0.9640821054379756,1,Confidential,0.6187479279073752
6185,Middle-aged,1,1,0,1,Obese,0,0.0962711893965621,0.4154007978126618,0.45959986293464045,0.15645040197426308,0,0,0,0,0,Stage 2,Stage 2,Diabetes,Diabetes,0.4494265796191268,0.3980474232369626,0.6416308155005053,0.16785710815864868,0.6201081369480352,0.5081591121082986,0,0,1,1,0,0,0.10435155434902837,0,0,0,0.3890075847989321,0,0,0,1.5404542498141796,7.554096711461526,3.90195857491424,1,Confidential,1.0347079440989073
6186,Young adult,0,2,1,1,Obese,1,0.9704445967171755,0.6180044955598835,0.9117972691205454,0.5739781261944362,0,0,0,0,0,Stage 2,Stage 2,Diabetes,Normal,0.21386377515426808,0.1809025064603088,0.9864003719325443,0.5001139842245514,0.3043094629631936,0.9744618197788779,0,0,0,1,1,0,0.523925789541351,0,0,0,0.21158372199881434,0,0,0,3.30246811974749,2.875818307150919,5.035208097961784,1,Confidential,3.2414383776552156
6187,Senior,0,2,1,1,Underweight,0,0.13408525158361215,0.17279045310379726,0.08655623820103643,0.030868718675685858,0,0,0,0,0,Normal,Stage 1,Diabetes,Normal,0.8280116692788638,0.47218156301021086,0.057239063184340244,0.9504597593774236,0.9700535784419682,0.1722425208940934,0,1,1,1,0,0,0.7155533978178772,0,0,1,0.27389388837797407,0,1,0,2.649660870031259,4.087615137488566,7.106770202718828,0,Confidential,0.05900608425801965
6188,Young adult,0,3,1,2,Overweight,0,0.16293729788798486,0.740915612022685,0.032466826015589804,0.7810111818572801,0,0,0,0,0,Stage 1,Stage 2,Diabetes,Normal,0.06805135428923557,0.24006549002133826,0.13323498485914032,0.92805455020608,0.027920248498338907,0.27870728744130224,1,0,0,0,0,0,0.49198085208395664,0,0,0,0.260996325067106,0,0,0,3.1370906209955547,2.731253335302113,0.0824488520602673,0,Confidential,4.77198420590945
6189,Middle-aged,1,0,2,1,Obese,0,0.03203557846676969,0.42514852717257845,0.48940986698801603,0.490044901097464,0,1,0,1,1,Normal,Stage 2,Prediabetes,Normal,0.28449709112997595,0.3299850137999224,0.6532310757269122,0.3291043317239744,0.8949073250227155,0.07154836603228962,0,1,1,0,0,0,0.43757632131930513,0,0,1,0.054122378199634225,0,0,0,0.4217367752066883,5.640096256676866,3.683151368513985,0,Confidential,0.729942707430997
6190,Middle-aged,0,0,1,1,Underweight,0,0.6854318357358673,0.9918965116282847,0.8064760900118791,0.8631144269945189,1,1,0,0,0,Elevated,Stage 2,Diabetes,Diabetes,0.0432748056578469,0.9589528293339297,0.8808266512801244,0.8334242952675002,0.05048188124328756,0.2917211901659018,0,1,1,0,0,0,0.9448808556308249,0,0,0,0.09166943615308336,0,0,1,2.486781217437313,7.1760065612085375,0.0060261171959596,1,Confidential,17.44837216020442
6191,Senior,0,2,1,1,Normal,1,0.41141699647152835,0.9858327230220983,0.8172749189772867,0.8624399549799223,0,0,0,0,0,Normal,Stage 2,Diabetes,Diabetes,0.04090246914556574,0.5541628275379384,0.6660655021970248,0.19668698492641717,0.3669370596363002,0.9473060783206382,0,0,0,1,0,0,0.24348300999006567,0,0,0,0.7274108873028257,1,0,1,3.545430259600056,4.808723189254305,2.363121474956805,1,Confidential,1.8152036833161904
6192,Senior,0,2,2,3,Underweight,0,0.28637066416766327,0.40442525227998827,0.809994283843057,0.6894473909089843,0,0,0,0,0,Normal,Stage 1,Normal,Diabetes,0.21508530106963253,0.6372102701250257,0.28830662743288316,0.5186325651724142,0.8362388899742905,0.597861600210763,1,0,0,0,0,0,0.939884117210484,0,0,0,0.5724440798355834,0,0,0,3.849147981791313,2.749457127082354,3.7123310270826537,0,Confidential,0.34476586880783183
6193,Young adult,1,3,1,2,Overweight,0,0.8607081299788272,0.8170653304631731,0.32121466882790267,0.9915645336493072,0,0,0,0,0,Stage 2,Stage 2,Diabetes,Diabetes,0.5071110927321536,0.10524841699689176,0.24892959798024572,0.6288561255926868,0.5774918120167358,0.9255713326628312,0,0,0,1,0,0,0.7375277281935471,0,0,0,0.8220013867321281,0,0,0,0.832705613375905,1.358675791281424,6.294928229738158,1,Confidential,0.4310530345199625
6194,Senior,1,0,0,2,Normal,0,0.48841558887851977,0.5960655411392658,0.8778361668893419,0.1913044645876324,1,1,0,0,0,Stage 1,Normal,Diabetes,Diabetes,0.5131662674035814,0.45799017835900135,0.3334237653578058,0.2189077720911205,0.04399471972409141,0.003308219869194051,1,1,0,0,0,0,0.38954721453861535,0,0,0,0.8934859303863167,0,0,0,0.9811546689208046,0.017810658655063,3.9806373609958223,1,Confidential,7.578722343245744
6195,Young adult,0,0,0,2,Overweight,0,0.1876803714487774,0.12291905191237722,0.9445909256975064,0.6744258308105161,0,1,0,0,0,Elevated,Normal,Normal,Diabetes,0.04871957624346156,0.1655976232102938,0.047608966082306026,0.19036857389326173,0.4239745111759916,0.6158713352134291,1,1,1,0,0,0,0.09261726954807238,0,0,0,0.22335003356591426,0,0,0,0.8243163233406472,8.865817448929437,8.291270103121155,0,Confidential,0.11229204781733582
6196,Senior,1,0,1,2,Obese,0,0.34037058450091934,0.07762501947021153,0.6737376426080628,0.35040339810983234,0,0,0,0,0,Normal,Stage 2,Prediabetes,Diabetes,0.21158326260527643,0.29104207303410207,0.03410045425718966,0.42930467200535133,0.9507703250739077,0.36428705752930046,1,0,1,0,0,0,0.7986131750903543,0,1,0,0.36842701476356826,0,0,0,2.7097004163085945,2.9097558330926088,7.522350827844048,0,Confidential,0.035866132290717924
6197,Middle-aged,0,0,0,3,Obese,0,0.756976518151377,0.5352138910079189,0.8418040189623249,0.8377262928263068,0,1,0,1,0,Stage 2,Stage 2,Normal,Prediabetes,0.9358331656565242,0.9525238187773032,0.9075565043373082,0.9033687457375006,0.43224860122724185,0.30855655872406795,0,0,0,0,0,1,0.8571771222656883,0,0,1,0.632615279916475,0,0,0,3.798410221983123,6.304735031401974,6.679346030808693,0,Confidential,2.099616983746322
6198,Middle-aged,0,1,2,3,Obese,1,0.3574251900427154,0.08075159378864727,0.6020708459621212,0.840809408212,1,0,0,0,0,Normal,Normal,Diabetes,Diabetes,0.6201278976243133,0.414010015204474,0.30258055746792367,0.4691960149826921,0.3829668365557707,0.26449799388935413,1,0,0,0,0,1,0.6877753945120313,0,0,0,0.22062594550384,0,0,0,0.1037779970850767,0.872644327600588,7.075174294506665,1,Confidential,0.7900959785165614
6199,Young adult,0,3,1,1,Normal,0,0.4471498297148845,0.5641384923534979,0.08567803999234092,0.2681021234196589,1,0,0,0,0,Stage 2,Stage 2,Diabetes,Normal,0.7143478892897602,0.5320051682638164,0.5151952471007182,0.5740484722401613,0.972660473915828,0.1813032864937529,0,0,1,0,0,0,0.2042364587058565,0,0,0,0.41413189332342437,0,0,0,0.313211776276777,1.2636253620810145,3.4288639148885136,0,Confidential,0.5296763474170969
6200,Young adult,0,1,1,2,Obese,0,0.6727709143069232,0.5075288401426232,0.9471908899564039,0.6835726585366287,0,0,0,0,0,Normal,Stage 2,Prediabetes,Normal,0.0550235432667915,0.2564046675515621,0.4003093054291915,0.6273809785311417,0.7965693425787883,0.1839590435866232,0,0,0,0,0,1,0.061972724407792196,0,0,0,0.8226862864200354,0,0,0,3.7482577058652495,4.68273583631452,1.9619549079365528,0,Confidential,0.5025416922690533
6201,Young adult,1,0,2,2,Obese,0,0.6580397622198257,0.43264659967714736,0.16087839431180062,0.22963272628916453,1,0,0,0,0,Normal,Stage 2,Normal,Diabetes,0.9373868817366278,0.7732603587373997,0.7324853968693947,0.05995581454359811,0.3977879597615771,0.9155323300395066,1,1,1,1,0,1,0.8702335554610662,0,0,0,0.5400572305325823,0,1,0,0.066305564927636,5.414817218662779,2.1110585777670487,1,Confidential,1.8413966006121096
6202,Middle-aged,0,0,0,1,Overweight,1,0.19776713054646178,0.44462200972639637,0.3837909374685905,0.9615036926256982,0,0,0,0,1,Stage 2,Stage 1,Prediabetes,Diabetes,0.4769449573430924,0.2214269888464973,0.32883028628200095,0.6392873535616042,0.9527822073524133,0.9102800067012906,0,0,1,1,0,0,0.028626050855141926,0,0,0,0.4490809033462826,1,0,0,2.743787915355327,8.988166776427231,4.087962332737025,1,Confidential,0.34512639273119194
6203,Senior,1,3,1,2,Obese,0,0.6778724277024712,0.6537356002082361,0.16268672032074616,0.6877649289153488,0,0,0,1,0,Stage 2,Normal,Prediabetes,Diabetes,0.16578620988700998,0.9436539314270703,0.956838501233614,0.35202538245719833,0.06547681292670321,0.5489011094629699,0,0,0,0,0,0,0.8839187160406734,0,0,1,0.9839120439401051,0,0,0,2.4940267521082333,2.8873976912311927,1.5649754039034391,0,Confidential,14.613394550903523
6204,Middle-aged,0,0,2,2,Obese,0,0.1346794768563756,0.8855409866626045,0.9194634256116437,0.3815534003114317,0,0,0,0,0,Stage 1,Stage 2,Diabetes,Normal,0.7185414612555052,0.774781206368793,0.3890693094236184,0.4195873389108356,0.12215209334411936,0.5883668972160072,0,1,0,0,0,0,0.5725422390675406,0,1,1,0.4431752585067376,0,0,0,1.2806221071753248,1.347551145373329,8.393191799848998,0,Confidential,3.1851219145918055
6205,Senior,1,0,2,2,Normal,0,0.49762319113703646,0.6342283389420065,0.6227597527679799,0.06842631759905793,1,1,0,0,0,Normal,Normal,Diabetes,Diabetes,0.5337225203503511,0.5867200179274434,0.39141961687663795,0.5053714615960774,0.08358805372746958,0.6765869539151269,1,1,0,0,1,0,0.889958821446521,0,0,0,0.9407855313747745,0,0,0,3.3633353051463435,5.811092951620564,4.508132708400627,1,Confidential,4.682721985043726
6206,Middle-aged,0,3,0,2,Obese,1,0.5081661524475344,0.5972181671370904,0.14743904560979115,0.8190532961310247,0,0,0,0,0,Stage 1,Stage 2,Diabetes,Diabetes,0.6229453610133497,0.16062215371232258,0.4305587696084501,0.37189997080823617,0.5203597324400432,0.2657367860348695,0,0,0,0,0,0,0.03465655887166608,0,0,1,0.31663904330585063,0,0,0,2.8777752568242487,4.233456455135895,5.312498294872052,1,Confidential,0.8274252267551465
6207,Middle-aged,1,1,2,0,Obese,0,0.5397941300827122,0.9672483711195252,0.8574027148278195,0.8858595386170541,1,1,0,0,0,Elevated,Stage 1,Diabetes,Normal,0.6283420015642897,0.07291892322305062,0.785007101624877,0.9253397212776573,0.4379100289041593,0.9386937356935114,0,1,0,0,0,0,0.7611677043661577,0,0,0,0.7951074394218709,0,0,0,1.396652989921238,9.247070432857283,0.2766221227053556,0,Confidential,1.7926218853432176
6208,Senior,0,0,0,1,Overweight,0,0.4676587728135658,0.6972120746858498,0.7520170163049045,0.4292254363665894,0,1,0,0,0,Stage 2,Normal,Diabetes,Diabetes,0.13301699890163365,0.9756344672640974,0.5190132226017168,0.4569454311014502,0.9594168126444127,0.5598446530132435,1,1,0,0,0,0,0.24630322535549673,0,0,0,0.6545305119172605,0,0,0,2.762173802056636,7.422491081003933,5.672696775883966,1,Confidential,0.5409674041162316
6209,Senior,0,1,2,2,Obese,0,0.8994345858395728,0.006951902341784783,0.5965056412769895,0.5842456299809288,1,0,0,0,1,Stage 2,Stage 2,Diabetes,Normal,0.44481114496250207,0.8558912928907567,0.5679250373133009,0.2218390732989301,0.45111985708266933,0.17451242649851958,0,0,0,1,1,0,0.08030773873550348,0,0,0,0.8864542358222366,0,0,0,3.931362134540166,2.721912740510164,2.423769214175173,1,Confidential,1.2589227195317776
6210,Senior,0,3,2,1,Obese,0,0.27958699387595676,0.9767465108658316,0.6304312470401843,0.34516948977302253,0,0,0,0,0,Normal,Normal,Diabetes,Normal,0.6048704017685218,0.7908233636384793,0.29849438714355747,0.46464865535638483,0.6460757199236781,0.6234961281143204,0,0,0,0,0,0,0.3958830950470035,0,0,0,0.4029304702823745,0,0,0,0.3468413323733235,3.0960526950234057,8.97657077282208,0,Confidential,0.462011460791034
6211,Senior,0,0,0,1,Normal,0,0.986669191817446,0.318478637041304,0.30260273786483743,0.9571172713485055,0,0,0,1,0,Elevated,Stage 1,Diabetes,Normal,0.7367568498511748,0.15246597701234438,0.32703214759581,0.9025398227850256,0.03862851048883087,0.6025598203739808,0,1,1,0,0,0,0.3107472873816084,0,0,0,0.5419095226725436,0,0,0,2.7428434987192656,8.10342767103562,7.557380302398108,0,Confidential,8.466082265594185
6212,Senior,0,0,1,1,Underweight,0,0.7255498426742514,0.4126952508618321,0.016376173045962047,0.21434564748322738,0,0,0,0,0,Stage 2,Stage 2,Diabetes,Normal,0.7114810307504515,0.04894048805078001,0.1875760047943389,0.5164202101666822,0.658612834557472,0.6715796359174231,1,1,0,0,0,0,0.5173691415095167,0,0,0,0.005862297232211961,1,1,1,2.1604699354958,7.133551113437991,6.972177402805242,0,Confidential,0.2848046605717499
6213,Middle-aged,1,0,0,2,Normal,0,0.002415024289917836,0.28399700334985295,0.19070115026933138,0.03603401290008157,1,0,0,0,0,Stage 2,Stage 2,Diabetes,Diabetes,0.03629528155053528,0.43241133074596994,0.6621333479712188,0.23668449814774722,0.48083695012989913,0.4922268242823137,0,1,0,0,0,0,0.2576384382508689,0,0,0,0.4870194795189216,0,0,1,2.3803844800678955,5.226891048345319,4.553145244546065,1,Confidential,1.3770433985831207
6214,Middle-aged,1,0,1,1,Normal,1,0.862868213423423,0.9393736353210087,0.5603292478083318,0.5476573254709475,0,1,0,0,0,Stage 2,Normal,Normal,Prediabetes,0.3943777954531502,0.514359830390989,0.33330596860991246,0.10789855578641311,0.7771690741939545,0.2467005306377453,0,0,0,0,0,0,0.6049572994232145,1,0,0,0.24521029640421158,0,0,1,2.041317240780849,6.260914144093861,3.1984945143334063,0,Confidential,0.4288718885985044
6215,Senior,0,2,2,1,Overweight,1,0.14347662766388747,0.34795838530422973,0.9246960585261209,0.12406574690501704,0,0,0,0,0,Stage 2,Normal,Diabetes,Diabetes,0.8190996582937192,0.274801303490413,0.8448219711762424,0.4688646310381294,0.9583641423322835,0.8140833665716483,0,0,0,0,0,0,0.6637278008595386,0,0,1,0.800219261506416,0,0,0,2.072100605017941,8.492340200196333,2.198095606935444,1,Confidential,0.8815250215020317
6216,Senior,0,2,2,0,Obese,1,0.940943171783882,0.03114674725571985,0.550187686773944,0.37583185055209467,0,0,0,1,0,Normal,Stage 2,Normal,Normal,0.0984020284331447,0.38124914926447884,0.603252972261231,0.9138575214789983,0.138387355900425,0.5162993232255884,0,1,0,0,0,0,0.6363241218059283,0,0,0,0.6249102098722389,0,1,0,3.817228984633464,7.392937145119458,9.360240553421209,0,Confidential,4.359162499609391
6217,Senior,1,0,0,1,Underweight,1,0.1333050755879128,0.9452359582082536,0.35359209717573,0.5367052873983215,0,1,0,1,0,Normal,Stage 2,Diabetes,Diabetes,0.27001020715889973,0.23224915895328963,0.14715318450783021,0.5456719648994324,0.9728214312357859,0.3582772231015364,0,0,0,0,0,0,0.6071433168655095,0,0,0,0.7152907785946025,0,0,0,0.0080906769097528,2.584567344088291,9.44849341727308,1,Confidential,0.15126433257221716
6218,Senior,0,1,2,2,Obese,0,0.2446776809119834,0.9213288319675088,0.03155541261886605,0.8796477721659001,0,0,0,1,0,Elevated,Stage 2,Diabetes,Diabetes,0.7915407963493791,0.9480380606524511,0.8517365118364277,0.006250298031771018,0.9299495846521537,0.08772199029715963,0,0,0,0,0,0,0.6445747248226645,0,0,0,0.309484751583967,0,0,0,1.583475994501205,2.140401911772197,9.735275872918177,1,Confidential,0.9158953623867885
6219,Senior,1,2,0,1,Obese,1,0.035676235530622956,0.17099931452839598,0.9505266164999462,0.7314914776884617,0,0,0,0,0,Stage 2,Stage 2,Prediabetes,Normal,0.17301259019128762,0.40148784353425404,0.5227611494348372,0.6048208527093677,0.7963585065306988,0.8458719433684271,1,1,0,1,1,1,0.6040817205619653,0,0,0,0.5844432191745507,0,0,0,3.551768144138206,9.611447331638155,9.1773052038175,0,Confidential,0.6564394618100124
6220,Young adult,0,1,1,1,Normal,1,0.12195114135759301,0.4279338472163902,0.9754445567325686,0.6826481655659377,0,1,0,0,0,Elevated,Stage 2,Diabetes,Diabetes,0.5534508017067414,0.2792665264710548,0.07804682498930826,0.8528607150846677,0.7836529267774406,0.840948388346912,0,0,0,0,0,0,0.24768712652464933,0,0,1,0.832630958363349,0,0,0,1.917997722559173,7.455645735454385,3.4065188999677485,1,Confidential,0.09959361130730997
6221,Senior,1,1,2,2,Obese,1,0.5209362106606413,0.5623411884743583,0.2947593143545097,0.4135037271617711,0,1,0,0,0,Stage 2,Normal,Prediabetes,Diabetes,0.5073877355560983,0.11272504760298667,0.8994134555455342,0.3624325474644156,0.3303197443415812,0.01792133500697457,0,0,0,0,0,0,0.015152834302340757,0,0,0,0.6935821013410084,0,0,0,1.7996261076155968,1.1604656118658452,2.077753268940733,0,Confidential,2.722857083031214
6222,Senior,0,1,1,0,Overweight,1,0.9644227852851338,0.5000520218355557,0.7326302425177676,0.5103570554701587,0,0,0,0,0,Stage 1,Normal,Diabetes,Diabetes,0.026657729221712237,0.6207649722784946,0.49033735809781676,0.4515362970820728,0.24494758584059784,0.5473553672299712,0,1,0,0,0,0,0.531812301485102,0,0,0,0.9170977248851886,0,0,0,2.714907148596562,7.238226526172955,3.671555731847924,1,Confidential,2.0018052287190486
6223,Young adult,0,3,0,2,Obese,0,0.33296875260156594,0.9152524652626237,0.9452730350396952,0.5259306418821538,0,0,0,0,0,Stage 2,Normal,Diabetes,Diabetes,0.9590751981817027,0.7450338219654389,0.6583037524496129,0.6844551193868538,0.7453548044569438,0.5862725351597627,1,0,0,0,0,1,0.16370692394952152,0,0,0,0.05204599574400893,0,0,0,2.257963121413941,9.05590583075518,8.322453484168431,1,Confidential,0.8832085719622412
6224,Senior,1,0,1,1,Underweight,0,0.7706107626396536,0.24744625920893518,0.6858584722645849,0.44517398501523864,0,0,0,0,1,Normal,Normal,Diabetes,Diabetes,0.3274527780350942,0.405944874044482,0.7224072702207696,0.33922343103104774,0.054103049159617556,0.028010233082551322,0,0,0,0,0,0,0.16094140470090312,1,0,0,0.732336554674747,0,0,1,2.264222827893747,4.924325979794421,0.9733376757817758,1,Confidential,13.352431728745769
6225,Young adult,0,0,1,1,Normal,0,0.22045663565067508,0.7776217894390016,0.23721269818927698,0.5656553180961575,0,1,0,0,0,Normal,Normal,Normal,Prediabetes,0.8926353868030545,0.03553157011402115,0.604043729158743,0.6515368648118529,0.6409482829337938,0.5867458787375888,0,0,1,1,0,0,0.5755458309659214,0,0,0,0.1450280013778549,0,0,0,3.980534921854721,7.25542356407095,1.921863372641493,0,Confidential,0.9424219476708345
6226,Middle-aged,0,0,2,0,Normal,1,0.9120436389766419,0.007701956550556301,0.3924722130718156,0.9627776243738889,0,0,0,1,0,Stage 2,Stage 1,Prediabetes,Normal,0.5868709787627617,0.7799044018789213,0.8839324842248304,0.493865864548172,0.4239137057310337,0.7390837628677692,1,0,0,0,0,0,0.5003928280702536,0,0,0,0.674795324711252,0,0,0,2.9958132583715607,3.77776316465827,8.316419414506903,0,Confidential,2.0851708078192477
6227,Senior,1,0,1,1,Normal,1,0.6045400558480672,0.7755188115410105,0.8135798373961521,0.4745638701170364,1,0,0,1,0,Stage 2,Normal,Diabetes,Normal,0.2808911929650533,0.9199216697404008,0.14286879774767103,0.09562545580684706,0.9675495582000537,0.9984126090050771,0,1,0,0,0,0,0.2187709468497482,0,1,0,0.2969803866937107,0,0,0,2.790883838224653,8.451641183711198,2.9742688113678284,0,Confidential,0.14766044440498935
6228,Young adult,0,0,1,2,Underweight,0,0.650630452568634,0.22849857175809427,0.01680045264105199,0.2290491592419137,0,0,0,0,0,Elevated,Normal,Normal,Diabetes,0.37219421749142245,0.2798367739311006,0.22030843660539312,0.031925507319668145,0.1293879585799233,0.719701225816331,0,1,0,0,0,0,0.7872710189603321,0,0,0,0.8456722362810292,1,0,0,0.9147496050709352,9.26022817190542,1.330932066916919,0,Confidential,1.70269659575244
6229,Senior,1,1,1,3,Overweight,1,0.7526711497947697,0.6782035469533286,0.6484922122778812,0.8432841010166908,0,0,0,0,0,Stage 2,Stage 2,Diabetes,Normal,0.5515178532991463,0.630444162176278,0.33966854988301254,0.5981945170677845,0.1948617366958263,0.12417909167326655,0,1,0,0,0,0,0.5503166855682048,0,0,0,0.33414607306324345,0,0,1,2.647789837935275,5.037996011636809,5.137459571279555,0,Confidential,1.7431259499304659
6230,Middle-aged,1,0,1,1,Underweight,0,0.8424900274828302,0.3985898462817276,0.3111230840414273,0.7065754062773922,0,0,0,0,0,Stage 1,Stage 2,Diabetes,Diabetes,0.746433290501864,0.9026465963336671,0.333807327160224,0.21840588142958522,0.7642377750487892,0.9314097284567187,0,0,0,0,0,0,0.34696079950251163,0,0,0,0.7275684536877324,0,0,1,2.484627073380773,1.7004810367523604,2.084222508369602,1,Confidential,0.43678464747298523
6231,Senior,1,0,2,3,Normal,1,0.12118803051275506,0.2846167151238059,0.45042260195101286,0.9544404352544539,0,1,0,0,0,Stage 2,Stage 2,Diabetes,Diabetes,0.9245687736086032,0.2564691908105804,0.5134665575429465,0.14737481787972245,0.8468639298826013,0.5805245142696127,0,0,0,0,0,0,0.17767901638478512,0,0,0,0.5838675729530566,0,0,1,3.3371147538974464,1.0249089284343516,2.080875771224089,1,Confidential,0.6063152998075229
6232,Senior,1,0,0,1,Obese,0,0.5397065780012942,0.2711860596683166,0.3900302281086193,0.16225279063056441,0,0,0,0,0,Elevated,Stage 2,Normal,Normal,0.07525417617480527,0.6384524939182719,0.9006446635646717,0.5954754369630237,0.7732546037216956,0.4611028835515436,1,0,0,1,0,0,0.9749755546967436,0,0,0,0.942985464781776,0,0,0,2.109775294634385,8.94586089333096,7.061270454142655,0,Confidential,1.1647452976417394
6233,Senior,0,0,2,2,Normal,1,0.7865022626085899,0.30417332673690833,0.2574095987761941,0.8784634948346138,0,0,0,0,0,Stage 2,Stage 2,Diabetes,Prediabetes,0.5549180389265715,0.34648674484901965,0.19901715794910335,0.18405889596657982,0.9065753849859042,0.33453492098313853,0,1,0,0,0,0,0.09970579668677162,0,0,0,0.3275958428202438,0,0,0,1.7756202492077424,1.1767371178052588,2.036120875708911,0,Confidential,0.21952631986825646
6234,Middle-aged,1,0,1,1,Obese,0,0.5779842141939955,0.3038336325937231,0.028587851789162774,0.602439983714599,1,0,0,0,0,Normal,Stage 1,Diabetes,Diabetes,0.7554815965745721,0.1018018038870651,0.00034682532074792327,0.7626699613806176,0.42543618573539965,0.07210920158942472,0,0,1,0,0,0,0.1920363553503523,0,0,0,0.6487720268926754,0,0,0,2.5901158244447062,9.465597297258048,9.470873300794452,1,Confidential,0.0008152228991720783
6235,Middle-aged,0,2,1,1,Obese,0,0.12969199837820453,0.47580762384091807,0.21267505520786195,0.5387310411100205,0,0,0,0,0,Stage 2,Stage 1,Diabetes,Diabetes,0.7142338691316584,0.7476761880716812,0.42144192898004906,0.30339871310654104,0.5987793870201122,0.8907662946765249,0,0,0,0,0,0,0.8591760052423362,0,0,0,0.47256351471400987,0,0,1,2.1921626966271823,6.214473982059513,3.4117013692199016,1,Confidential,0.7038350653274799
6236,Young adult,1,3,1,1,Obese,0,0.5870157649483684,0.9779789896752924,0.6890815672149957,0.9017857916901345,0,0,0,0,0,Stage 2,Stage 2,Normal,Normal,0.4590974019155968,0.8811531322012458,0.9569761572266686,0.2980581618744507,0.13058879748463148,0.5225572137065115,1,1,1,1,1,0,0.9103248825843969,0,0,0,0.001048379695912618,0,0,0,0.671275377099938,9.907400830412325,4.600824519937144,0,Confidential,7.328164250377538
6237,Young adult,0,0,1,0,Obese,0,0.9252745953211907,0.8772412481770329,0.6554650558973963,0.6232993049213053,0,0,0,0,0,Normal,Normal,Prediabetes,Diabetes,0.0211049588667125,0.21393228766828631,0.7239555956149013,0.4230123855775048,0.11184081061061474,0.26629626457715894,0,0,0,0,0,0,0.1034060059664694,0,0,0,0.7257988998068248,0,0,0,0.8235106043842535,1.4230209905293356,6.092714510076528,0,Confidential,6.473089667915829
6238,Middle-aged,0,3,1,2,Normal,0,0.10833840065523917,0.7144876473790929,0.800242201255775,0.0996228859344147,0,0,0,0,0,Stage 2,Normal,Normal,Normal,0.620681932835293,0.7711474046922735,0.819710451510842,0.5991158302189752,0.1629000929180729,0.9975845866917656,0,0,1,1,0,0,0.23075263204848215,0,0,0,0.345972243119266,0,0,1,3.4473164152744515,8.931954840733964,0.4632853434309636,0,Confidential,5.0319827130061725
6239,Senior,0,2,1,2,Normal,0,0.8822753962801485,0.32900259567866713,0.14823153092800279,0.8682308489040557,0,0,0,0,0,Elevated,Normal,Diabetes,Normal,0.7511838111235974,0.5248915206706757,0.7606237112985887,0.13915719374272195,0.4589602402305448,0.6243276277531268,0,0,0,0,0,0,0.11990917093123984,0,0,0,0.9265212589428705,0,0,0,3.771189189562956,3.808130258074312,2.459640683212454,0,Confidential,1.6572758261511114
6240,Middle-aged,0,1,0,1,Overweight,0,0.7974291177897881,0.19271370658658102,0.35856365778438015,0.07180784148100183,0,0,0,0,0,Stage 2,Stage 2,Diabetes,Prediabetes,0.9729829620407837,0.9447614543071451,0.5150915829273819,0.7395817516801058,0.04392793079139701,0.6314471462569652,1,1,1,0,0,0,0.28851725660102395,0,1,0,0.25518529990397004,1,0,1,2.0488278092220176,8.169704984951956,1.2621075992740038,0,Confidential,11.725833055361194
6241,Middle-aged,0,2,0,3,Normal,0,0.1768423288283129,0.8399118773967399,0.29732738596356323,0.8068560109398298,1,0,0,0,0,Stage 2,Stage 1,Normal,Diabetes,0.10744762751560959,0.2402266474959896,0.4371762322789512,0.7609980155882492,0.6480891158063362,0.20938200752310018,0,1,0,0,0,0,0.8672484895875013,0,1,0,0.060365229466412804,0,0,0,3.828187133696933,4.862033595169227,0.1376100133643931,0,Confidential,0.6745619107258537
6242,Senior,0,1,1,2,Obese,0,0.9673680524428244,0.4277063587174239,0.4118349434497962,0.6962031899044875,0,0,0,0,0,Stage 2,Stage 1,Diabetes,Diabetes,0.5773437381869821,0.22399188548168297,0.570679397027781,0.5010084799194936,0.9160586422530432,0.6128804760695806,1,0,1,1,0,0,0.9228410223858795,0,1,0,0.9227224516790545,0,0,0,1.895254980701317,2.1618075528455227,9.89173347548886,1,Confidential,0.622972559512344
6243,Middle-aged,0,0,1,1,Overweight,0,0.03177567126930823,0.15622143476867636,0.14806096685707829,0.5983111418173209,0,0,0,0,0,Normal,Stage 1,Diabetes,Diabetes,0.21784563872410106,0.06579529872796581,0.7672988458237628,0.613560176515813,0.9526339494025033,0.4729790419021064,0,0,0,1,0,0,0.7248804878913644,0,0,0,0.8163537292971796,0,1,0,2.9227566028459826,3.7314675880081305,0.2216705237084482,1,Confidential,0.8054498228884415
6244,Senior,0,0,1,3,Overweight,0,0.9901137074817552,0.9841076701929216,0.8221740192462383,0.10483957211291206,0,0,0,0,0,Stage 2,Stage 1,Prediabetes,Diabetes,0.7204931685411046,0.4151904760262394,0.8652487169677399,0.3886779142779608,0.37019341519119897,0.6045768631329889,0,0,0,0,0,0,0.4447302263908587,1,0,0,0.3919119844468458,0,0,1,0.6597826103890396,0.5296665629142794,5.884799106372418,0,Confidential,2.3372882430144055
6245,Senior,0,2,1,1,Obese,1,0.3813455416499336,0.9077513076768053,0.7615216637834575,0.36538664320609116,1,1,0,0,0,Stage 1,Stage 2,Normal,Diabetes,0.25423302945343224,0.10913493980076215,0.39111755342853916,0.46198606824743,0.09470036977013929,0.6100652459101281,1,0,1,0,0,0,0.30083260973507564,0,0,0,0.7939847888499453,0,0,0,1.1792277672223448,5.871999147531465,7.5877419240194,0,Confidential,4.130053075588576
6246,Young adult,0,3,1,0,Obese,0,0.7159576342799663,0.5620491765059676,0.6997164756625263,0.6995743029297322,0,0,0,0,0,Stage 2,Stage 2,Normal,Normal,0.08199063227924634,0.045939036018069326,0.39642572616039673,0.5952354214130353,0.6911310038045129,0.6027149968202177,0,1,1,0,0,0,0.27901349395943714,0,0,0,0.9934307619671731,0,0,0,1.796203309566709,4.9008668632726575,1.1282282658862286,0,Confidential,0.5735898461770154
6247,Young adult,0,0,0,1,Normal,0,0.8253270558311205,0.574716937971414,0.06146492573204069,0.38695328140346363,0,0,0,0,0,Stage 2,Stage 2,Normal,Diabetes,0.7220641205102241,0.8942088912982918,0.16778079723669093,0.9586464199791314,0.879737245357572,0.9011443727499622,1,0,1,0,0,0,0.136876979356239,0,0,0,0.6175839444444904,0,0,1,3.561765651151699,9.88364587851254,4.413851562361617,0,Confidential,0.1907169420438666
6248,Senior,1,0,0,1,Normal,0,0.920677805619864,0.9088791468033045,0.19633236021839423,0.5496785580466791,1,0,0,0,0,Stage 2,Normal,Diabetes,Diabetes,0.012086639718089598,0.8140245620173951,0.035579040880249435,0.6778979801872445,0.3212804767836803,0.562842404105983,0,0,1,1,0,0,0.4198529033942133,0,0,0,0.1795281565549761,0,0,0,2.146771720342181,6.705965192332084,6.484031631976221,1,Confidential,0.11074137226273159
6249,Senior,1,2,2,0,Normal,0,0.1314245592251675,0.38751449072126554,0.06686034739016865,0.3192313008888157,0,0,0,0,0,Normal,Stage 2,Diabetes,Diabetes,0.8922237085745854,0.8512014548949892,0.9988064546717768,0.09905887259847679,0.7028148391727388,0.2824416554392809,0,0,1,0,1,0,0.463456226103977,0,0,0,0.9349646901332958,0,0,1,3.3156237247816414,2.0472542318086626,2.375555903541371,1,Confidential,1.4211516305595373
6250,Middle-aged,0,1,1,2,Obese,0,0.4364541028532734,0.6877346864219395,0.26521498875610505,0.08019065866751063,1,0,0,0,0,Stage 2,Stage 2,Prediabetes,Normal,0.9258644403246441,0.7950993380214381,0.8439987026714744,0.7374047257144893,0.981240092039902,0.025289629235369815,0,1,0,1,0,1,0.19630065187252269,0,0,0,0.7353617622395878,0,0,0,0.8870771151869712,1.3285459586539428,9.409128015112945,0,Confidential,0.8601347514418044
6251,Middle-aged,1,0,2,1,Underweight,1,0.2906313699930221,0.012080485928114162,0.1881879386531108,0.41454200926424567,0,0,0,0,1,Stage 2,Stage 2,Normal,Normal,0.33931698633979285,0.45189620658203633,0.4554990342746237,0.968312094563849,0.6380957349632158,0.36382958993696435,1,1,0,1,0,0,0.47936983830129726,0,0,1,0.2713730498133827,0,0,0,0.3067401242393766,3.4960749461351828,2.172072609014184,0,Confidential,0.7138412142824959
6252,Middle-aged,1,3,1,1,Obese,1,0.6240621106805688,0.01912466893292983,0.015437578045778971,0.5853184140312865,1,0,0,0,0,Stage 2,Normal,Normal,Diabetes,0.03494030313645412,0.333235347438281,0.7155421025858537,0.36257163389030217,0.3108667985429028,0.3571424930828736,0,0,1,1,0,0,0.2100944694932548,1,1,0,0.5402012443619347,0,0,0,0.1465288431325317,8.063906920605419,2.9684304538134807,0,Confidential,2.3017643117236966
6253,Senior,0,0,2,1,Overweight,0,0.03271769426557447,0.6448418066887012,0.8556258115779248,0.16251477321615693,0,0,1,0,0,Stage 2,Stage 2,Diabetes,Normal,0.5950425579510729,0.6667575795085344,0.9975804493341391,0.978071510651054,0.3807781076498018,0.45132673130349854,0,1,0,0,0,0,0.5694843535222063,0,0,0,0.35398758086282056,0,0,0,0.89374965998454,8.475824864799412,8.18442212432272,0,Confidential,2.619847174227792
6254,Young adult,0,1,1,2,Normal,0,0.9453340899930001,0.20658068787134456,0.36228410636418346,0.8182254185496517,1,0,0,0,0,Normal,Stage 2,Diabetes,Diabetes,0.7524739863947183,0.8705336410082798,0.8391874379383344,0.31048229954305223,0.5058859262325994,0.004067799484211376,1,1,0,1,0,0,0.45070526198442007,0,0,0,0.6068936410904705,0,1,0,0.6196722417556044,9.323113248073543,4.96615502860509,1,Confidential,1.658847171708998
6255,Senior,0,1,1,1,Overweight,0,0.415683160696623,0.5018670732884488,0.6206855926239768,0.10098713208911803,1,1,0,0,1,Normal,Stage 2,Diabetes,Diabetes,0.6700177700563662,0.9629595934388465,0.08634145191936926,0.46438991138019464,0.6991309475006379,0.8707219975039706,0,0,0,0,0,0,0.6272156027143228,0,0,0,0.03890548635188558,0,0,1,0.6092514092753856,9.21113227776858,4.438049176179843,1,Confidential,0.12349825483771834
6256,Senior,0,0,1,3,Overweight,1,0.4738609917411126,0.7638743212701237,0.0,0.8060042412191836,0,1,0,0,0,Elevated,Stage 2,Diabetes,Diabetes,0.7973298321462562,0.057675650121749564,0.3983360698573306,0.6841007948878752,0.7349381916287963,0.40015667867002336,1,0,0,0,0,0,0.3589765398559862,0,0,0,0.5125947153396682,0,0,0,0.3746967664021792,1.1666304983757214,8.704240784005604,1,Confidential,0.5419994149093327
6257,Senior,1,3,0,3,Obese,0,0.979633714123093,0.21318656774112638,0.5091985011697759,0.9626243583170008,0,0,0,0,1,Normal,Normal,Normal,Diabetes,0.5147066732332797,0.40741741743105564,0.9090530754102619,0.2611700513177057,0.6187830718254848,0.12089862222026801,0,1,0,0,0,0,0.32515396086336257,0,0,0,0.47905881674711753,0,0,1,2.562909194267231,2.4208620284303017,6.237433821237697,0,Confidential,1.4690981650943449
6258,Young adult,0,2,1,2,Overweight,0,0.2394580037842684,0.7898555810107841,0.09673243156922923,0.6038541539762842,0,0,0,0,0,Normal,Stage 2,Prediabetes,Diabetes,0.6468079907720781,0.4225865684292376,0.5995967534265203,0.5780078907294204,0.11047351912364939,0.34032687138010786,0,1,0,0,0,1,0.7166096120928861,0,0,0,0.522388752243378,0,0,1,1.948259515214826,6.536370167229375,2.665619547593775,0,Confidential,5.427515645223642
6259,Senior,0,0,0,2,Obese,0,0.9037563151354719,0.7205089317750595,0.4184822186413721,0.3474734918265986,1,0,0,1,0,Stage 2,Stage 2,Diabetes,Diabetes,0.582356964417802,0.7220332201314874,0.19369746023040002,0.5639416017140835,0.8893502261221584,0.6995132421083735,0,0,0,0,0,1,0.9945813258332282,0,0,0,0.017564545827626774,0,0,0,3.095650365610772,5.949656198704671,1.1978554243510564,1,Confidential,0.21779660536544837
6260,Senior,0,0,1,1,Underweight,0,0.39960374242912877,0.26383980043471716,0.21268696945475823,0.9274974730681561,0,0,0,1,0,Normal,Stage 2,Diabetes,Normal,0.1654877865590899,0.23262313482115282,0.40286223780970865,0.3338516713899476,0.14691076485690419,0.08874952458341387,0,1,1,0,0,0,0.16931587518149757,0,0,0,0.9984425582925869,0,0,0,3.4067282498329465,9.420482166793064,0.8652526684177031,0,Confidential,2.7422240854991764
6261,Senior,0,0,1,1,Normal,0,0.44215815532513897,0.46279073193631387,0.5634215175215577,0.04766039231451946,1,0,0,0,1,Stage 2,Stage 1,Normal,Diabetes,0.3896095117321683,0.8364801806417368,0.1668827569598259,0.996598413884902,0.8587203040042741,0.4016962186423916,0,1,0,0,0,0,0.6568425440159676,0,0,0,0.2659991011258476,0,0,0,1.2586154559216962,0.0591716408036602,2.8243963491397936,0,Confidential,0.1943388972889539
6262,Young adult,1,1,2,2,Overweight,0,0.21575885755135615,0.500616290758872,0.5737374133176629,0.8822469735963013,0,0,0,0,0,Elevated,Stage 2,Normal,Prediabetes,0.3616478291969072,0.31853241428802503,0.35949244011687287,0.5162463506506105,0.6400785216270793,0.6167587808795097,0,0,1,0,0,0,0.0576842193782431,0,0,0,0.7588725697974203,0,0,0,0.267628884185362,8.80752135040294,6.325670218701567,0,Confidential,0.561638030288914
6263,Middle-aged,0,2,2,1,Obese,0,0.6093470426129717,0.2199828412451223,0.7633513169812446,0.9252835514414525,0,0,0,0,0,Stage 1,Stage 2,Diabetes,Prediabetes,0.15672095348799897,0.9628382869356594,0.507221737890954,0.9517771376204278,0.44470892916145166,0.39543759208410467,1,0,0,0,1,0,0.038677450510010376,0,0,0,0.5430505425160637,0,0,1,2.232509788453381,2.3665786812969456,7.708539336244837,0,Confidential,1.1405701676541042
6264,Young adult,1,2,0,3,Obese,0,0.7189187667718419,0.595107614977051,0.7404336492231628,0.15312033978475403,0,0,0,0,0,Normal,Normal,Normal,Normal,0.4533833532140553,0.3200662730253547,0.09249384816306372,0.7608071844044726,0.4387245302396676,0.700867755800825,0,1,0,0,0,0,0.8608230644344084,0,0,0,0.06060550171862957,0,0,0,1.5111098531658451,0.1567043791181488,5.775656172830892,0,Confidential,0.21082442805861784
6265,Young adult,0,2,2,0,Obese,0,0.21183352195433863,0.383629538655276,0.39578499528756295,0.8435267245225989,0,0,0,0,0,Stage 1,Stage 1,Diabetes,Normal,0.6047615425688609,0.17608712565909473,0.5562612368569306,0.5314485294193712,0.368816610948846,0.9940143357551492,0,0,1,1,0,0,0.06675682475890972,0,0,0,0.015637907565587698,0,0,0,1.3851424383140305,0.0652748935079705,6.371289921550906,0,Confidential,1.50823260217551
6266,Senior,1,3,0,2,Underweight,0,0.16770934404233093,0.3592967111030102,0.4096106278580117,0.8414191276120534,0,0,0,0,1,Stage 1,Stage 2,Prediabetes,Diabetes,0.21216563756396484,0.941603069895136,0.9095871417100458,0.9685353731258999,0.3996005817001924,0.45641833942522136,0,0,0,0,0,0,0.7171145254474838,0,1,0,0.4618516785903625,0,0,0,2.707902824003064,6.717070410796092,3.4288930365689216,0,Confidential,2.276240784835694
6267,Middle-aged,1,0,1,2,Obese,0,0.2015921958241844,0.5011700688702638,0.7337743054358002,0.3212881488987933,0,0,0,0,0,Normal,Stage 1,Diabetes,Normal,0.0676973889210526,0.3499514627003077,0.40054385270572834,0.5372953593875487,0.15529677403895054,0.913588670543726,1,1,0,0,0,1,0.06551701685785499,0,0,0,0.5666538850560362,0,0,0,0.6007076117446895,3.0836630490668924,7.976546513500721,0,Confidential,2.5792155386644833
6268,Senior,1,1,2,2,Underweight,1,0.8298459099538571,0.7412825904110719,0.8644969848372435,0.5472848561120852,1,0,0,0,0,Stage 2,Normal,Diabetes,Diabetes,0.6260431465646232,0.1396766113482933,0.8625478813635901,0.8232609667785233,0.5587461915562593,0.3734599685424099,0,0,0,0,1,0,0.9266146111285148,0,0,0,0.937376273249381,0,0,0,3.8443919545974783,5.274054827536644,7.112599870136376,1,Confidential,1.5437203767978462
6269,Senior,1,2,1,2,Obese,1,0.7707189083031425,0.6643482149174501,0.34649890699420643,0.22300340289230158,0,0,0,0,0,Normal,Stage 2,Diabetes,Diabetes,0.4793438926050062,0.43971263475041966,0.0977614047689459,0.7582731667437361,0.4052351565078264,0.9983158258560889,0,0,1,0,0,0,0.423500442339494,0,0,0,0.6761941688049559,0,0,0,2.059526686275143,0.5600455584432629,8.378673176160898,1,Confidential,0.24124610907755192
6270,Senior,0,0,0,3,Obese,1,0.33682057001844834,0.16125875423544284,0.009747708107932178,0.6114385326721973,0,0,0,0,0,Stage 2,Stage 1,Diabetes,Diabetes,0.5014013739017548,0.6609102651327595,0.06864908727860608,0.2958116914665248,0.5457581459365561,0.6873351107844229,0,0,0,0,0,1,0.4318700979643444,0,0,0,0.43104561655205775,0,0,1,1.7907200843029774,3.861699565441933,0.2391239244607146,1,Confidential,0.1257866470518728
6271,Senior,0,1,0,2,Obese,0,0.5578126397974856,0.732907689663258,0.6316739205036821,0.027870451612779457,1,0,0,0,0,Normal,Stage 2,Prediabetes,Diabetes,0.5631331948306736,0.5862136203003013,0.04792584425009694,0.14304714157928977,0.4733993021153833,0.8336573812277871,0,1,0,0,0,0,0.34278826620071906,0,0,0,0.2252905686483477,0,0,0,1.6424523100124504,9.897298718346672,7.626919322118482,0,Confidential,0.10123767406487601
6272,Young adult,1,0,2,2,Normal,0,0.8512793529062922,0.6656797343057731,0.3579414356732637,0.06213871712478636,0,0,0,0,0,Normal,Stage 2,Normal,Normal,0.6122219951192618,0.8166331631017892,0.5826047085409678,0.3595374806577077,0.23506078056949492,0.2334345930987071,1,1,1,0,0,0,0.10657449453803114,1,0,0,0.2973497841461503,0,1,0,2.31426581938076,1.3485433072120212,7.839334774796667,0,Confidential,2.478527924264774
6273,Senior,1,3,0,3,Normal,0,0.9206238149511164,0.2820380216069693,0.012449431571971016,0.6656533386596174,0,0,0,0,1,Elevated,Stage 2,Diabetes,Normal,0.3407742863833645,0.9127695307868985,0.08403810021267355,0.10681759616614034,0.2839535299998791,0.4246757358994152,0,0,0,0,1,0,0.8799551817530085,0,0,1,0.32157030676353887,0,0,1,1.0153632166780664,8.564797577983857,5.9432645677690985,1,Confidential,0.29595723008870267
6274,Middle-aged,1,3,2,2,Underweight,1,0.8421867160199361,0.6845287955285474,0.7311836782649989,0.017699513274246015,0,0,0,0,0,Stage 2,Stage 2,Normal,Diabetes,0.5250971002518667,0.3191679016625313,0.12301587401855696,0.17833783994243452,0.5195475148466001,0.8682502607736653,0,0,0,0,0,0,0.48359963373889936,0,0,0,0.007531021915141486,0,0,0,2.9242273218660686,1.4225946014447688,8.763512436409469,0,Confidential,0.2367750215394221
6275,Young adult,1,0,2,1,Normal,0,0.13294183659841868,0.3587977787844535,0.6597910350118962,0.826532797564944,0,0,0,1,0,Stage 1,Stage 2,Diabetes,Diabetes,0.23829218256666063,0.7238960065137254,0.8628550381795896,0.7048016048460484,0.7672572732464291,0.208419425435637,0,1,0,1,0,0,0.024248690339489273,1,0,0,0.37144792038822216,0,0,0,0.9178276605380096,2.5275721826496578,2.58635637677544,1,Confidential,1.1245967529622314
6276,Senior,1,0,0,2,Normal,1,0.9847066855598791,0.7133445460041767,0.13486086724648974,0.9697486219693133,0,0,0,0,0,Normal,Stage 2,Diabetes,Diabetes,0.6355577432045021,0.7882504961613341,0.8237332263841757,0.1649858194676968,0.74566193476931,0.8376097660465779,0,1,0,0,0,0,0.1566945110585786,0,0,0,0.6332202074367628,0,0,0,2.483843269293733,9.20480614854652,3.948582782238925,1,Confidential,1.104700653170688
6277,Senior,1,0,2,2,Obese,1,0.48888519444363554,0.3786861822241773,0.45597910140118947,0.8325686357133771,0,0,0,1,0,Stage 1,Stage 2,Prediabetes,Diabetes,0.5349446043091521,0.4949551843134725,0.06441262804462644,0.8490118600659415,0.891947206986903,0.7825314536215341,0,0,1,0,0,0,0.7255222679771443,0,0,0,0.8102700028751564,0,1,0,0.6728806789077542,0.2327859480523753,3.551306871752953,0,Confidential,0.07221574050578562
6278,Senior,0,0,1,2,Overweight,1,0.8145900545359042,0.1246510784432072,0.8805353558383625,0.21764380835253783,1,0,0,0,0,Stage 2,Stage 1,Normal,Normal,0.5255376324631126,0.2567458275725667,0.48390763707119766,0.2380417009012416,0.94876421288641,0.9616625417764268,0,0,1,0,0,0,0.7893798330311689,1,0,0,0.1691274674188168,0,0,0,1.4651316281279785,1.7964562774672057,8.194379591424925,0,Confidential,0.5100399345787013
6279,Young adult,0,2,1,2,Underweight,0,0.85703287430629,0.13274915232361062,0.5188928831695937,0.7051061475066197,0,0,0,0,0,Stage 2,Normal,Prediabetes,Diabetes,0.9834180733405462,0.9148916083735018,0.9413838149898,0.09534586038099674,0.4045647990342648,0.409173261950194,0,1,0,0,0,0,0.83164937430251,0,1,1,0.3483444879831298,0,0,0,1.0596800185157311,8.898145367344153,0.5364468681816958,0,Confidential,2.326904904324286
6280,Senior,0,0,1,3,Obese,0,0.7861610906661223,0.9245442356742637,0.551248254215927,0.39550371535073825,1,0,0,0,1,Normal,Stage 2,Diabetes,Diabetes,0.608862421058036,0.43335086018931535,0.9893143050739224,0.5495244749279256,0.08061479017438161,0.9559991272219757,1,0,1,0,0,0,0.6671589147489217,0,0,0,0.42884389471455564,1,0,1,2.533262613129356,0.933429576716528,2.3950833499352697,1,Confidential,12.272119085516323
6281,Young adult,1,0,1,3,Obese,0,0.7408554741141178,0.6422433331994318,0.35290900229870575,0.2790245374562548,0,1,0,0,1,Normal,Normal,Normal,Diabetes,0.25117733309275175,0.06260645254696827,0.7497998443921916,0.9703550155181291,0.9144045978716415,0.30507352804773946,0,0,0,1,0,0,0.8538774806746732,0,0,0,0.3407105682993742,0,0,1,0.5204258073910739,6.514829671121339,6.532196954465487,1,Confidential,0.8199869577836965
6282,Senior,1,0,2,1,Overweight,0,0.720678984107009,0.1460662820746422,0.5690706778710992,0.4914275623800747,0,0,1,0,0,Normal,Stage 1,Diabetes,Diabetes,0.6552461749051388,0.017662380754407833,0.8102064485305411,0.06477880308679401,0.8614142128003544,0.036908907012978276,0,0,0,0,0,0,0.5381424246029725,0,0,0,0.5735639193297825,0,0,0,1.159447119904136,0.7107209263586622,1.0680171598903343,1,Confidential,0.9405538433091986
6283,Middle-aged,0,2,1,2,Normal,0,0.3337536835875952,0.23247732482233924,0.28220314486241593,0.4960269602572215,0,0,0,0,0,Stage 2,Stage 1,Prediabetes,Diabetes,0.5579295869180984,0.695133160945095,0.22555456298729148,0.47726275680359526,0.5361146115302977,0.8540397601293105,0,1,1,0,0,0,0.26368304881136756,1,0,0,0.36312706008997925,0,0,0,3.2118945131954364,3.1623025573852326,4.69054628651242,0,Confidential,0.42072079017481623
6284,Senior,1,0,0,1,Obese,0,0.4748033585506189,0.7371893940132384,0.9588556380847317,0.2469287467571174,0,0,0,0,0,Stage 2,Stage 1,Normal,Diabetes,0.713669698445669,0.2184129104566065,0.5779390452484574,0.9814344920249969,0.9287410722339879,0.3812968347778747,0,1,1,0,0,0,0.37280020654872026,0,0,0,0.1211721997074597,0,0,0,2.929595036825196,4.847656753852256,4.683693260390168,0,Confidential,0.6222822081705577
6285,Senior,1,0,1,0,Obese,0,0.4376044229659112,0.6132105820519332,0.2682448585554135,0.3572820932167632,0,0,0,0,0,Normal,Stage 1,Diabetes,Normal,0.7348591291350252,0.32223540495280556,0.4202655454433428,0.7290271835274351,0.7431048555102103,0.25746231771066086,0,0,0,0,0,0,0.3998763461862802,0,0,0,0.9164721115571879,0,0,0,2.456934765865684,8.692658377988804,6.9629589369169365,0,Confidential,0.5655534913101753
6286,Middle-aged,1,0,1,3,Normal,0,0.7120513351544614,0.7580423941181172,0.2988395055152172,0.6877712886581969,1,0,0,0,0,Stage 1,Stage 2,Prediabetes,Diabetes,0.8824952638550838,0.20145072496654187,0.1042420670848061,0.035580702195426084,0.5740941762085887,0.4191920468555014,1,0,0,0,0,0,0.6255341027775184,0,0,0,0.3392544386615921,0,0,0,3.2861915414967515,0.4711478036742933,8.043293703152921,0,Confidential,0.18157659736811416
6287,Senior,0,3,1,0,Underweight,0,0.3437211043862579,0.33235429653217136,0.32643445336264376,0.4622987215047988,0,0,0,1,0,Stage 2,Stage 2,Diabetes,Prediabetes,0.8427610646989973,0.37653511897264025,0.8396037413400312,0.6292593098784505,0.7193019948941118,0.43213545093794303,1,1,0,0,0,0,0.5710942311573655,0,0,0,0.5777754772682286,0,0,1,0.5110459225600681,1.2875096277253562,2.994759816935784,0,Confidential,1.1672478976839609
6288,Young adult,0,0,1,2,Obese,0,0.20562029220508612,0.4463474434378473,0.9414402702041492,0.33562903525717724,0,0,0,0,1,Stage 1,Normal,Prediabetes,Normal,0.9095695471506511,0.7108427267293311,0.7908415117601175,0.14124320407112384,0.5433157089621818,0.15955643106212794,0,1,0,1,1,0,0.6807068445553774,0,0,0,0.6525977028362738,0,0,0,1.083639450691099,7.656512428161278,3.673594266592425,0,Confidential,1.4555837401991354
6289,Middle-aged,1,0,1,3,Underweight,1,0.4251129887554488,0.27475735330475554,0.00953207012674872,0.5143177249106804,0,0,0,0,0,Elevated,Normal,Normal,Diabetes,0.2793359263245754,0.7977919523664837,0.37144632642581277,0.8659043195529172,0.054871370303375744,0.5700099907132128,0,1,0,0,0,0,0.8615444508389553,0,0,0,0.28506917607055277,0,1,0,1.5776641381752965,1.329768691340354,8.282495905730208,0,Confidential,6.7694013175202405
6290,Middle-aged,0,2,0,3,Overweight,0,0.34658955945837083,0.6330227637870476,0.3438444011738662,0.07856701796793286,1,0,0,0,0,Elevated,Stage 2,Diabetes,Prediabetes,0.4597116137656859,0.7815302483281035,0.6681042712219551,0.4570576271949332,0.74291612771758,0.43001950014036383,1,1,0,0,0,0,0.07727073419374529,0,0,0,0.15282790789720735,0,0,0,2.8670039556545657,4.776971580501069,5.180351000933618,0,Confidential,0.8992997275137031
6291,Middle-aged,1,0,2,2,Underweight,0,0.6665089611938624,0.36101747443512006,0.24998939014617919,0.7790185459563485,0,0,0,0,0,Stage 1,Normal,Diabetes,Normal,0.03133336580161396,0.150722766294822,0.04539537970823071,0.09484875559845457,0.5775824152440734,0.014335360829918625,0,1,0,0,0,0,0.25883555452227003,0,0,1,0.0299838585594661,0,0,0,1.0520049582768132,4.348138876324272,4.276675603281463,0,Confidential,0.07859550171562553
6292,Young adult,1,2,0,1,Normal,0,0.7231270313077615,0.7437901920125777,0.06177862790122404,0.3845227884899908,0,1,0,0,0,Normal,Stage 1,Prediabetes,Normal,0.27850157717137003,0.6378241091195889,0.15882348718478778,0.3798337984879014,0.4064829853588997,0.28713610881250173,1,1,1,1,0,0,0.9972555741794281,0,0,0,0.3975417532089021,0,0,0,1.9156349776791788,0.7746590438628376,2.238385888549904,0,Confidential,0.3907260399707907
6293,Young adult,0,3,2,2,Obese,0,0.761621865914873,0.9174479925874995,0.5138513136310415,0.2552707718087428,0,0,0,0,0,Normal,Stage 1,Prediabetes,Diabetes,0.6465539234290102,0.22131903800986946,0.5725298574552073,0.6637302920600181,0.1405666514643531,0.910932801297694,0,0,1,1,1,0,0.20663748365279144,1,0,0,0.823606370147315,0,0,0,3.321256473326486,6.017697361885441,5.8605858608843935,1,Confidential,4.073013417413573
6294,Senior,1,0,1,0,Obese,0,0.28776914729916836,0.5173044858650694,0.8118701453799406,0.10352516643103438,1,0,0,1,1,Stage 2,Normal,Normal,Diabetes,0.3498903674589945,0.7431108909918441,0.8427853432454981,0.01559485662727994,0.9565700216313224,0.8753741357532674,1,0,1,0,0,0,0.9551076762753931,0,1,1,0.43999858020234167,0,0,1,2.2503096485324647,1.3257372115437682,1.9788915286180984,0,Confidential,0.8810492950722234
6295,Senior,1,0,1,3,Obese,1,0.831060613666144,0.3846365959080819,0.07627481091775003,0.006972569098161241,1,1,0,0,0,Stage 2,Stage 2,Diabetes,Diabetes,0.9125411669652899,0.3454459196826298,0.5502285515256606,0.27747581588488196,0.5016555269840759,0.05287455438172037,0,0,0,1,0,0,0.9122348261915051,0,0,0,0.3148821018434258,0,0,0,3.3443016124656046,1.6294534095967006,3.946189964578585,1,Confidential,1.0968254547769123
6296,Middle-aged,0,0,1,1,Obese,1,0.7341278835084298,0.10542749330869217,0.30903932472190976,0.813927036132052,0,1,0,0,0,Stage 2,Normal,Prediabetes,Diabetes,0.9137192981901003,0.02472049286473542,0.8399355745040826,0.980879014149763,0.8575431103927642,0.6289957228351443,0,0,0,0,0,0,0.41653620325613305,0,0,0,0.5478003693053792,0,0,0,3.443456189839669,2.8412137679720137,6.5353011458894485,0,Confidential,0.9794674627137787
6297,Young adult,1,3,0,2,Normal,0,0.5880318539608242,0.23661997368767498,0.07240706546294297,0.8604434307533929,1,0,0,0,0,Stage 2,Stage 2,Diabetes,Normal,0.7431387555425224,0.2831205210286438,0.6068573733612375,0.04441258843174423,0.07363845116409307,0.48684164802179264,1,1,0,0,0,0,0.6345391340123503,0,0,0,0.23996610303215365,0,0,0,3.36359564418604,3.955779464071021,3.905655063129601,0,Confidential,8.241039345177699
6298,Middle-aged,1,3,0,3,Normal,0,0.9980533372588436,0.015024335985205564,0.36585808661979813,0.37801570600677914,0,0,0,1,0,Normal,Stage 2,Diabetes,Diabetes,0.1497627231434464,0.4294787443375587,0.205062767971103,0.9470581732087906,0.1695603755512513,0.3305525524541747,0,0,1,0,0,0,0.5066570370212916,0,0,0,0.9875137528005971,0,0,0,2.527586259785488,6.901443848574259,7.298946103415806,1,Confidential,1.2093790622038387
6299,Young adult,1,1,2,1,Overweight,0,0.35943900751628227,0.4769917991203017,0.9115638580115223,0.26153790454375825,0,0,0,0,0,Normal,Stage 1,Diabetes,Diabetes,0.016994399671942675,0.3266214954391536,0.8639640596319418,0.6569198243789451,0.18399464084947637,0.4865305746112927,0,1,0,0,0,0,0.08251185504969816,0,0,1,0.384925814006763,0,0,0,1.252389005657205,4.558494378624991,1.7964999267812798,0,Confidential,4.6955936088309205
6300,Young adult,1,0,2,3,Obese,0,0.3530369830015022,0.676930967991226,0.11800081368540173,0.6036613842623048,0,1,0,0,0,Stage 2,Stage 2,Normal,Normal,0.34757635228210315,0.5528856335326267,0.056681294523359904,0.4011280142195897,0.5693515482648184,0.8713444182202332,0,1,1,0,0,0,0.9692615219276823,0,0,1,0.48190675078565653,0,0,0,2.1480484209727684,5.767043837277976,1.0203407460225675,0,Confidential,0.09955412380295511
6301,Young adult,0,1,0,3,Underweight,0,0.8145620091601572,0.7962515110938414,0.3441692567345803,0.26171029329593487,1,0,0,0,0,Normal,Normal,Prediabetes,Diabetes,0.4812028214030706,0.7120170353877404,0.9181490485883819,0.5620560553952361,0.33219835863633584,0.7342547229723512,1,0,1,0,0,0,0.616116612157651,0,1,0,0.20360545106660877,0,0,0,2.33867471168596,7.274933636506013,2.846252907808553,0,Confidential,2.763857872017658
6302,Senior,0,0,1,1,Obese,0,0.8419964188460269,0.8060528311811094,0.3665943712852044,0.621773828257501,1,1,0,0,0,Stage 2,Stage 1,Diabetes,Diabetes,0.9069337169442766,0.9991076161928235,0.9109857001513779,0.4889584990435953,0.6259262029544012,0.39673019191151715,1,0,0,0,0,0,0.22379943147770975,0,0,0,0.5853770333543894,0,0,1,1.9180669139374675,9.505839228235905,8.746946208064479,1,Confidential,1.4554202969159664
6303,Senior,1,0,0,2,Normal,0,0.8055095717099577,0.9345355506723976,0.3032900317165147,0.8528152343772949,0,0,0,1,0,Normal,Stage 2,Diabetes,Normal,0.16906407866581558,0.7010663133737112,0.4495694433100046,0.2052239320089883,0.6304292264143714,0.9940295679795341,0,1,0,0,0,0,0.1650828626120835,0,0,1,0.9518198256629642,0,0,0,3.323420179555608,5.568670057260597,1.0828422232265156,0,Confidential,0.7131164363476219
6304,Young adult,1,2,1,3,Overweight,0,0.3218542660298839,0.7817077834193931,0.12726235946771014,0.7250956228587456,0,0,0,0,0,Elevated,Normal,Normal,Normal,0.8233611547016715,0.9748085507795375,0.9077737270084163,0.5529048221925386,0.6267429704269338,0.7264981446137453,1,1,1,0,0,1,0.3729734386868837,0,0,0,0.2580781542692343,1,0,0,2.739720548419142,5.562309646977449,1.4806859287507168,0,Confidential,1.4483987373484952
6305,Young adult,0,3,1,2,Obese,1,0.5384512738511639,0.12868529606178608,0.18813088810907633,0.4012259244411437,0,0,0,0,0,Normal,Normal,Diabetes,Normal,0.071354993029612,0.7323793631834145,0.5510771045960539,0.3315252816615594,0.2868401458321155,0.4782363010201627,1,0,0,0,0,0,0.18100126304859537,0,0,0,0.3574021211002977,1,0,0,0.2116293372310735,8.473369066262144,1.945355431620317,0,Confidential,1.9211993600037893
6306,Senior,1,2,0,1,Underweight,1,0.678582386130162,0.6221713282679044,0.020668466810649894,0.1267179768643596,1,0,0,0,0,Elevated,Normal,Normal,Diabetes,0.8337093936830499,0.6294731421704531,0.18191996872755611,0.9604190035013462,0.5869250666336904,0.9379009828928015,1,0,0,0,1,1,0.22798689034455746,0,0,1,0.9201050474163184,0,0,1,2.899459300350239,8.72605500231393,7.923826286999533,1,Confidential,0.30995433500729214
6307,Middle-aged,0,0,0,1,Overweight,0,0.7256830549608574,0.5107977556685275,0.20131815449582985,0.02548732927196906,0,0,0,0,0,Stage 2,Stage 2,Prediabetes,Diabetes,0.4016179518973575,0.8981238725137154,0.03839473483536193,0.7234572990801376,0.02169182905059841,0.07656760050733633,1,1,1,0,0,0,0.08777670382654415,0,0,0,0.2793064193672947,0,1,0,1.4812429396154363,5.56629820468469,6.047071341437352,0,Confidential,1.7700091009293077
6308,Senior,0,0,0,2,Underweight,0,0.5794126820934176,0.8575923255502231,0.8927024694839463,0.30173227127101776,1,0,0,0,0,Normal,Stage 2,Normal,Normal,0.07765749807048196,0.1793680458492975,0.5472377717217005,0.21345316314556223,0.3778069792142973,0.23636710368242267,0,0,0,0,1,0,0.9838515730608174,0,0,0,0.04752830596393674,0,0,0,1.3866355572383142,4.153973087288549,5.3442213622418056,0,Confidential,1.4484586093665035
6309,Middle-aged,0,0,1,2,Underweight,0,0.9717722346864826,0.3038488748449667,0.26818406971223585,0.8890792988905346,0,0,0,0,0,Normal,Stage 2,Diabetes,Prediabetes,0.6205586137050327,0.9403202112917656,0.9539627375723347,0.49126642582635854,0.19886459929465433,0.7151025619481428,0,1,0,0,0,0,0.8138533229786195,0,0,0,0.5044969952315755,0,0,0,2.622787537820614,2.0658175963915184,1.0203226596732862,0,Confidential,4.797046537975642
6310,Senior,1,1,2,2,Overweight,0,0.05123856325848147,0.434763201287949,0.3955028112322112,0.6775958304476973,0,0,0,0,0,Stage 2,Normal,Diabetes,Diabetes,0.3393275512043252,0.2786455182178083,0.8552914906268643,0.5892595432632546,0.5104165558903557,0.38810524735938134,1,1,0,0,0,1,0.5925063114607477,0,0,0,0.6797305301265372,0,0,0,0.0618129617634344,5.986990886886332,4.769646836519562,1,Confidential,1.6756734881667754
6311,Middle-aged,1,0,2,1,Normal,1,0.7807822400281915,0.6077056620838466,0.466391834458888,0.3485298201089563,1,0,0,0,0,Stage 2,Stage 2,Diabetes,Diabetes,0.24459979480169775,0.9644537040374735,0.36651002714915126,0.8977565130961924,0.43697898801454316,0.6140499738284345,0,1,0,0,0,0,0.6032682078245118,0,0,1,0.31432925347806157,0,0,1,3.820936201613629,0.8412098014002611,5.3098310572040255,1,Confidential,0.838736042697214
6312,Middle-aged,1,3,1,2,Normal,0,0.0414808141857871,0.4890255896222474,0.4869068476130489,0.21473229176206388,0,0,0,0,0,Normal,Normal,Normal,Diabetes,0.1459508088411523,0.8539955911641639,0.8066827573614073,0.3830218909442085,0.3758585086497458,0.6890459240764395,0,1,0,0,1,0,0.6275858268998377,0,0,0,0.25388027851053646,0,0,0,1.9216412378084584,2.540809701303512,4.096259141476633,0,Confidential,2.1462405101839455
6313,Middle-aged,0,0,0,1,Normal,0,0.7880152529728965,0.4362529163062293,0.7218827361890627,0.3234204815928269,0,0,0,0,1,Normal,Stage 2,Prediabetes,Diabetes,0.5403949040331624,0.9218143619310614,0.07421053986750348,0.8740705580145962,0.09489391828892235,0.8892584436592874,0,0,0,1,0,0,0.3693521330469342,0,0,0,0.4714240576517136,0,0,0,2.0893443401919654,0.1567044116568994,1.155630175999789,1,Confidential,0.7820368386681594
6314,Senior,0,0,1,2,Overweight,0,0.22662063779934297,0.26939742471877914,0.8642950915629622,0.7588903291516741,0,0,0,0,0,Normal,Normal,Normal,Diabetes,0.3130924534439255,0.609799589539305,0.3192389549941934,0.48003870995708847,0.6215018006816192,0.7140345632495118,0,0,0,0,0,0,0.5921957207829488,0,0,0,0.7261801593041518,0,0,0,3.6126911873640366,9.767470744830606,7.045466249434776,0,Confidential,0.513657329140599
6315,Senior,0,0,1,3,Obese,0,0.00844110726789236,0.42945734997918183,0.662420479996499,0.7404609545381532,0,0,0,0,0,Normal,Stage 2,Normal,Prediabetes,0.6916917829025984,0.6407501451449449,0.06678396356125349,0.14356166021391725,0.5294022077030829,0.9612849117065054,0,1,0,0,1,0,0.44094343438943445,0,0,0,0.9078123609515983,0,0,0,2.445336600316002,4.798848283661766,1.7546396652559115,0,Confidential,0.12614976399703554
6316,Senior,0,0,1,2,Obese,0,0.2157938498819298,0.18028646792655673,0.2541920319725808,0.8787830332501895,0,0,0,0,0,Normal,Normal,Normal,Prediabetes,0.058209813374633115,0.6461731472254648,0.7365365422910424,0.7614663607314405,0.854322110472056,0.09430168415736534,0,1,0,0,1,0,0.09364660859368762,0,0,0,0.08504167368604415,0,0,1,3.118792350907285,0.3011538646228084,9.588360608070662,0,Confidential,0.8621297906992819
6317,Middle-aged,1,0,2,3,Obese,0,0.8469826286619565,0.3462741809053548,0.32459105599196836,0.7812643534214797,0,0,0,0,1,Stage 2,Stage 1,Diabetes,Normal,0.010155920312999153,0.7824715675282192,0.4881597190971594,0.32682522169448786,0.8825189546885033,0.6296226249033665,0,0,0,0,0,0,0.4029924426866446,0,0,0,0.921318274692572,0,0,0,0.4823194702087243,3.184711708595528,4.784507710005306,0,Confidential,0.5531436084219424
6318,Middle-aged,1,1,0,1,Obese,0,0.47221205995107457,0.43601778289190546,0.770454566130362,0.4536994785085108,0,0,0,0,1,Stage 2,Stage 2,Diabetes,Normal,0.6421646836989453,0.8447394063554815,0.3435308305524787,0.5710718952747287,0.6098380799945027,0.06148167041343486,0,1,1,1,1,0,0.5695032044407247,0,0,0,0.4080932100908919,0,0,1,1.8472426729488984,5.175208753394188,9.879987201610335,1,Confidential,0.5633148237571117
6319,Senior,0,0,1,2,Obese,0,0.5411416109388342,0.014091290656457917,0.5384850937563161,0.6434050168135842,0,0,0,1,0,Elevated,Normal,Normal,Diabetes,0.5172696738266988,0.4199582905666239,0.9944271460613159,0.045362440170870266,0.7629678729365483,0.1573676288078976,0,1,0,0,0,0,0.9435747953792611,1,0,0,0.9161835687638074,0,0,0,3.606918861204676,9.511542044481097,9.993029038003792,0,Confidential,1.3033669979234062
6320,Young adult,0,1,2,2,Obese,0,0.7277595934023215,0.849260664895943,0.6494966714948878,0.08602531899059074,0,0,1,1,0,Normal,Stage 1,Normal,Normal,0.8256261212360202,0.955848890229413,0.28892208008872844,0.15603756383693806,0.32178811163273235,0.47940416447358625,0,0,0,0,1,0,0.3337965358509315,0,0,0,0.164811285590794,0,0,0,1.7588331688438532,3.963972098326428,7.488546822270817,0,Confidential,0.8978643698884842
6321,Young adult,0,0,2,3,Underweight,0,0.8775327679583688,0.6986040231859324,0.10229784784149638,0.7303027195252695,0,1,0,1,0,Stage 2,Stage 2,Diabetes,Normal,0.9875295505992465,0.4132764745262827,0.14704435369720703,0.5265241772763212,0.34789391785987034,0.05439543913736847,0,0,1,0,0,1,0.019250281729911868,0,0,0,0.9379169576112861,1,0,0,2.990751687037532,1.229038413021104,9.905809387532848,0,Confidential,0.42267009035908365
6322,Senior,0,2,1,3,Normal,1,0.2827038709443251,0.25328002057469906,0.20129550092177662,0.29696328526818194,0,0,0,1,0,Normal,Normal,Diabetes,Normal,0.13991267920473016,0.3600334823485131,0.6362918176944221,0.5287426893396934,0.19103917111268942,0.04201191332944132,0,1,0,0,0,0,0.07601995002947771,0,1,0,0.8157906913150523,0,1,0,3.261939813342777,2.869036639071428,4.991392731793619,0,Confidential,3.3306877013148726
6323,Senior,0,0,2,2,Obese,1,0.882647045587382,0.3811645627745746,0.5926006100435761,0.08723036203654966,0,0,0,0,0,Normal,Stage 2,Normal,Diabetes,0.6434710712843515,0.20763630416498652,0.3834647207311386,0.29497226851743735,0.844224777888037,0.3520327310613124,1,1,0,0,0,0,0.4023824292896902,0,0,0,0.11969568898791677,0,0,0,1.4516861270476502,2.4249271509311687,9.23304154127939,0,Confidential,0.4542211159573364
6324,Young adult,0,0,1,3,Obese,0,0.9832824631579213,0.9025143434028811,0.4147551489893281,0.8355560727813393,0,1,0,0,0,Stage 2,Stage 1,Diabetes,Diabetes,0.9931468208767378,0.20394144662249153,0.24951664028011078,0.203837166882551,0.7184736984978767,0.7650627012941762,0,0,0,0,1,0,0.5638752427265936,0,1,0,0.67549088409683,0,1,0,1.8960466109247236,8.195683741235275,8.196659159838163,1,Confidential,0.34728709039980005
6325,Middle-aged,0,2,2,2,Normal,0,0.8819958684871311,0.9559603434520906,0.5980924627894907,0.11615201346479354,0,0,0,1,0,Stage 2,Stage 2,Diabetes,Normal,0.7793487512547669,0.6340935221727833,0.577151238658989,0.0830812634826471,0.45254908412068207,0.930708380274043,1,0,0,0,0,0,0.13068154983674712,1,0,1,0.31989202479397455,0,0,0,0.957541756101683,8.14006839072729,7.798195312282379,0,Confidential,1.275334011072883
6326,Young adult,0,0,1,2,Obese,0,0.8584727346876302,0.19809010129227658,0.10962870363920275,0.36522947642442605,0,1,0,1,0,Normal,Stage 2,Prediabetes,Normal,0.1786508419412255,0.15660748027043558,0.2954633696318134,0.2576885411709761,0.1405079843861881,0.6849184944567567,0,1,0,0,0,0,0.8162671317008257,0,0,0,0.8996569726221624,0,0,1,3.9342321195958143,8.338770707458236,2.606637785563737,0,Confidential,2.1028226326251205
6327,Young adult,1,0,2,3,Normal,0,0.9231292521715413,0.8632067060157201,0.30581947162768897,0.7342020922272282,0,0,0,0,0,Normal,Stage 2,Normal,Normal,0.8303179383643368,0.6019980919699421,0.24820301067285455,0.5166460569973566,0.35111646042339406,0.36510358890355255,1,1,0,1,0,0,0.8663438822318941,0,0,0,0.14902270283858224,0,0,0,1.5118284749581363,2.1471821213725195,9.22155438885236,0,Confidential,0.70689653903881
6328,Senior,1,0,1,3,Obese,0,0.14305692551747984,0.6057186933511663,0.5230702652117272,0.15643027702220214,0,0,0,0,0,Normal,Normal,Prediabetes,Diabetes,0.8870297832185475,0.23498503897139605,0.7207899998222431,0.443377151453839,0.6001128850066964,0.6807080969906274,0,0,0,0,0,0,0.8543749206328595,0,0,1,0.8292027811798652,0,0,1,3.529943578771344,7.580690852952139,2.0005506499885453,0,Confidential,1.201090691152549
6329,Young adult,0,0,1,0,Normal,1,0.28555423233849797,0.5727248594736284,0.8051716440228721,0.7595004766050762,0,0,0,0,0,Stage 2,Stage 2,Normal,Diabetes,0.24073105691148372,0.51024664167908,0.8691549160945555,0.25337392384064045,0.1760029892519861,0.18108822510998954,0,1,1,1,1,0,0.9595270561205609,0,0,0,0.7553311221184036,0,1,0,0.9909665501921544,2.1553528856544246,8.70271813627454,1,Confidential,4.938296331150226
6330,Senior,0,0,1,0,Obese,0,0.3229700016476568,0.5508693007553614,0.09084155299481844,0.10697089941820381,0,0,0,0,0,Stage 2,Normal,Diabetes,Prediabetes,0.9692248097318059,0.4979210776539862,0.25829048321333437,0.17412795030495182,0.5349557197957301,0.8152119465598818,0,0,1,0,0,1,0.09739255087272745,0,1,0,0.35669962019063034,0,0,1,2.3515561878909828,9.94841915519534,3.999451294238068,0,Confidential,0.48282591185670687
6331,Middle-aged,1,0,0,1,Obese,0,0.049317051391169354,0.9754048396625538,0.6980167090945805,0.2660412306904586,1,1,0,0,0,Stage 2,Normal,Diabetes,Diabetes,0.9359723992951521,0.5031733269259436,0.4983238659588807,0.8870412792025113,0.5228374425693372,0.010177547083052768,0,0,0,0,0,0,0.19172893510081188,0,0,0,0.2184763627824089,0,0,0,0.9973429717271752,5.786870453241812,6.257912856144823,1,Confidential,0.9531143437432648
6332,Middle-aged,1,0,0,1,Underweight,1,0.986796352941617,0.8788461387730778,0.08356915356795358,0.486069694772968,0,0,0,0,0,Normal,Normal,Prediabetes,Diabetes,0.6953866955888628,0.718753531595344,0.45259229956082137,0.879361617772435,0.19167756280396842,0.32988837398487525,0,1,0,0,1,0,0.9970827378973863,0,0,0,0.7738726332631444,0,0,0,1.8861467320583143,9.384482992322525,7.551823164292296,0,Confidential,2.361216894351346
6333,Young adult,1,2,2,0,Obese,1,0.7225479695701122,0.24682815034446748,0.26482806507976697,0.6054116290170882,0,0,0,0,1,Normal,Normal,Diabetes,Normal,0.6895030619370116,0.3667979199055453,0.628343651444814,0.6256589661582106,0.49652662165591066,0.788528954486423,0,1,0,0,0,1,0.5927111991143575,0,1,0,0.020911473500556388,1,0,0,1.3954633186741785,9.907163961383302,9.2192539548678,1,Confidential,1.265478272543162
6334,Middle-aged,1,0,0,0,Overweight,1,0.9570728836058213,0.5921594494245451,0.12105426148588029,0.18840527784907501,0,1,0,1,0,Stage 2,Normal,Prediabetes,Normal,0.7518854278620631,0.9068179464577487,0.8091910627340486,0.6593709822039111,0.9341485385631105,0.9494140513207512,1,0,0,0,0,0,0.6259823779872274,0,0,0,0.11659960243391931,0,0,0,1.6014338203792031,5.309079841187092,6.020732460451565,0,Confidential,0.8662338261308323
6335,Senior,1,3,2,2,Overweight,0,0.02935456674395077,0.10546864922004878,0.8892533971058839,0.8996643172267579,1,0,0,0,1,Stage 1,Stage 2,Diabetes,Prediabetes,0.26269794535725544,0.3097184134665167,0.6936156536507885,0.7751017663716464,0.20457629497804197,0.9903988607533447,0,1,1,0,0,1,0.3582558302651501,0,0,0,0.9564408689730743,0,0,0,1.2169066521710057,4.175580011643073,9.38820451642725,1,Confidential,3.3904986583378935
6336,Senior,1,2,2,1,Obese,1,0.004093761927229181,0.9265512530320226,0.03267266031752854,0.15772734155498225,0,0,0,0,0,Normal,Stage 2,Diabetes,Diabetes,0.3509128216670941,0.5616778102690725,0.15558330427155775,0.2378293069545971,0.33164146985326903,0.9778303348583031,0,0,0,0,0,0,0.9937711943980557,0,0,0,0.5656220955631023,0,0,0,0.7769434247104101,6.399953563601942,1.3684575030765669,1,Confidential,0.46913102978464605
6337,Senior,0,0,0,1,Overweight,0,0.7523051961330646,0.798044098333766,0.08258495311274776,0.5532708154312348,0,0,0,0,0,Normal,Stage 2,Diabetes,Diabetes,0.1636960134301903,0.8783961670473392,0.9278116850236262,0.4334899742677167,0.12409375858896554,0.6358986710766176,0,0,0,0,0,0,0.8932987374685868,0,0,0,0.743450950319264,0,0,1,2.4456056970008504,5.105188989413623,5.749714608024561,1,Confidential,7.476699034451903
6338,Middle-aged,1,3,1,3,Obese,1,0.6764422435598689,0.6870064675412721,0.6239953511073261,0.04912260630568066,0,0,0,0,1,Normal,Stage 2,Diabetes,Prediabetes,0.09503527446193567,0.34783906101236156,0.8104459649716642,0.8923853085574682,0.10290892237456162,0.02554485291306277,0,0,0,0,0,0,0.9101846509707759,0,0,0,0.9769892354619716,0,0,0,1.4676027768091018,1.389220037158421,6.359779563674017,0,Confidential,7.875371214381707
6339,Young adult,1,3,1,1,Overweight,1,0.1220305170720064,0.15683402950648995,0.9878290225675125,0.16522818083545343,0,0,0,0,0,Stage 2,Stage 1,Normal,Diabetes,0.6265370533289589,0.332246448383363,0.6242211884328708,0.5580326223453078,0.1203802117917398,0.9289564118078122,1,0,0,0,0,0,0.13204466866276507,0,0,0,0.6422293419954621,0,1,0,0.9815594359479828,8.270723640379025,7.596887076234319,0,Confidential,5.185413608615227
6340,Senior,0,1,0,3,Obese,0,0.39062701068408273,0.643306140591862,0.32100565983920054,0.6085999680812341,0,0,0,1,0,Normal,Normal,Prediabetes,Diabetes,0.09560617723481553,0.44594699251048675,0.9264569142005294,0.5486260362322279,0.438172209104601,0.9835840051565197,0,1,0,0,0,0,0.7283600583990191,0,0,0,0.08168063919310109,0,0,0,2.174345134347365,3.449361904442182,6.77711411266292,0,Confidential,2.1143671254133887
6341,Young adult,0,0,0,1,Overweight,1,0.7046478040620769,0.7970260168920367,0.6651833932668736,0.9471001573017336,0,0,0,0,1,Stage 1,Normal,Normal,Prediabetes,0.3582977111845721,0.018690260730371208,0.24959892120237237,0.7869196572042443,0.7392453854465637,0.8843387635096092,0,0,0,0,0,0,0.7787820892114312,0,0,0,0.8520701745847419,0,0,0,2.0495971572780687,7.355239548439498,3.209842098652888,0,Confidential,0.3376401477996302
6342,Senior,1,1,1,0,Obese,1,0.25413446569129594,0.5692931232813554,0.4564602518373221,0.869825686350267,1,0,0,0,0,Stage 2,Stage 1,Diabetes,Prediabetes,0.26092931101455524,0.4955694423136666,0.12222345646633781,0.682526895689388,0.3405760440294573,0.12024534534414225,0,1,1,0,1,0,0.4179174206949936,0,0,1,0.37608275405176966,0,0,1,2.312417554176896,7.55986959822876,6.247885695817632,0,Confidential,0.3588727352055519
6343,Middle-aged,1,1,1,3,Obese,0,0.22542585211640823,0.6865445157439971,0.9723428300337612,0.3532087584658402,0,0,0,0,0,Normal,Stage 2,Diabetes,Normal,0.18365020160109602,0.5023938515032338,0.36308088393215776,0.9369314538504427,0.18455266330340386,0.7591807509900795,1,1,0,0,0,0,0.18145643303454093,0,0,0,0.5629907088225703,0,0,1,3.0989100379102994,5.936820254372569,0.6483449307258182,0,Confidential,1.967356511865961
6344,Middle-aged,0,2,0,0,Underweight,0,0.5192357386969743,0.24431208320502049,0.8504611463233268,0.3612744946834364,0,1,0,0,0,Normal,Stage 2,Diabetes,Diabetes,0.6985653574604394,0.7336196693079131,0.2628520928288831,0.455884640527163,0.28473643129128634,0.5353388988880079,0,1,1,0,0,0,0.8182034665451402,0,0,0,0.3135920682805395,0,0,0,3.887763678756214,4.759578630990767,1.2138004932584223,1,Confidential,0.923141768817017
6345,Young adult,1,0,1,2,Obese,0,0.5809940482724408,0.27430348315287795,0.3217307617737865,0.14879952451924638,0,0,0,1,0,Stage 2,Normal,Normal,Diabetes,0.3571249043478614,0.7193910308922534,0.7041337741771687,0.554721308836521,0.07815460334641489,0.5344632838701074,0,0,0,0,0,0,0.9742635077909864,0,0,0,0.12962981175574564,0,0,0,2.250684854724466,3.639943490356746,9.074627021738342,0,Confidential,9.009498404798299
6346,Senior,1,1,2,3,Obese,0,0.7849708028994569,0.004778320814079364,0.45976651984610917,0.5886649260116249,0,0,0,0,0,Normal,Normal,Prediabetes,Normal,0.003924491459138854,0.14625293825572822,0.4478775773220003,0.9020749417128633,0.9005363722395627,0.4483289717126674,1,0,1,0,0,0,0.18828794824475437,0,0,0,0.4434103448898778,0,0,1,2.7858718224139505,2.5571543375782047,0.032453526958257,0,Confidential,0.4973453500919282
6347,Middle-aged,1,0,0,2,Obese,1,0.5557271893034532,0.11802816848054185,0.48054870416047424,0.587470335492423,0,0,0,0,0,Stage 2,Stage 1,Diabetes,Diabetes,0.4613557539281309,0.4571000656441945,0.6427465000334116,0.7759719912659886,0.6958984984672651,0.17740496932310842,0,1,1,0,0,0,0.5074013982839861,0,0,0,0.45783036064728566,0,0,0,0.1137306523263608,0.5014748279135028,0.3434665477397824,1,Confidential,0.923621047392799
6348,Senior,1,0,1,2,Obese,0,0.8445043774561523,0.06408468358508622,0.8058796240342653,0.4845057394193154,0,0,0,0,0,Normal,Stage 2,Normal,Diabetes,0.33334311280305434,0.018665707203873547,0.9538119407142134,0.8518662685429588,0.5616542465034613,0.12178504337636373,0,0,0,0,1,0,0.5941300417188288,0,0,0,0.5744741392605219,0,1,0,1.7935801006960577,4.039091427105541,6.035183361194926,0,Confidential,1.6982190496236822
6349,Middle-aged,1,0,2,3,Obese,1,0.9512830087731865,0.10719826110192737,0.3858382384415349,0.7931806155120159,0,0,0,0,0,Elevated,Stage 2,Normal,Diabetes,0.8445368400351312,0.3660240973385781,0.489929473075861,0.6428309328932078,0.330733177636529,0.09887863107232406,0,0,0,1,1,0,0.6324274729869336,0,0,0,0.09790100801605675,0,0,1,1.9782460957038976,1.4797200942524458,1.5833124953640398,1,Confidential,1.481343591160021
6350,Senior,0,0,2,3,Normal,0,0.662006926789146,0.6918921457437158,0.33070376585305594,0.6254767520794061,0,0,0,0,0,Normal,Stage 2,Normal,Normal,0.5970558399761565,0.2729481310308063,0.7571130059146298,0.8732453400122955,0.1356700085257475,0.6476341433344692,0,1,1,0,0,1,0.927638657273098,0,0,0,0.2346517420742917,0,0,0,2.819946960212506,2.247274052942969,8.898612549471284,0,Confidential,5.580548082378462
6351,Senior,1,2,1,2,Overweight,0,0.6854303220598049,0.39602619326716365,0.7632904470238254,0.29860459174478693,1,0,0,1,0,Stage 1,Normal,Prediabetes,Diabetes,0.33632917837649823,0.11646379488646295,0.8686299843454508,0.9197779075694397,0.1312470523224939,0.7198707964352832,0,0,0,0,0,0,0.17198174638351565,0,0,0,0.38541992286426185,0,0,0,0.997299552934487,6.584396057734217,7.13343235228893,0,Confidential,6.618281850712314
6352,Middle-aged,1,1,0,3,Normal,0,0.544268244227519,0.06772696512962542,0.553048008187412,0.38400677915392845,0,0,0,0,1,Stage 2,Stage 1,Diabetes,Prediabetes,0.9308844816557971,0.5900343776416515,0.3519599277974774,0.22756037658109968,0.8715132197613924,0.4187018053373335,0,1,0,0,0,0,0.25085101883645805,0,0,0,0.5840880773517542,0,0,1,1.8268638620448336,9.562557043560966,7.593425961491413,0,Confidential,0.40384921285971875
6353,Senior,1,0,1,1,Obese,1,0.3856113922841079,0.8354356644350491,0.5377666702457241,0.6104321108886887,0,1,0,0,0,Stage 2,Stage 1,Diabetes,Normal,0.21272113662415104,0.06070505992562118,0.8164324618951264,0.6078966090127464,0.12624997825085715,0.04365459272059016,1,0,0,0,0,0,0.049299991974342545,0,1,0,0.3932582186306816,0,0,0,3.325134898336409,3.3991914105059795,4.194022422207993,0,Confidential,6.466792891424387
6354,Young adult,0,0,2,2,Overweight,0,0.37750315058975037,0.08164140186306132,0.3773836182302705,0.15330739147531203,0,0,0,0,0,Normal,Stage 2,Normal,Diabetes,0.8417120566996188,0.38692228579891563,0.37482950456014263,0.1373039994760314,0.028215131610365762,0.4913392874908077,0,1,0,0,0,0,0.6996339575950157,0,0,0,0.934962405838763,0,0,0,3.033689866161898,2.236464403352749,8.95892507717862,0,Confidential,13.284698073938333
6355,Middle-aged,1,0,1,3,Overweight,1,0.7390077340886384,0.20111570030589088,0.19335830366231607,0.6571485742776232,1,0,0,1,0,Normal,Normal,Normal,Normal,0.7305004600008703,0.46471780762118686,0.24809047200577394,0.09283204351265084,0.2036128303229553,0.43457695213365355,0,0,0,0,1,1,0.43162309866734233,0,0,0,0.40604699578882236,0,0,1,1.9338946110758743,0.5164300618328321,9.099019576312047,0,Confidential,1.2184422347662058
6356,Middle-aged,0,0,0,0,Normal,0,0.9397020962362712,0.5464637871567353,0.3236489523247549,0.1267120095902351,0,0,0,0,0,Stage 2,Normal,Diabetes,Normal,0.697682073651067,0.13159666388342778,0.7201023100232724,0.2608941692269779,0.996855700157695,0.85141658303406,0,0,0,0,1,0,0.7154895547196859,0,0,0,0.06685057131190787,0,0,0,0.5114605204417009,1.5325404840087442,9.51162546585232,0,Confidential,0.7223736694381722
6357,Young adult,0,0,1,2,Obese,0,0.5131388030898367,0.6462298569576653,0.28596030518921495,0.4731469407105776,0,0,0,0,0,Stage 2,Normal,Diabetes,Prediabetes,0.03305944509653956,0.6041178410840169,0.30772355456443456,0.8767227198192127,0.6535885074429199,0.06648465892944225,0,1,1,0,0,1,0.43816474549709894,0,0,0,0.2920464156065058,0,0,0,1.535119755201756,2.134807138015764,6.169900033338323,0,Confidential,0.4708215506548042
6358,Senior,0,1,0,3,Normal,0,0.9292546599810452,0.6059266985904667,0.20643060569953153,0.9004849445817001,0,0,0,0,0,Normal,Stage 2,Normal,Diabetes,0.8635942706354738,0.7271703530142856,0.9349985667093239,0.35537191246685856,0.799543921396638,0.5811128927331916,0,0,1,0,0,0,0.9767962689164612,0,0,0,0.799060842225267,0,0,0,1.217823117152058,9.610655455284178,9.589662962814469,0,Confidential,1.1694148897737533
6359,Senior,0,0,0,2,Underweight,0,0.595960257523508,0.6711266963720408,0.2893307394818777,0.5444184616946434,0,1,0,0,0,Normal,Stage 2,Diabetes,Diabetes,0.6478427671992995,0.812592640610891,0.2139357527412873,0.9290414852095976,0.13367671358621586,0.9691473678271847,0,0,0,0,0,0,0.8389809437056108,1,0,0,0.9286064062707124,0,0,0,3.035506556283494,6.672242686788623,6.612045721382758,1,Confidential,1.600396561240322
6360,Young adult,0,0,0,1,Obese,0,0.3658410265345494,0.9504303534523753,0.885781043970435,0.3946211387772586,1,0,0,1,0,Normal,Normal,Diabetes,Prediabetes,0.4776274805761639,0.6566807800820083,0.2350672543187058,0.27058369999563453,0.7874416226672782,0.7950910660125414,0,0,1,0,0,0,0.8434156803937867,0,0,0,0.9483555870053432,0,0,0,3.324103960406235,0.8094062224963183,9.015266295797616,0,Confidential,0.2985202300107902
6361,Senior,0,0,1,1,Obese,0,0.7857968528070359,0.2510506604748382,0.8448722523609384,0.5933840129128262,0,0,0,0,0,Stage 2,Stage 2,Normal,Normal,0.5232533264049083,0.8951488103880211,0.29551268043965173,0.9020436823103435,0.593042124054968,0.7636358658081984,0,0,0,0,0,0,0.5173986089307736,1,0,0,0.2544714307758422,0,0,0,1.2233400136318573,3.789482950939873,9.165696968922138,0,Confidential,0.49829964593250575
6362,Middle-aged,1,1,1,2,Normal,0,0.013601069095406829,0.6861874121520042,0.9562594454704119,0.07320393320573249,0,0,0,0,0,Elevated,Stage 1,Diabetes,Normal,0.5669146612932037,0.06706381439444102,0.7957799817761635,0.3241267769770508,0.20469810925615872,0.6236750288772094,1,0,0,0,1,0,0.9253490934979269,1,0,0,0.5478066586273114,0,0,0,2.3035354413232434,6.5558366094786695,3.5493699786017063,0,Confidential,3.8875785646868204
6363,Senior,1,0,1,2,Underweight,0,0.8572004852452896,0.8152392016133883,0.6242890814358553,0.4852778227682132,1,0,0,0,0,Normal,Normal,Diabetes,Diabetes,0.8746713569948635,0.3251601764053326,0.658996640579907,0.5620961053949083,0.423812002063498,0.37489291265511315,0,0,0,0,0,0,0.10957125241789072,0,0,0,0.17530737776202593,0,0,0,3.006175590250204,9.61476504029681,2.151978431593985,1,Confidential,1.5549268009667463
6364,Young adult,1,2,1,2,Underweight,0,0.08211083143474843,0.3104538064744403,0.9613179302424842,0.9494842465191747,0,0,0,0,0,Normal,Normal,Diabetes,Prediabetes,0.7025814456399958,0.3065608296082189,0.1167161342711156,0.9075247509305553,0.14656570206370867,0.027994490894309665,0,1,0,0,1,0,0.5408521077923674,0,0,0,0.6163102460644699,0,0,1,2.810794363556987,2.6440879898916645,1.443442401931363,0,Confidential,0.7963400210806607
6365,Middle-aged,1,0,2,1,Normal,0,0.2609475366400968,0.26411515811457276,0.27412986271343853,0.05108318663096911,0,0,0,0,0,Stage 2,Normal,Diabetes,Diabetes,0.9758970987229485,0.35585793212298983,0.20993180164934566,0.6106145326947594,0.05373616889279681,0.8862314367427382,0,0,0,0,0,0,0.309111913287751,0,0,0,0.5777789172521013,0,0,1,0.9298640691589816,7.80430339954963,5.447744078267328,1,Confidential,3.9067132245351877
6366,Senior,1,0,2,1,Overweight,0,0.8264898099368719,0.5443751107028505,0.47406014587222,0.5886104878927859,1,0,0,1,0,Elevated,Normal,Diabetes,Normal,0.5854745962222425,0.5408825212636578,0.975429250244829,0.7619095236355045,0.315753962245925,0.042871500369343035,0,0,0,0,0,0,0.017725840100994306,0,0,1,0.606858494437048,0,0,0,2.422917167374724,7.0886541293631335,9.83312585205033,0,Confidential,3.0892066826547557
6367,Middle-aged,0,0,2,2,Obese,1,0.8025827815892576,0.5090191322284109,0.5851812840446261,0.6299041362343821,0,0,0,1,0,Stage 2,Stage 2,Normal,Diabetes,0.6373554773798189,0.7122981529246875,0.5501340592357835,0.9108575662872005,0.219707034040645,0.20012015457120355,0,0,0,0,0,1,0.45971383915080954,0,0,0,0.056928376264085465,0,0,0,0.8090990394494026,0.3622079258918464,5.95341966862031,0,Confidential,2.5039437705668117
6368,Middle-aged,0,1,1,2,Obese,1,0.008283428602639097,0.4135673824464104,0.19370639588914407,0.8890386755312835,1,0,0,0,0,Elevated,Stage 1,Normal,Diabetes,0.19605713435519945,0.11403389534124152,0.4282775296657406,0.04004722444038933,0.04016964144003066,0.6329485119709114,0,1,0,1,0,0,0.4971581674291704,0,0,0,0.030556718329121484,1,1,0,3.155558891442721,5.661971328552491,5.545586027734515,0,Confidential,10.661721496944827
6369,Young adult,1,1,0,1,Obese,1,0.24562984457052323,0.24711711590983257,0.5064394116150032,0.353349196079657,0,0,0,0,0,Normal,Stage 2,Diabetes,Normal,0.5610129466501849,0.6577517595660293,0.19423972872176076,0.15472741346557772,0.3667484754375896,0.07888718679404905,0,1,0,0,0,0,0.3260693469719433,0,0,0,0.00530976666939855,0,1,0,2.7577034494478787,6.91710552924336,5.508962494607558,0,Confidential,0.5296265471587897
6370,Middle-aged,1,0,0,3,Underweight,0,0.4730249810349681,0.3798358733615611,0.6516565050643157,0.10906556116280053,0,0,0,1,1,Stage 2,Normal,Diabetes,Diabetes,0.21075986723255613,0.6811148990110001,0.7571495013608738,0.4773473705709906,0.7875322879495439,0.9180195042156647,0,1,0,1,0,0,0.07798889576984482,0,0,0,0.21688073565755533,0,0,1,2.628995539461636,4.657388673037754,5.910441167698924,1,Confidential,0.961420265488065
6371,Senior,1,0,2,2,Overweight,0,0.7091205762209376,0.5229209070231198,0.7604402120693714,0.19821145052396483,0,0,0,0,1,Normal,Stage 2,Diabetes,Normal,0.9661872315080711,0.1345841521322642,0.8983850578630725,0.7556799540764016,0.38223709344600754,0.2767934710965366,1,0,0,0,0,0,0.9199173688741482,0,0,0,0.2661854748559847,0,0,0,2.712329062932343,6.308984984056397,4.8620312280149856,0,Confidential,2.3503345783733387
6372,Young adult,0,1,0,2,Obese,0,0.7139066610307675,0.6495976757902644,0.9321626928919388,0.32168675944405223,0,0,0,0,0,Stage 2,Normal,Diabetes,Diabetes,0.24289320034238499,0.48296422036318487,0.5798451726760963,0.04529507935041149,0.19924882287703038,0.849562757527169,0,0,1,0,0,0,0.5064570303938654,0,0,0,0.10896262258680507,0,0,0,1.448090994393263,5.601289384044842,1.9242228653677795,1,Confidential,2.910156076726019
6373,Senior,1,0,1,2,Normal,0,0.8972545647560373,0.3106221558695239,0.48309718202413054,0.7958927867083002,0,0,0,0,0,Normal,Stage 1,Diabetes,Prediabetes,0.8471792983627242,0.5351243023718489,0.858975565517867,0.38671081367611077,0.08805683838629391,0.7766888481938011,1,1,0,1,0,1,0.37361992063398003,1,0,0,0.4585582138711014,1,0,1,1.3295856587670274,2.197331512273318,5.849453077897829,1,Confidential,9.75478544607351
6374,Senior,0,0,1,2,Obese,0,0.4984400275625562,0.6050822807159272,0.20139915349085943,0.9278360745320234,0,0,0,0,0,Elevated,Normal,Diabetes,Diabetes,0.7861307599363795,0.6932806747403351,0.6145114768674507,0.23430528118832766,0.16044675602253355,0.9290113995200291,1,1,0,0,0,0,0.399084975881898,0,0,0,0.15972521624993338,0,0,0,3.552505787177292,8.450983936397163,2.5054010025224893,1,Confidential,3.8300025011484005
6375,Middle-aged,0,3,0,1,Obese,1,0.48284157396598626,0.27438223942088374,0.5209689012391425,0.7359106765962652,0,0,0,0,0,Normal,Normal,Prediabetes,Normal,0.8055638262670004,0.09410784324387673,0.07782724296993027,0.6302333521643015,0.7410271058035156,0.8464410239030907,0,0,0,0,0,0,0.18988419243883262,0,0,0,0.3317437887218383,0,0,0,0.3412844014578167,5.405361263763126,2.03817670676285,0,Confidential,0.10502617564244171
6376,Senior,0,0,2,2,Normal,0,0.2187069685265674,0.9008749094155944,0.21087389243418755,0.6233499650872377,0,0,0,1,0,Elevated,Stage 2,Normal,Diabetes,0.7920083367828668,0.6133493166871208,0.2302057085152598,0.15736762071181348,0.11147753825931878,0.26691872647946946,0,1,1,0,0,0,0.9119366418164729,0,1,0,0.24350699111225046,0,0,0,2.52046972380303,1.8566482624580736,3.301383455250866,0,Confidential,2.0650411922422958
6377,Young adult,0,1,1,0,Overweight,0,0.9088401207159396,0.43075526005612047,0.2825717273634173,0.7269843083264044,0,0,0,0,0,Stage 2,Stage 2,Diabetes,Diabetes,0.13418272614589666,0.5443160886288784,0.6436767292430479,0.41242649671644055,0.2470652929661869,0.01242828088515005,0,0,0,0,0,0,0.3475507790056733,1,0,0,0.8976616796961451,0,0,1,0.6012276670194572,7.371865630734455,1.469006737436176,1,Confidential,2.605289968150811
6378,Senior,0,1,0,2,Overweight,0,0.5118629375796838,0.7793333839126585,0.14704408611874883,0.813035247682011,0,0,0,0,0,Stage 1,Stage 2,Normal,Diabetes,0.28661741553610426,0.09567600767178151,0.5266908678218627,0.5040490967676063,0.7026004411246591,0.15443695437112656,0,0,0,0,0,0,0.8124253166300606,0,0,0,0.7475357986663911,0,0,0,1.1859361309822305,5.604685377445961,7.6473608719135475,0,Confidential,0.7496307104202549
6379,Middle-aged,1,3,2,1,Obese,1,0.07358604515471297,0.2390765316185479,0.4333968309576069,0.6387282402332829,0,0,0,1,0,Elevated,Stage 1,Diabetes,Prediabetes,0.08673598141885693,0.23455907860193947,0.3203347762021542,0.05288794275970571,0.3573044340207001,0.32505961675140893,0,0,0,0,0,1,0.8456292505258538,0,0,0,0.06449975683747548,0,0,0,1.3673079369616763,0.271392531011615,7.928456556632497,0,Confidential,0.8965317687146191
6380,Senior,1,1,1,2,Obese,0,0.11294198087376163,0.42990950046072707,0.11488123395194028,0.3243733142947355,0,0,0,0,0,Stage 1,Normal,Normal,Normal,0.952096457191713,0.8918583575007718,0.31784813427377756,0.12289625547615046,0.8987903040150755,0.18620456842857622,1,1,1,0,0,0,0.23200341250747064,0,0,0,0.4067717137614525,0,0,0,2.737900544607318,9.22744077028661,7.291157944902023,0,Confidential,0.3536399234102622
6381,Senior,0,0,1,3,Obese,0,0.37118817881506305,0.7940360183275447,0.19300385478736595,0.5003810078018752,0,0,0,0,0,Stage 2,Normal,Diabetes,Diabetes,0.52867466335053,0.6731712287688139,0.45100760220431746,0.8760172827662287,0.6353663258508274,0.5716350121644385,0,0,0,1,0,0,0.776983435346633,0,0,1,0.4290872564895841,0,0,0,0.0300630916155633,5.633143449914657,1.1343691604795505,1,Confidential,0.7098386928208184
6382,Middle-aged,0,3,2,3,Overweight,0,0.8450082727893199,0.5909249154695289,0.5530802713664562,0.2046440320198598,0,0,0,1,0,Elevated,Normal,Diabetes,Normal,0.7305695996334726,0.2523109403226786,0.8236439570683007,0.21530559654458797,0.5151522536997766,0.330714943383993,0,0,0,0,0,0,0.1783239593042679,0,0,0,0.3324143728325482,0,0,1,1.604064728066521,6.202551156105352,8.515543309840094,0,Confidential,1.598835977427964
6383,Young adult,1,0,1,1,Obese,1,0.8226987146403335,0.7376722862863091,0.2424936255404481,0.6975835783618923,0,0,0,0,0,Normal,Normal,Diabetes,Normal,0.04616402311473798,0.3085518728479037,0.9002722567084163,0.1102947747023601,0.45547088634905153,0.3996644044520712,0,0,0,0,0,0,0.29723509698693434,0,0,0,0.686419971817606,0,0,0,2.828812162595167,2.799742575648403,9.03344589550544,0,Confidential,1.9765747574445183
6384,Senior,1,1,1,3,Normal,1,0.10210321116208027,0.5112193888280903,0.40162363786371175,0.5000979663981396,1,0,0,0,0,Stage 2,Normal,Diabetes,Diabetes,0.24610533840506515,0.8221225229807809,0.7092354376694778,0.8790829210479554,0.5090997097412854,0.636259240053452,0,0,0,1,0,0,0.7689994857254077,0,0,0,0.17443956542881534,0,0,0,1.780633983614852,7.938281084930682,8.751124533559208,1,Confidential,1.393116955477931
6385,Senior,0,1,1,1,Obese,1,0.9648855276213618,0.07949395723335576,0.6096706498880483,0.2811213095146713,0,0,0,0,0,Normal,Stage 2,Diabetes,Diabetes,0.4999960595059628,0.5298311504383507,0.3154049914096544,0.12198958050976716,0.05773445930474175,0.5589440038341688,0,1,1,0,0,0,0.34561535053299325,0,0,0,0.1718359136358453,1,0,0,3.672509602843904,1.4598719684557349,8.120350548702229,1,Confidential,5.463028409859033
6386,Young adult,1,2,0,3,Underweight,1,0.46185530942207026,0.14758659167394594,0.02532472976201304,0.48573833652571585,0,0,1,1,0,Stage 2,Stage 2,Diabetes,Prediabetes,0.6687683297534904,0.7196924223631432,0.6080119304572777,0.2477777775373275,0.06456477889829354,0.6005732784373807,1,1,0,0,1,0,0.12591694839043568,0,1,0,0.3644863218564118,0,0,1,1.0227244487163816,4.840272656050367,5.252843945810128,0,Confidential,9.417083754209955
6387,Senior,1,0,1,2,Underweight,0,0.37454830077827306,0.07402477126418253,0.49159175612720674,0.590008279397562,0,0,0,0,0,Stage 2,Stage 2,Diabetes,Diabetes,0.9280957107530567,0.28379758708395153,0.32118573247075854,0.28135613703264556,0.7353656272590495,0.42250297288208394,0,0,0,1,0,0,0.5723075849587065,0,0,0,0.8056876541905003,0,0,0,2.320526044529285,8.758347849698087,6.481895430870244,1,Confidential,0.4367701189242742
6388,Middle-aged,0,0,0,2,Obese,1,0.07930373814898399,0.5724333327794361,0.9169900619698673,0.14939027214701006,0,0,0,0,0,Normal,Stage 2,Diabetes,Diabetes,0.2958532964047327,0.032146438821685566,0.9750780171944846,0.522091760289304,0.7698322009387031,0.4301528574613773,0,0,1,1,0,0,0.11320437169264397,0,0,0,0.06459118371239085,0,0,0,3.0173662351318624,6.865551138024536,7.698090725741099,1,Confidential,1.2666111082460734
6389,Middle-aged,1,0,2,3,Obese,0,0.6501504631601146,0.6772953612021193,0.5306677375015835,0.8116692320377313,0,0,0,0,0,Stage 1,Normal,Diabetes,Normal,0.3655967108651852,0.26388353728066327,0.844040560520751,0.6300428649088712,0.36779262658752754,0.22801451059366515,0,0,0,0,0,1,0.8631782700500888,0,0,0,0.469542245642566,0,1,0,2.4195160223756447,4.784136713460017,0.5992311375616655,0,Confidential,2.2948816792548876
6390,Senior,1,0,2,2,Overweight,0,0.5745990850318962,0.5320857538919889,0.9792046413911533,0.3869274896513567,0,0,0,0,0,Normal,Normal,Diabetes,Normal,0.29076754580551073,0.44681340193066,0.38664372056741625,0.19066551519238467,0.42778322679075287,0.15810306269220506,0,0,0,0,0,0,0.9698838587898331,0,0,0,0.6449703803732107,0,0,0,3.606941861203,6.781010737577986,6.042629082003401,0,Confidential,0.9038309507084538
6391,Young adult,0,1,1,2,Obese,1,0.9517327293882281,0.3176073919049692,0.48582440240752517,0.20031181544844467,0,0,0,0,1,Normal,Normal,Normal,Normal,0.8236211242295887,0.3341043549825184,0.8604776673687313,0.22540874125769633,0.6848754527702108,0.33481543736346164,0,0,0,1,1,0,0.5054803673673982,0,0,0,0.7655386476746163,0,0,1,0.6463526082338049,7.419182614404541,6.194745838764098,0,Confidential,1.256400216839774
6392,Middle-aged,1,0,1,3,Obese,0,0.0953356523533817,0.1342376979373118,0.4759281961368306,0.03645011510953733,0,0,0,0,0,Stage 2,Normal,Normal,Prediabetes,0.5334697587573981,0.7941438872194038,0.5742456800998332,0.8972318221552698,0.8489791886271885,0.6217539459380095,0,1,0,0,0,1,0.35156087885530934,0,0,0,0.07280019679254449,0,0,0,3.7186919556264506,8.049163626258558,0.1933118267890976,0,Confidential,0.676395473284094
6393,Senior,1,0,1,2,Normal,1,0.9311869145800017,0.9357297736254432,0.6716072797346034,0.7812594505222302,1,0,0,0,0,Normal,Stage 1,Normal,Diabetes,0.1506809080221001,0.7527447805167582,0.5276071273760412,0.802629375346084,0.6368010724055085,0.11684767302280916,1,1,1,1,1,0,0.1559917199316142,0,0,0,0.12305576163073949,0,0,1,1.0409902619308986,1.6448682669154702,9.019786967160208,1,Confidential,0.8285273851424457
6394,Middle-aged,1,1,1,1,Obese,1,0.5790381836147545,0.5485563346781074,0.30652339250124333,0.48990120501686374,0,0,0,0,0,Normal,Stage 2,Normal,Diabetes,0.9477062810077981,0.26214265529569397,0.8516722714130478,0.6393565308744003,0.997704492583197,0.029702252163576276,1,0,1,0,0,0,0.6750643816927142,0,0,0,0.5741579456113505,0,0,0,2.3254095486521207,9.40176687821836,4.509625397648684,0,Confidential,0.8536317895171031
6395,Middle-aged,0,0,1,3,Normal,0,0.7504584085560135,0.3630725625320091,0.22533999189264609,0.6840015057493983,0,1,0,0,0,Stage 2,Stage 1,Normal,Diabetes,0.6434384193040247,0.15015627400923204,0.025832276475580063,0.14868710104471689,0.5438188260236733,0.9128052809978999,0,0,1,1,0,0,0.43193887624573274,1,0,0,0.5596331947348288,0,0,0,0.0880855779627229,3.508059238185587,2.6987720717007493,0,Confidential,0.04750162230399788
6396,Young adult,1,2,1,3,Obese,0,0.723071281628623,0.49651329071484845,0.7201919921629674,0.690137332117213,0,0,0,1,0,Stage 2,Stage 2,Diabetes,Diabetes,0.007785734127904578,0.07296963021180224,0.9786231595564074,0.662071817903733,0.13735668452953442,0.6112910270927464,0,0,0,1,0,0,0.2888783053964147,1,0,1,0.2648311343399203,0,0,0,3.307387574057965,7.548736208251288,2.1639039953615,1,Confidential,7.1246853613883205
6397,Senior,0,0,0,2,Underweight,0,0.21851618887946317,0.5972906650344797,0.8452752875616167,0.8127718416162973,1,0,0,0,0,Stage 2,Normal,Normal,Normal,0.5860088108865729,0.7918970035380626,0.9684793847972766,0.9010681066750634,0.5015479006058144,0.43220415059938044,0,1,0,0,0,0,0.9519365426028586,0,0,0,0.974497487321035,1,0,1,1.9698277656327043,9.577590871627091,9.832152052938124,0,Confidential,1.9309808367804162
6398,Young adult,1,0,1,1,Overweight,0,0.08697673376908266,0.42842573282562224,0.2655867459138081,0.817238247742562,1,0,0,0,0,Stage 2,Normal,Diabetes,Diabetes,0.5230142737366847,0.44966796957947175,0.09931599865553009,0.14395725768066958,0.9741278440642553,0.03861681052888488,0,0,0,0,0,0,0.8231924982311847,0,0,0,0.37443422077182975,0,1,1,3.4861689569131333,6.940004628383448,8.260079300592247,1,Confidential,0.10195376229177884
6399,Senior,0,0,1,1,Normal,0,0.3747958957661909,0.33696845728753083,0.5871897043042751,0.5278044199983595,0,0,0,0,0,Normal,Stage 2,Normal,Diabetes,0.29556905092329544,0.10944217730877219,0.5178026309089558,0.3812108131494016,0.31011995662576897,0.5323877947617174,0,0,0,0,0,0,0.7860977419709076,0,0,0,0.44395135773558025,0,0,0,0.4341744001521235,2.032865800477194,3.4181722834757178,0,Confidential,1.669684971398999
6400,Senior,0,1,2,1,Normal,1,0.8908804370207475,0.3417536284801192,0.3642627530374608,0.34311418908966684,0,0,0,0,0,Stage 2,Stage 2,Diabetes,Diabetes,0.6495516937536879,0.6679524928796694,0.1013217960695576,0.15763903136835622,0.38062261169663647,0.6733175605932031,0,1,1,0,1,0,0.8482470929805555,0,0,0,0.8838800087050126,0,0,0,3.0619443706838068,5.374093885698322,9.113846597067688,1,Confidential,0.26620014932353264
6401,Senior,0,0,0,3,Overweight,1,0.9369400142137927,0.8728513107028624,0.8571992459615676,0.24820589609307153,1,0,0,0,0,Stage 2,Normal,Diabetes,Diabetes,0.7422166061593212,0.6567218527157698,0.6585715940957937,0.12030375802979659,0.8301960738082803,0.11824820408099171,0,0,0,0,0,0,0.4695112978548885,0,0,1,0.722302599393713,0,0,1,1.5460027898196331,4.967939893189042,9.107856576216408,1,Confidential,0.7932723544147712
6402,Senior,1,3,2,1,Overweight,0,0.8426134247221383,0.45977827494059237,0.041504458389310404,0.6610163578968179,0,0,0,0,0,Stage 2,Normal,Normal,Normal,0.4986412884923981,0.8136104339601357,0.3489353883026747,0.054695036869355396,0.757150103287296,0.5238071891876116,0,1,1,0,1,1,0.8946430406388008,1,0,0,0.012117779950225855,0,0,0,3.826623722856431,6.945141910179846,4.374608335100599,0,Confidential,0.4608536494781052
6403,Young adult,0,3,2,3,Obese,1,0.14515583901099618,0.20703850135529248,0.3008289596230403,0.6429628207110182,0,1,0,0,1,Stage 2,Normal,Diabetes,Diabetes,0.5070907456162179,0.9077748235128263,0.5702923986943296,0.8302247515177616,0.6032182721172852,0.42761189586906834,0,0,1,1,0,0,0.8082980621856902,0,0,0,0.7889067434537713,0,0,0,2.0089265561420238,9.875594947090072,0.1920253831091944,1,Confidential,0.9454163195233023
6404,Senior,1,2,0,1,Normal,0,0.32174567663572623,0.17242211102123942,0.6406924118239429,0.37875147700741507,0,0,1,1,0,Normal,Stage 1,Diabetes,Diabetes,0.6414409612193853,0.885769496138328,0.9076295591969474,0.2259363465218845,0.20203634171059626,0.6087520424806043,1,1,0,0,0,0,0.27574745404091155,0,0,0,0.06299051552375076,0,0,0,0.2311362870940545,0.3871437462165861,2.5930947208344177,1,Confidential,4.492407413004275
6405,Senior,1,0,2,2,Obese,1,0.767370181558747,0.7528343608274407,0.9451183995132209,0.11455433377007318,1,0,0,0,1,Stage 1,Stage 1,Normal,Prediabetes,0.7784018496680366,0.3865861470121875,0.35033707111647905,0.028303875222973174,0.7507818862665023,0.6971817751521482,1,0,1,0,0,0,0.8721882065968695,0,0,0,0.8527909701072542,0,0,0,1.2586471454669232,1.0679918772475938,2.007406033708208,0,Confidential,0.4666296264267105
6406,Young adult,1,0,0,3,Underweight,1,0.6681321899325006,0.7546652475335723,0.28949733675502937,0.542275288391625,0,0,0,0,0,Stage 2,Stage 1,Diabetes,Normal,0.2000299930413711,0.6056893920014085,0.7747419730745317,0.9664316748129536,0.684972926455204,0.7847719763511135,0,0,0,1,0,0,0.38953669729786955,0,0,0,0.7016074508485329,0,0,0,3.3858041244258024,8.649074697223092,0.6819987808136974,0,Confidential,1.1310548828314873
6407,Middle-aged,1,0,0,1,Obese,0,0.3192170058634082,0.14624860356021063,0.587862575197516,0.6120913863573089,0,0,0,0,1,Elevated,Stage 2,Normal,Diabetes,0.6848214869868167,0.4973813483449594,0.2070578424241465,0.7554362364619618,0.4139898112024337,0.9556213674474154,0,1,1,0,0,0,0.3261979897011903,0,0,0,0.8841379579522354,0,0,0,1.4247891674217437,9.85244460653046,9.23460881434125,0,Confidential,0.5001520250528554
6408,Young adult,0,1,0,1,Obese,0,0.7591731832523062,0.12538655660254688,0.5929367700467596,0.10502251513984151,0,0,0,0,1,Elevated,Stage 2,Prediabetes,Normal,0.43564138113533213,0.11502941343883151,0.9697072699054823,0.9938520156662027,0.26038403951392775,0.8197445467187623,0,1,0,0,0,0,0.7277575023364967,1,0,0,0.22956422227065956,0,0,0,0.3763266019875839,2.3833362734125894,6.254620735129677,0,Confidential,3.7241425077961177
6409,Senior,0,1,2,3,Obese,1,0.47662796330009,0.5467606259540972,0.18702300015589754,0.34486167684705726,0,0,0,0,0,Normal,Stage 1,Diabetes,Diabetes,0.044743867385146616,0.05266367171515819,0.6770825258984443,0.6634526605181932,0.21799969996067503,0.12274720184472007,0,0,0,0,0,0,0.07584411128852685,1,0,0,0.34096344373528925,0,0,0,2.323898962353322,6.438600947277361,2.114434188125369,1,Confidential,3.1058874210404106
6410,Young adult,0,1,2,2,Obese,0,0.8265143016441101,0.38390971821637393,0.6856754622261755,0.16626752617799812,0,0,0,0,1,Normal,Stage 1,Diabetes,Prediabetes,0.5305124392637964,0.25330057519516114,0.2477074966350934,0.7334909548094146,0.1737201465292652,0.30815214776763933,0,1,0,1,0,0,0.19229852074361248,0,0,0,0.8833244933028508,0,0,0,2.2477476170236144,4.135939686695051,5.995076805391295,1,Confidential,1.4258996528843253
6411,Senior,1,1,1,1,Obese,0,0.6519345944760986,0.548009559320099,0.021239291299994693,0.4822188099292889,0,0,0,0,0,Stage 2,Stage 2,Diabetes,Diabetes,0.6667149162854873,0.9736587307639352,0.6529173262117802,0.9741725597454638,0.8397923396809575,0.4870135624337796,0,0,0,0,0,0,0.9872035289503127,0,0,0,0.3985878932219919,0,0,0,0.7443867932551691,2.796834797086387,5.075115484812935,1,Confidential,0.7774747343609109
6412,Middle-aged,1,0,2,1,Obese,0,0.9591019251232102,0.35997500533568605,0.7859367098385116,0.11976189582023622,1,1,0,0,0,Stage 2,Stage 2,Diabetes,Diabetes,0.5852230899957642,0.9684921885782319,0.459043342642804,0.15177986021740775,0.023443848004355006,0.6478353686816631,0,1,0,0,0,0,0.5215688320579956,0,0,1,0.32936643733305515,0,0,0,0.9528225921977592,9.129028943093,0.3284279500590736,1,Confidential,19.580545930750386
6413,Senior,0,0,0,3,Overweight,1,0.9464767190752609,0.20629699097803403,0.4173883142243518,0.6555816720382662,0,1,0,0,0,Stage 2,Normal,Normal,Prediabetes,0.34140721670443325,0.3467941466851628,0.6515623115809746,0.7807554598848805,0.7131845449530385,0.8569702327206399,0,0,0,1,0,0,0.8785870429137501,0,0,0,0.563609998516983,0,1,0,0.5557406570541965,0.610292687155366,8.615954372888773,0,Confidential,0.9135956691600466
6414,Young adult,1,0,2,3,Overweight,1,0.42248479507432335,0.7406212159486333,0.2193584134391045,0.52046017980283,1,0,0,0,0,Normal,Normal,Diabetes,Diabetes,0.2363517952698323,0.8970278191744848,0.011137616939844053,0.20512503602418947,0.7294254035383201,0.2996892714720498,1,1,0,0,0,0,0.511906299012676,0,1,0,0.6483229983147635,0,0,0,1.8649570014722192,0.8644720816264206,4.845155107178758,1,Confidential,0.015269028040177027
6415,Senior,0,0,1,2,Normal,0,0.995418241565902,0.34646200191670135,0.8625101346828288,0.11859907723799201,0,0,0,1,0,Stage 2,Stage 2,Normal,Diabetes,0.05268390640480146,0.7814396665768901,0.8444665588715203,0.8342795764714517,0.6582196196059248,0.9610150048171535,0,1,0,1,0,0,0.0998429542569638,0,0,0,0.6422845079130295,0,1,0,1.1458821028771131,2.819359605042411,1.03513300951944,0,Confidential,1.2829556180308046
6416,Young adult,1,3,1,2,Obese,0,0.2395342271716819,0.611480016226615,0.5366972483906793,0.2765048058228582,0,0,0,0,0,Normal,Stage 2,Diabetes,Diabetes,0.6165029598552318,0.608844101835726,0.824732666026224,0.5833251956727896,0.5795450304507024,0.9777795443528892,0,0,1,1,0,0,0.04831431486082146,0,0,0,0.3731748370690886,0,0,0,0.5118315556397888,7.5790148451333454,1.3594161175958874,1,Confidential,1.4230691709751067
6417,Senior,1,0,2,3,Obese,1,0.43731844887761306,0.21007715276593744,0.13211048212704635,0.2352480569044284,1,0,0,0,1,Stage 2,Stage 2,Diabetes,Diabetes,0.9118397428905518,0.9951222150818005,0.5315135128720703,0.7042061511977455,0.9848810856108945,0.8980409054498297,1,0,1,0,0,0,0.4410539633365992,0,0,0,0.20869198036783684,0,0,1,1.5128128646996952,0.8714360171531543,8.559120660513459,1,Confidential,0.5396727794222864
6418,Middle-aged,0,3,1,2,Obese,0,0.412493494974375,0.2153365586172317,0.43027982661298797,0.9030497627719766,1,1,0,0,0,Stage 2,Stage 1,Diabetes,Diabetes,0.5780278791058713,0.06402933140315138,0.5816577683464585,0.24721941759728688,0.5700204648151439,0.7404477242622189,0,0,0,0,0,0,0.4783198581696159,0,0,0,0.42403724681530647,0,0,1,0.8292997132180924,1.0786336066610849,9.348655194667934,1,Confidential,1.0204155890001048
6419,Middle-aged,0,0,2,2,Obese,0,0.4597887047963408,0.6494725309660349,0.15413351184911983,0.9275469568117,1,0,0,0,0,Stage 2,Stage 2,Diabetes,Diabetes,0.9192155915448514,0.852155079231711,0.06290056690773849,0.47343791519632766,0.3231907938442242,0.3322156703820335,0,1,0,0,0,0,0.07858809644780287,0,0,0,0.38257456542343654,0,1,1,1.1729402805925644,0.856081707234092,5.125487101160946,1,Confidential,0.19462363441594854
6420,Middle-aged,1,3,1,2,Overweight,0,0.25527464201381955,0.023777003630508282,0.48861429781958243,0.9766023935619222,0,0,0,0,1,Stage 2,Normal,Diabetes,Normal,0.3583346049494955,0.999391991081957,0.425156093304518,0.224982561332501,0.4206273498611489,0.6981333534756158,0,0,0,1,1,0,0.12018571113328315,0,0,1,0.871794832269614,0,0,0,2.832996431461416,8.938051095252975,6.98859876355341,1,Confidential,1.0107666404594566
6421,Middle-aged,0,1,2,2,Normal,0,0.6358003452811578,0.035000766158713434,0.16788786684406784,0.9011616877754408,0,0,0,0,1,Normal,Stage 2,Diabetes,Normal,0.9163291519332428,0.6721616462030787,0.2180227419481222,0.9773070463701665,0.17813334134032288,0.2799269772569847,0,0,1,0,1,0,0.22973497445060598,0,0,0,0.5939900985640102,0,0,0,3.369519045972689,2.97079667260628,5.74223657594931,1,Confidential,1.2239300083165836
6422,Senior,0,0,0,1,Normal,0,0.9900695424657607,0.1062572526130141,0.9718203486083897,0.2651423579373652,0,0,0,0,0,Normal,Normal,Normal,Normal,0.8434635510641064,0.13215580583333775,0.1543274997655495,0.7812486984650404,0.4563872866651313,0.0779716569171148,1,1,0,0,0,0,0.05993778134265696,0,0,0,0.8533464127350038,0,0,0,2.3938605857045903,1.3529959946308967,8.594927576543732,0,Confidential,0.3381503040832631
6423,Senior,1,2,1,0,Obese,0,0.7275537217169449,0.22224215345048767,0.411306306181612,0.6044643201664187,0,0,0,0,0,Normal,Stage 2,Diabetes,Diabetes,0.08671974851704346,0.8474005746142725,0.8855238854091363,0.7351677144665381,0.9719068635568993,0.03811912615714039,0,0,0,0,1,0,0.3615470446896018,0,0,0,0.10924547287605377,0,0,0,0.5061384815926759,6.440950790635381,5.3038964829280735,1,Confidential,0.9111201068879932
6424,Senior,0,0,2,1,Normal,0,0.9460123438292231,0.4342305943777883,0.9010559192517735,0.23091242193770511,0,0,0,0,0,Stage 2,Stage 1,Normal,Diabetes,0.17135222983406861,0.14392161334509196,0.32487403101599255,0.49834294079570857,0.190499364932033,0.7151807588133322,1,0,0,0,0,0,0.7939978108332122,1,0,0,0.23279059953092593,0,0,0,3.72001824997142,3.376173348219188,7.863174865522073,0,Confidential,1.7053811761099684
6425,Young adult,0,1,0,2,Overweight,1,0.3418061480915037,0.46099757279513237,0.8259739512569932,0.5703493587356067,0,0,0,0,0,Stage 2,Stage 2,Normal,Prediabetes,0.18142030666267023,0.7191234247162646,1.0000000000000002,0.416143311508614,0.2759560538279735,0.4128065640586466,0,1,0,0,0,1,0.1379944629390373,0,0,1,0.17131361744995818,0,0,0,3.5985618926143057,1.314750476290929,5.531780338859887,0,Confidential,3.623765400788721
6426,Young adult,1,0,1,3,Normal,0,0.6185186672267484,0.8099257851533941,0.9093403184955354,0.6752937610277928,1,0,1,1,0,Stage 2,Stage 1,Diabetes,Diabetes,0.4756384113313643,0.5014732305069542,0.30653252413839427,0.5068156633429477,0.9325930776550171,0.22991051308250884,0,1,0,0,0,0,0.28288144678706534,1,0,0,0.6983399351757056,0,0,0,3.666597692850437,3.5980371475990367,9.751874054909011,1,Confidential,0.32868839741890743
6427,Senior,1,1,1,0,Obese,0,0.038282972501179464,0.8218022232193405,0.45561942012715306,0.08698889494460593,0,0,0,0,0,Normal,Stage 2,Prediabetes,Normal,0.877197101116183,0.6237365514523358,0.4397498306245258,0.06580598009975475,0.1733425349003438,0.5270650574489469,0,0,0,0,0,0,0.6223729586800893,0,0,0,0.20194557365486585,0,0,1,1.3260361328995849,7.929072394249054,5.4940096418904,0,Confidential,2.5368835806938095
6428,Middle-aged,0,0,1,2,Normal,0,0.3024065164266365,0.892808935954757,0.5637753421001329,0.35610267155051123,0,0,0,1,1,Stage 2,Normal,Diabetes,Normal,0.4464151229450073,0.9945694054669038,0.5666442930078339,0.33337077218919126,0.9583959836899227,0.06191213349143204,1,1,1,0,0,0,0.13577251364893972,0,0,0,0.5585177044535603,0,0,0,1.678224542178095,7.060378230176269,2.89519670292661,0,Confidential,0.5912423493535472
6429,Senior,0,0,2,2,Overweight,0,0.07101711877457507,0.10831881892856082,0.7783740223369062,0.5688101601975138,0,1,1,1,0,Stage 2,Stage 1,Diabetes,Diabetes,0.9179682523069761,0.36759543855918886,0.948340114806369,0.04404825904867371,0.6098287503016647,0.503715220489615,0,0,1,1,0,0,0.365358434246419,1,0,0,0.5555071211416999,0,0,0,2.23084824146489,1.0770344713481494,6.632835373422898,1,Confidential,1.5550924982419285
6430,Senior,1,0,2,3,Obese,0,0.1929195962536761,0.6885751776585451,0.15749792429513995,0.01358016788382066,0,0,0,0,0,Elevated,Normal,Prediabetes,Prediabetes,0.9226260674889657,0.276455922914965,0.9011823914657218,0.8374927911717172,0.3430988594910733,0.4569093790550036,0,1,0,0,0,0,0.9974686646423316,0,0,0,0.6441884202084907,0,0,0,2.520838234861827,1.1336516145442088,7.016617843161631,0,Confidential,2.626596872990097
6431,Senior,0,0,2,2,Obese,1,0.5955397209410992,0.7422691544475705,0.6421285671543606,0.4107737526733831,0,0,0,0,0,Elevated,Normal,Diabetes,Prediabetes,0.22173585848456984,0.5142720876100613,0.2015376710835628,0.3720634136265442,0.1487553799252091,0.2642668409158292,0,1,0,0,0,0,0.9205534433819784,0,0,0,0.8950481401395595,0,0,0,0.437304224416466,8.60926061361265,0.1946101407804801,0,Confidential,1.3548260989612038
6432,Middle-aged,0,0,1,3,Obese,1,0.39480589083626755,0.2092516491086772,0.22988626915285576,0.17084872021390196,1,0,0,0,0,Stage 1,Stage 1,Normal,Normal,0.41132515782780166,0.4171094951613592,0.22321973034131726,0.5152201273869941,0.9359997064460981,0.9911036795659736,0,0,1,0,1,0,0.7112517025820113,0,0,0,0.04294447579760242,0,0,1,2.986927012818464,0.0168180284821195,9.627179462814231,0,Confidential,0.238482692680387
6433,Young adult,1,0,1,1,Obese,1,0.9912572646044605,0.4361063660339825,0.4188886174007843,0.8855756220799386,0,0,0,0,0,Elevated,Stage 2,Prediabetes,Diabetes,0.029833144492323563,0.176847207675923,0.3300324554347782,0.3671622780619321,0.39497972692728633,0.9679793947024409,0,1,1,0,1,0,0.9849343799834482,0,0,0,0.9360940967176966,0,0,0,0.5432929887934619,6.473387920832318,9.386675763285782,0,Confidential,0.8355680885250484
6434,Young adult,0,0,2,1,Overweight,0,0.7435181662171397,0.14958228812970706,0.8284747758801858,0.850598898906766,0,0,0,0,0,Normal,Stage 2,Diabetes,Prediabetes,0.3067306763734226,0.40580214232752865,0.28340384385172346,0.7343473378386065,0.15203602725159648,0.8479436960024478,1,1,1,0,0,0,0.046205543220184324,0,0,1,0.7003307659453605,1,0,0,3.4950213936280723,6.019220549211256,0.6382786326282874,0,Confidential,1.8640571512877881
6435,Middle-aged,1,0,1,1,Obese,0,0.39216356222234194,0.2564678768462023,0.7758943939475704,0.6942766434301889,0,0,0,0,1,Normal,Normal,Diabetes,Normal,0.9525254742104674,0.13075471083363954,0.3892583098574176,0.8282481685902463,0.5432929164066966,0.5865553313546167,1,0,0,1,0,0,0.624858189098423,1,1,0,0.1358124749283763,0,0,0,2.519498480440189,7.004667960562401,6.03258298815124,1,Confidential,0.7164796339181934
6436,Young adult,1,0,0,2,Obese,0,0.7841492940245506,0.2924401777020652,0.5008253996373494,0.7128983331431168,0,0,0,1,1,Normal,Normal,Diabetes,Normal,0.3911400729417013,0.12862782581219506,0.14259649173135913,0.41409046846777847,0.49396868363876667,0.09380423191231016,0,0,0,0,0,1,0.34370085185249094,0,0,0,0.8907154505317068,0,0,0,2.590863905052572,3.593850526719793,1.7388833243151047,1,Confidential,0.28867516596586157
6437,Senior,0,1,1,2,Overweight,1,0.7348198715460513,0.07946148886782592,0.14706082093773098,0.0791213990738503,1,1,0,0,0,Normal,Normal,Diabetes,Prediabetes,0.21312992903697164,0.07667992564193342,0.9227236981386018,0.4288132179396296,0.4399633711499592,0.030952000217049636,0,0,0,0,0,0,0.1511808287495895,0,0,1,0.6221326356924843,0,0,0,1.4316122647600924,8.5136109572255,2.7644343254388994,0,Confidential,2.097273906522769
6438,Young adult,1,2,0,2,Normal,0,0.7361574737753169,0.3901545574698886,0.19960524408566235,0.9065860385248158,0,0,0,0,1,Stage 2,Stage 2,Diabetes,Normal,0.6146848982228562,0.553230156951322,0.5616979737595522,0.9537559538101423,0.24669583786432092,0.668541757792339,1,0,0,0,0,1,0.7240615167590618,1,0,0,0.7883264525696843,0,0,0,1.257370661016997,3.880098655600346,4.205606402450605,1,Confidential,2.276884679621056
6439,Senior,0,0,0,0,Obese,0,0.2515401266953819,0.8411756195940918,0.25784990114250217,0.16221230390253716,0,0,0,0,0,Stage 2,Stage 1,Prediabetes,Normal,0.5994252157485289,0.44592247729874257,0.13902291579702553,0.06176343112975796,0.7463466576327868,0.05363460464121719,1,1,0,0,0,0,0.7746382103291858,0,0,0,0.6791544945176281,0,0,0,0.864941141322642,0.7647475439601448,3.564304809675678,0,Confidential,0.18627123786950323
6440,Senior,0,3,2,2,Obese,0,0.005250604111405963,0.5905608607577335,0.3929402089323629,0.5095282471732708,0,0,0,0,0,Stage 2,Stage 2,Diabetes,Diabetes,0.1925356018522918,0.4254035272111215,0.3224331488623111,0.2535763413173338,0.6314058694253434,0.12497953746824,0,0,0,0,0,0,0.8035910758855835,1,0,0,0.2986314376530558,0,0,1,2.210222594017537,5.563218902044007,6.881472124120301,1,Confidential,0.510659093422373
6441,Middle-aged,0,0,0,2,Overweight,0,0.4724535228963819,0.1540708791531298,0.22895029601671152,0.1034598797563584,0,0,0,0,0,Stage 2,Stage 2,Diabetes,Normal,0.7489776494517334,0.6172294214982381,0.11253410066894842,0.3042381622307853,0.5439554466311495,0.6936951574236381,0,1,0,0,0,1,0.8045619296094215,0,1,0,0.9864190999596258,0,0,1,3.55136501024695,6.163885163600038,9.917954606019125,0,Confidential,0.20688109911556163
6442,Middle-aged,0,0,2,2,Overweight,0,0.6746474440892536,0.530822308493726,0.2719114977256764,0.6809112390044249,1,0,0,1,0,Stage 2,Normal,Diabetes,Diabetes,0.6387110147095219,0.9193718234630043,0.47162366915833864,0.3978046817617448,0.6566043900082491,0.23518780463499436,1,1,1,0,0,0,0.5203977378296054,0,0,0,0.7055917524568351,0,0,1,0.0869743627240717,9.222128356200292,6.589230022240024,1,Confidential,0.7182767528441494
6443,Young adult,0,3,0,2,Obese,0,0.6784421544374228,0.6994950810266121,0.6138547507297571,0.09136665327202387,0,0,0,0,0,Stage 2,Stage 2,Normal,Normal,0.40074045559907423,0.19371514823658487,0.841772797146636,0.4914186770976063,0.7170482550811739,0.857433522193753,0,1,0,0,0,0,0.18303588446073785,0,0,0,0.7545308366372587,0,0,0,0.904513258254346,9.261400646478736,0.1289944905202744,0,Confidential,1.1739416297043253
6444,Senior,1,0,1,2,Normal,1,0.49087052175308915,0.25205678190131886,0.3515682468456989,0.0793679282814288,1,0,0,0,0,Normal,Stage 2,Diabetes,Diabetes,0.6796833473019769,0.8117854676170788,0.4057746593254332,0.8504189635946162,0.9019848236910539,0.9937237687480749,0,0,0,0,1,0,0.9815235733071619,0,0,0,0.5380210981016421,0,0,0,1.0694679112993613,0.5875788725182352,7.945192181213756,1,Confidential,0.4498686104993917
6445,Senior,1,1,0,2,Obese,0,0.6992953173762178,0.7897992918609891,0.8255962520699549,0.6651309055898346,0,0,0,0,0,Normal,Stage 2,Normal,Diabetes,0.3529367011184112,0.27805693737135767,0.6296628425494015,0.5940334359044084,0.7145027358685608,0.5277071003325398,1,1,1,0,0,0,0.48025247388456754,0,1,0,0.7039439078665065,0,1,0,0.4451334430724039,3.6075565141727504,5.113051381300707,0,Confidential,0.8812602260843317
6446,Middle-aged,0,0,1,0,Overweight,1,0.9543834442683498,0.7929727809589068,0.7280270428806312,0.8832622878910111,0,1,0,0,0,Stage 1,Normal,Diabetes,Diabetes,0.14912551704137006,0.2946481570891412,0.12967523828582728,0.7139531277411393,0.738437328686852,0.6398720480904637,0,1,0,0,0,0,0.5291059102339742,0,0,0,0.8400274081338263,0,0,0,3.264112895941388,9.922382937169507,3.8278596335971473,1,Confidential,0.17560764231194284
6447,Young adult,1,1,1,2,Normal,0,0.6980683597946756,0.013440034101542691,0.8377663983983269,0.25608029553650125,1,0,0,0,0,Normal,Stage 2,Diabetes,Diabetes,0.5402625867028726,0.7088439175915662,0.39738353977995367,0.8311674329464933,0.983578824356953,0.3746840297418538,0,0,1,0,1,0,0.3698586791980699,0,1,0,0.9561419952007458,0,0,1,0.8502725975872063,3.706551502893932,5.64638354672411,1,Confidential,0.40401799015931056
6448,Senior,0,0,0,1,Obese,0,0.07575964076199354,0.852330265619189,0.2583024411541132,0.5321659869659673,0,0,0,1,0,Normal,Stage 2,Diabetes,Normal,0.47266082961613654,0.25535660750898515,0.29400819879661766,0.5800654331109594,0.9894588822748349,0.3072681393024822,1,0,1,0,0,0,0.32150383990162107,0,1,0,0.06524990364230071,0,0,0,2.2729674270745885,0.437857309901728,2.380597319159113,0,Confidential,0.2971403906352049
6449,Young adult,1,0,1,1,Overweight,1,0.8817661580533486,0.6761232486578524,0.6101472289252852,0.41309324040087814,0,0,0,1,0,Normal,Stage 1,Diabetes,Diabetes,0.06921049299781303,0.5938870124356728,0.5825588191070825,0.8489001311815414,0.9782215293529557,0.3503962990157141,0,0,0,1,0,1,0.0542130140594729,1,0,0,0.5901256571528208,0,0,1,3.805022084389008,6.530705547847893,1.8279608851250209,1,Confidential,0.5955285194882348
6450,Middle-aged,1,3,0,2,Obese,0,0.342934150795185,0.8251157198476614,0.9483816373628725,0.2835563627059152,1,0,0,0,1,Stage 2,Normal,Diabetes,Diabetes,0.7091532684856255,0.8031479078024115,0.21267172426912406,0.03784008773767844,0.9390302442141443,0.36363939483381924,0,1,0,0,0,0,0.12521236749726117,0,0,0,0.6587979643556575,0,0,0,0.6567463903183843,3.7811907670532174,2.9044097617897946,1,Confidential,0.22648016459481005
6451,Middle-aged,1,0,1,0,Overweight,0,0.06208861984107353,0.12185039939330093,0.2535791934002677,0.44586456038783984,1,0,0,0,0,Stage 2,Stage 2,Diabetes,Diabetes,0.9105893776427196,0.49777434785412844,0.9521241340255919,0.2780537680621887,0.9127345367984545,0.9189872933799481,1,0,1,0,0,0,0.28191879197799824,0,0,0,0.5817300091954086,0,0,1,2.228464484557648,0.3828926774762198,7.15013639695475,1,Confidential,1.0431555897570195
6452,Middle-aged,0,0,2,1,Normal,0,0.6366886835087644,0.8731227999725741,0.8974378310084619,0.5671144657011332,0,0,0,0,0,Stage 2,Stage 2,Prediabetes,Diabetes,0.892979143097115,0.7647111253990083,0.6044758421817416,0.9469022795220388,0.5095871038856534,0.3991338023690648,1,0,1,0,0,0,0.2112634709604618,0,0,0,0.20363641734843185,0,1,0,2.121582447745049,9.187255914596095,4.612317067689827,0,Confidential,1.18620710291244
6453,Middle-aged,0,0,1,1,Normal,0,0.8440510822226944,0.7623134340033788,0.6304833754199678,0.5360237403627334,0,0,0,1,0,Normal,Stage 2,Normal,Diabetes,0.4326702762745812,0.9330581211343779,0.8740386723112286,0.83502826426921,0.141707088761588,0.3034920606519125,1,0,0,1,0,0,0.477602033117238,0,0,0,0.7263822529603177,0,0,0,1.471659771762956,0.5003134164189105,2.4826919572557737,0,Confidential,6.167924836715374
6454,Senior,1,0,0,3,Normal,0,0.5499958691265662,0.3740436613320487,0.9373053612943887,0.5631916274465244,0,0,0,0,0,Elevated,Stage 1,Diabetes,Diabetes,0.7724770670792577,0.3044768175640545,0.05504379670097026,0.8976647594293929,0.5488086133722104,0.994739100359433,0,0,0,0,0,0,0.6972983214727604,0,0,1,0.2404955656237026,0,0,0,2.331246754179193,9.925682223153254,5.311588742267455,1,Confidential,0.10029688922472998
6455,Senior,0,1,0,1,Obese,0,0.4524606927151978,0.5742911792077746,0.262090560994466,0.4880544072269276,0,0,0,1,0,Normal,Stage 2,Normal,Normal,0.9179807790068282,0.339170811470768,0.00472914271628655,0.7335951436272661,0.7844246016202143,0.3125037341577833,1,0,0,0,0,0,0.026771914756488248,0,0,0,0.4145468372230565,0,0,0,1.8871409635323293,5.443407563729225,8.243370460288313,0,Confidential,0.0060288046888363695
6456,Young adult,1,0,0,3,Normal,1,0.7080318972384991,0.220806716265984,0.1818359818770169,0.45089376549024507,0,0,0,0,0,Stage 2,Stage 2,Diabetes,Diabetes,0.27254910796997767,0.4824100891022496,0.18509877834254262,0.17193369093785188,0.984128897057664,0.1087971611492897,1,1,0,0,0,0,0.7360717457161949,0,0,0,0.41820609855163726,0,0,0,2.097379413456957,2.2550809019802878,2.626360097365442,1,Confidential,0.18808387691485187
6457,Senior,1,0,0,1,Overweight,0,0.6909102891563624,0.45362428926912446,0.10480686922539675,0.0668326909950222,0,0,0,0,0,Stage 1,Stage 2,Normal,Diabetes,0.038367377699555436,0.250900019743226,0.09579839766933063,0.5889470303295539,0.6593796355560476,0.4397341948061002,0,1,1,0,0,0,0.08391898106143834,0,1,0,0.3130454209334425,0,1,0,0.4777541476142914,3.286507497208949,1.561820830413556,0,Confidential,0.14528564806000552
6458,Young adult,1,1,2,3,Underweight,0,0.819493375899906,0.6689168623669176,0.0900810809782124,0.5594164856314069,0,0,0,0,0,Stage 1,Stage 1,Diabetes,Prediabetes,0.3149298431583147,0.5815501800878654,0.6550190277384551,0.8787368010623382,0.9937504271257156,0.36944357503658054,0,0,0,0,0,0,0.5204493751748762,0,0,0,0.6400714685440312,0,0,1,3.1141777231859384,9.394000402965974,8.171210035524783,0,Confidential,0.659138360959508
6459,Senior,1,0,1,1,Normal,0,0.8380035081860142,0.9795264001167923,0.6701624133370522,0.8532645363242569,1,0,0,0,0,Elevated,Stage 2,Prediabetes,Diabetes,0.23737196405291833,0.8643299456322452,0.46836800287242153,0.2274984212907613,0.8742962648262851,0.9683526244743696,1,1,1,1,0,0,0.20094322232446585,0,0,0,0.5404689746009465,0,0,0,0.5183954019677812,9.592158466776496,6.46065047922797,0,Confidential,0.5357085712421317
6460,Senior,1,3,1,1,Obese,0,0.6948725584537997,0.9827988593802965,0.47249294908723977,0.1279789081512147,0,1,0,0,0,Stage 2,Stage 2,Prediabetes,Diabetes,0.8500141174356817,0.5375138951293101,0.440285755260039,0.5169061546794047,0.4578983429879858,0.07275943136881763,0,1,0,1,0,0,0.4623914608179674,0,0,0,0.5795057415479388,0,0,0,2.925580140886089,4.139166364853846,7.152296487482776,0,Confidential,0.9615360308731038
6461,Senior,0,1,0,2,Obese,1,0.1483467463630482,0.7579407593379376,0.8027573830129758,0.06467248967218309,0,0,0,0,0,Normal,Stage 2,Diabetes,Diabetes,0.7550100381773188,0.4719456236626116,0.9895435308859075,0.11771613023270483,0.89395373569282,0.9675200214905073,0,1,0,0,0,0,0.38754920093479417,1,0,0,0.0010372133597553875,0,0,0,1.805740852423618,0.6053852303748553,7.999776381389587,1,Confidential,1.106929241834875
6462,Senior,0,0,2,1,Overweight,0,0.5847697659077153,0.8885490670811134,0.6042356666958404,0.4763932461000898,0,0,0,1,1,Stage 2,Stage 2,Normal,Diabetes,0.468691294200406,0.9999999999999999,0.8967990606578362,0.012938931087783545,0.5538340079306242,0.19145315765296836,1,0,0,0,0,1,0.4349529333189125,0,0,0,0.596221136671834,0,0,0,1.308112058114999,9.124354858645308,9.86641943677663,1,Confidential,1.6192560366754751
6463,Senior,0,0,2,3,Overweight,0,0.4366721645390401,0.9571369636867223,0.4248109599851171,0.7781080090748608,0,0,0,0,0,Normal,Stage 2,Normal,Normal,0.6133949694152405,0.10351880590921884,0.5293382583459869,0.7272124213505577,0.5251741523906975,0.7557939278675462,0,1,0,0,0,0,0.26713763754694503,0,0,0,0.7913893658839652,1,0,0,1.629065775916525,7.107017882460578,9.434495464301882,0,Confidential,1.0079290001922858
6464,Young adult,0,0,2,0,Obese,0,0.8789426789566301,0.4462026537449558,0.05897426390731504,0.8749852870587543,0,0,0,0,0,Stage 2,Stage 2,Diabetes,Prediabetes,0.7511854022153982,0.05939260918467744,0.16295496022914935,0.4345817526846603,0.04212378790908744,0.43119276776501514,1,1,0,0,0,1,0.792944617189715,0,1,1,0.7449630833195202,0,0,1,3.6863407836719855,2.7508713336804727,1.4328914498471113,0,Confidential,3.8684783187315115
6465,Senior,1,0,1,1,Obese,0,0.6955285770621121,0.8005525312914085,0.2025122252714384,0.21504422367568554,0,1,0,1,0,Normal,Stage 2,Diabetes,Diabetes,0.791893459429239,0.12434154137037502,0.26505684687064246,0.8003822443993021,0.4945065263863134,0.5332933161496771,0,1,0,0,0,1,0.21229037866106104,0,1,0,0.921034490017486,0,0,0,2.947893915409848,9.065576771949944,3.14038947875079,1,Confidential,0.5360027274211896
6466,Senior,0,2,1,2,Obese,0,0.3893545572482683,0.9971058721569226,0.8373400868310914,0.8999720342091652,0,0,0,0,1,Stage 2,Stage 2,Normal,Normal,0.7385889968240807,0.4874966859225064,0.8218843177843362,0.7188037786698038,0.020742834150925427,0.5340903062534185,1,1,0,0,0,0,0.8633427743264238,0,0,0,0.09196245499478889,0,0,0,0.056795287582823,8.06276443848209,4.441017276744731,0,Confidential,39.622566125934554
6467,Senior,0,0,2,1,Obese,0,0.1383799267893759,0.6041262740106329,0.9667236866852461,0.19556786441440688,0,0,0,0,0,Stage 2,Stage 2,Diabetes,Diabetes,0.06688166840652933,0.788166181497801,0.5820090141513252,0.6586135943082441,0.8224733742536496,0.9017303727781789,0,0,0,0,0,0,0.16845643368554294,0,0,0,0.6215489162009527,0,0,0,3.13628552686656,7.825122332156738,1.8859458425522224,1,Confidential,0.7076326509407883
6468,Young adult,1,0,0,2,Normal,1,0.851843366624021,0.24679968309101757,0.4692115977420073,0.08683628023377477,0,0,0,1,0,Stage 2,Normal,Diabetes,Diabetes,0.008108438704525128,0.7772091708425077,0.8436685091099945,0.5906262502204784,0.20913170195590502,0.6504545581020375,0,1,0,1,0,1,0.9334620444523479,0,0,0,0.9790504963398322,0,0,0,0.3838791179710128,9.864586340567431,1.8401908469181272,1,Confidential,4.034149300271463
6469,Middle-aged,1,0,1,2,Normal,1,0.2601187559204639,0.45357956503121527,0.11066897477894282,0.7517538996115299,0,0,0,0,1,Stage 2,Stage 2,Normal,Diabetes,0.8896159872645408,0.32227149465800703,0.14131571453634884,0.2364013055930489,0.9017532499055487,0.3968291629981069,1,1,0,1,0,1,0.7823660014945294,0,0,0,0.9641654428637478,0,0,0,2.023816097119865,2.06756580198368,3.0393711219142205,1,Confidential,0.15671217658616757
6470,Senior,1,0,0,1,Underweight,0,0.330298612804791,0.9616181235266229,0.8081637269316456,0.16022262719642044,1,0,0,0,0,Stage 1,Stage 2,Diabetes,Diabetes,0.7230873331282633,0.1250209587197026,0.6977510626136916,0.6307755625970246,0.10616645019057336,0.8200187685809296,0,0,0,0,0,0,0.7926190826791998,0,0,0,0.7279039265821854,0,0,0,1.5515409069592097,2.8640134535090924,9.585087580327803,1,Confidential,6.572236910636065
6471,Young adult,0,0,0,1,Obese,0,0.0223262414395727,0.5276903227799115,0.4690749162374906,0.18737346703557767,0,0,0,0,0,Normal,Stage 2,Diabetes,Normal,0.9431247424217852,0.9753893834792545,0.7799758450193459,0.5876566026196153,0.8867118208480116,0.6225936828765178,0,0,1,0,0,0,0.1065068622589708,0,0,0,0.6278849167894396,0,0,0,2.54955143187178,9.221338980471195,3.185052439407754,0,Confidential,0.8796272099693132
6472,Senior,1,0,1,3,Obese,0,0.08004857433931027,0.4696740306890671,0.8652113970653722,0.6259513881169662,0,0,0,1,0,Stage 2,Normal,Normal,Diabetes,0.6242366841078344,0.5522298294980481,0.7540747989036904,0.08993077260374932,0.45016255737897193,0.05240224032033164,0,1,0,0,0,0,0.6835383993610293,1,0,0,0.5385000182834673,0,1,0,2.9442699425262724,4.884175764449442,8.718404315516041,0,Confidential,1.675116658511579
6473,Senior,0,0,0,2,Underweight,0,0.7337333805048548,0.3954238526935331,0.8881240209478605,0.7454052592510917,0,0,0,1,1,Elevated,Stage 2,Normal,Diabetes,0.6147771768633411,0.5471669767077539,0.5856134146506631,0.27753376281916614,0.5736532134909691,0.7774736211540623,0,0,0,0,0,0,0.9086370934627934,0,0,0,0.6487561462768119,0,1,0,1.9550791649900208,7.316834400610967,2.2290424606320016,0,Confidential,1.0208491835806341
6474,Young adult,0,0,1,2,Normal,1,0.1649374104465221,0.5617636843347391,0.6629816628215124,0.6058814445275119,1,0,1,0,1,Elevated,Stage 2,Diabetes,Diabetes,0.8709355817000327,0.29949107232751987,0.7997836729852947,0.8382822838337622,0.6608549336278273,0.31879979136241665,0,1,1,0,1,0,0.1911686094630245,0,0,0,0.2618714830450927,0,0,0,2.263864270731648,7.783665318106211,2.1405511174906025,1,Confidential,1.2102257731432897
6475,Young adult,1,1,2,1,Obese,0,0.7092526629265238,0.1273641303119029,0.6418783835173995,0.8970184845424295,1,0,0,0,1,Normal,Stage 2,Prediabetes,Normal,0.9992441820556028,0.629127822643423,0.4697677672587608,0.19014185426202218,0.40823691367892634,0.014450909566600417,0,0,0,1,0,0,0.4649367050629159,0,0,0,0.6418623225964053,0,0,0,0.2727220014758011,5.487017009081213,6.909724595300863,0,Confidential,1.1507233949652769
6476,Middle-aged,1,0,0,2,Underweight,1,0.634657125042656,0.33411081069683823,0.15610967439732365,0.683684299716608,1,0,0,0,0,Normal,Stage 2,Diabetes,Diabetes,0.495747009452167,0.8272637621656634,0.9428680216445087,0.20504198388180112,0.14283642398185276,0.16354730099932527,0,0,0,0,0,0,0.20633244866071285,0,0,1,0.8968694886367953,0,0,0,2.657564931227149,7.833122122928397,4.862889484153157,1,Confidential,6.601033513442617
6477,Young adult,0,1,1,1,Obese,0,0.9094665095404042,0.7972455563230099,0.8550663082751024,0.8093013343166967,1,0,0,0,1,Stage 2,Stage 1,Diabetes,Diabetes,0.033079612194157684,0.5404382455812006,0.7379232903567123,0.25824684188050456,0.3641035487134906,0.7744275063845801,1,0,0,0,0,0,0.2868384963526344,0,0,0,0.6092397924855812,0,0,0,2.7899959266708265,1.8178535215017064,6.396702895525504,1,Confidential,2.0266852464472316
6478,Senior,0,0,1,1,Obese,1,0.8122065688332464,0.25727659238157485,0.963180039838181,0.8657356695790933,0,0,0,0,0,Stage 2,Stage 2,Normal,Normal,0.8373721948821163,0.8132553189616359,0.8612127460046628,0.9530676726860412,0.31843079941676233,0.561421595426221,0,1,0,0,0,0,0.7821196200420829,0,0,1,0.39646051905022717,0,0,0,3.0967065832484875,7.675883210738736,6.986951200951406,0,Confidential,2.704552284458851
6479,Young adult,1,1,0,2,Underweight,0,0.9958420363719013,0.3299853288319988,0.018127397243472444,0.21920812473375495,0,0,0,0,0,Stage 2,Normal,Diabetes,Diabetes,0.3402739376626004,0.9965649934927044,0.2261636520945618,0.25890672513241303,0.3085184725308202,0.11191423474393378,1,0,0,0,0,0,0.8209487858279626,0,0,0,0.3881446991473014,0,1,1,1.5051106309345652,1.7937014283311237,1.0260578467359749,1,Confidential,0.7330635674399322
6480,Young adult,1,0,2,2,Obese,0,0.18452513106791957,0.4714871018665319,0.015004159234878028,0.3070533840440678,0,0,0,0,0,Stage 2,Normal,Diabetes,Normal,0.17277131973272303,0.5579012220455262,0.16467539481581417,0.5437138300357587,0.8914381183693885,0.2963745869006176,0,1,0,0,0,0,0.4575081899039069,0,0,0,0.25456390854952,0,0,0,3.6380488913125504,7.368099867157891,2.581641587113391,0,Confidential,0.18473003501021146
6481,Senior,1,1,1,3,Normal,1,0.9062998845371381,0.024140989184593318,0.2735398655740166,0.3983063570441948,0,0,0,0,0,Stage 2,Normal,Diabetes,Diabetes,0.19426091438664556,0.5842764778960713,0.9497258883207298,0.10886992298817821,0.11794566957261804,0.713187011403037,0,0,0,0,0,0,0.9868894125751412,0,0,0,0.4060573444998254,0,0,0,0.1793683263170322,3.2885011466552125,7.988653613453892,1,Confidential,8.052231945115988
6482,Middle-aged,0,2,1,1,Overweight,0,0.9498377419572032,0.5218444567291325,0.9168682685876609,0.08146413124086094,1,0,0,0,0,Stage 2,Normal,Diabetes,Diabetes,0.6015176974674769,0.3237035901850014,0.6227717346836543,0.8500356148458996,0.607025768457239,0.44729419778073076,0,1,0,0,1,1,0.3880971421802657,1,0,0,0.45090899478312246,0,1,0,2.5946530624417448,6.525271855628705,4.129341523276839,1,Confidential,1.0259395350982115
6483,Young adult,1,0,2,1,Normal,0,0.6343284632834787,0.14460495306301482,0.07776117350345804,0.7518896898556776,0,0,1,0,1,Normal,Stage 2,Normal,Normal,0.4185245020935848,0.6963274315219165,0.75355407468803,0.3500973832419582,0.2223383998662436,0.38026472415925483,0,1,0,0,0,0,0.6814609577649375,0,0,0,0.24580477529142186,0,0,0,3.786160215346921,6.075183338141069,1.869422557391788,0,Confidential,3.3892214531604083
6484,Senior,0,1,2,2,Obese,1,0.7839577430543928,0.5148589151667997,0.784962033367424,0.7537928860548883,0,0,0,0,0,Stage 2,Stage 1,Normal,Normal,0.7233468857885255,0.1241439682667415,0.15648853373867078,0.1434379982531036,0.3257309114371766,0.8208123220168754,1,0,0,1,0,0,0.17932972724198845,0,0,0,0.6045583786487742,0,0,0,3.670807094345464,6.977911779292141,6.271050559285111,0,Confidential,0.4804227300633473
6485,Middle-aged,0,1,1,0,Normal,0,0.6239596579196596,0.9746661071863434,0.11421858868335868,0.7338108451474509,0,0,0,0,0,Stage 2,Stage 1,Diabetes,Diabetes,0.5802377225057006,0.25095970163570724,0.7854200677654579,0.8083458132982337,0.2214658956725049,0.07986029374143239,0,0,1,1,0,0,0.6719514164741759,0,0,0,0.10659322553118514,0,0,1,0.0450823523480221,5.695125551023632,4.812863622007736,1,Confidential,3.546460575252211
6486,Middle-aged,0,1,0,2,Obese,0,0.35302949844131565,0.9460699998437043,0.7104159072934141,0.26161034342502787,1,0,0,0,0,Stage 1,Normal,Diabetes,Diabetes,0.18164244389743678,0.7220821078559158,0.8125970338567898,0.3655875628009427,0.5645801781440584,0.5097135742439878,1,1,0,0,0,1,0.13650712940459794,0,1,0,0.7601415988372336,0,0,0,2.128088292371149,2.158597620739627,3.0137827470408105,1,Confidential,1.4392943027649963
6487,Young adult,1,0,2,2,Obese,0,0.014546728471394762,0.9426166711710687,0.8785291677859917,0.732603223845505,1,0,0,1,0,Elevated,Stage 1,Normal,Diabetes,0.5123067300000204,0.7949470891664209,0.2682452627620624,0.29894899046174755,0.13778043171074533,0.5328022681095117,1,0,0,0,0,0,0.23779383734216944,0,0,0,0.34672090569857567,0,0,0,2.357368254296889,2.875427391934491,6.614601950209661,0,Confidential,1.9469039211984285
6488,Middle-aged,1,0,1,1,Obese,1,0.9535732913180952,0.19394455386321127,0.563397578808246,0.33668511673784607,0,0,0,0,0,Normal,Stage 2,Diabetes,Diabetes,0.02570434272116086,0.9597345727209906,0.6941211357633246,0.31021362962930926,0.46745295361084216,0.8639060892588826,0,0,0,0,0,1,0.17766481932612677,0,0,0,0.04332789760108749,0,0,0,1.281393845806567,2.7723564939783496,8.689869981004914,1,Confidential,1.484900524002647
6489,Middle-aged,1,3,0,1,Obese,0,0.7076173707133003,0.9861588055432932,0.6934946170893667,0.23666852261902704,0,0,0,1,0,Stage 2,Normal,Prediabetes,Normal,0.9376591719882248,0.5006588090427455,0.3216810160854304,0.6403864882965007,0.04882620613197708,0.04084978568989525,1,0,1,0,1,0,0.3228714628811276,0,0,0,0.3263695333864271,0,0,0,2.30543021559646,7.778196436345049,0.9742886581137712,0,Confidential,6.5882861186455415
6490,Middle-aged,1,3,2,2,Normal,0,0.36574187025827576,0.41726289395305066,0.6445399414285384,0.7255545420827142,0,0,0,0,0,Stage 1,Stage 2,Diabetes,Diabetes,0.36116543245382576,0.9650647118031451,0.7059097856896224,0.9374175161066216,0.19432836549417432,0.7935951788731087,0,0,0,1,0,1,0.8998623045825886,0,0,0,0.35299307444716316,0,0,0,0.0936177176332968,8.6166039467885,8.640457220682684,1,Confidential,3.632561741022746
6491,Senior,0,0,2,2,Obese,0,0.7023326961729367,0.5793555483971389,0.003256209859210516,0.9063319699883486,0,0,0,0,0,Stage 2,Stage 2,Prediabetes,Diabetes,0.5480931728354986,0.6884686655164802,0.15064446376690777,0.4380080577108671,0.7922439976009612,0.09773054112234286,1,0,0,0,0,0,0.22959916820358953,0,0,0,0.9098558840041987,0,1,1,2.7870696898925837,2.3439833410550595,5.85476440924549,0,Confidential,0.1901490755664704
6492,Senior,0,0,2,2,Normal,0,0.07681312058978279,0.731602682780986,0.7820331093419175,0.3626549570346954,0,0,0,0,1,Normal,Stage 2,Diabetes,Diabetes,0.6155575790739668,0.3658549673568732,0.0693635927468621,0.9702214912406419,0.46088139826377905,0.18153258206252418,1,0,0,0,0,0,0.9844842727521236,0,0,0,0.9219554200239077,0,0,0,2.8058128968095515,6.060488166144948,0.187283426207524,1,Confidential,0.15050204457842495
6493,Young adult,0,0,1,2,Overweight,0,0.8306542524493769,0.7944625630745852,0.4086004836632545,0.33896810630598495,0,0,0,1,0,Stage 2,Stage 2,Diabetes,Normal,0.3304278835313526,0.755311414403511,0.4976106949644987,0.6224121764570456,0.5944805513886334,0.7199058658388597,0,0,0,1,0,0,0.46498860213601295,1,0,0,0.9826849681804978,0,0,1,3.6238321404546063,8.021481368825619,4.138493295627621,0,Confidential,0.8370512606377809
6494,Middle-aged,0,0,2,1,Overweight,1,0.6594442546878475,0.463924953427609,0.7906470556387101,0.9421053928362478,0,0,0,0,0,Stage 2,Normal,Diabetes,Diabetes,0.9355898117164878,0.41967407443566473,0.6573677872956847,0.46181496355748547,0.6052059347551927,0.7845711458400967,1,0,1,1,0,0,0.03908472269512188,1,0,0,0.37751479060172977,0,0,0,3.534443188460046,9.242046196776023,7.342844377888734,1,Confidential,1.0861886005159411
6495,Middle-aged,0,1,0,3,Obese,1,0.21458520516224514,0.3488251748834211,0.7992170882046478,0.6105047433096388,1,0,0,0,1,Stage 2,Stage 1,Diabetes,Normal,0.3423819233950644,0.6105300878140215,0.765539590481503,0.30647133093411755,0.5226328996615369,0.13469318014104495,0,0,0,0,0,0,0.19642382929588978,0,0,0,0.7419309744001782,0,0,0,1.9706387047548135,6.442600155492851,9.236183944272057,0,Confidential,1.4647749710691296
6496,Senior,1,1,2,2,Obese,0,0.7546893484103764,0.42193046309450266,0.1682177314952878,0.2648589631936221,1,1,0,0,0,Normal,Normal,Diabetes,Normal,0.8022672510708827,0.5139806982956079,0.4645916029745447,0.12907578936207292,0.8388479516061389,0.0,1,1,1,0,1,1,0.16555719154211046,0,0,0,0.8503440191740981,0,0,0,1.9476609206292013,1.638347314769505,2.381319888561846,1,Confidential,0.5538448321713046
6497,Middle-aged,1,1,0,2,Overweight,1,0.8286883779897971,0.8904184081793334,0.4802176264511774,0.8741764386799101,0,0,0,0,0,Stage 2,Stage 1,Normal,Diabetes,0.8245116730985768,0.7658596852236111,0.7183652330957826,0.12333443712281128,0.6896834221004701,0.6579904794149752,0,0,0,0,0,0,0.9837729668227183,1,0,0,0.9311082858829216,1,0,0,3.5507961124823937,1.253535770375681,7.611546732683442,0,Confidential,1.0415869224577856
6498,Senior,1,3,1,2,Obese,0,0.12472566616364165,0.2813790494304485,0.6434353099293555,0.6292856208468315,0,0,0,0,0,Stage 2,Stage 2,Prediabetes,Diabetes,0.6676127105920734,0.4383126670174784,0.3400180672437998,0.5893047281903041,0.8188921319973526,0.07501959966203006,0,1,1,0,0,0,0.9208219662637185,1,0,0,0.3763629981395749,0,0,1,0.7436153411417616,2.604627001092096,0.8201534495661811,0,Confidential,0.41521716225855626
6499,Senior,0,1,2,1,Underweight,0,0.9918483817823504,0.37146782992116834,0.7977696456017859,0.5469444272416298,0,0,0,0,0,Stage 2,Stage 1,Diabetes,Normal,0.27266248088299344,0.5660056261726887,0.12686396083476614,0.8156880569652354,0.5987583947084415,0.24328927136378295,0,0,0,0,0,0,0.8133956399370365,0,0,1,0.6308375178724326,0,1,0,1.1726708424554122,9.843017251355086,4.766113887173807,0,Confidential,0.2118783835950076
6500,Senior,1,3,0,2,Overweight,0,0.6933206546731696,0.27996030497978747,0.7401861900496223,0.28441882029463084,1,0,0,0,0,Normal,Stage 2,Prediabetes,Diabetes,0.6337624057115244,0.31275124035063107,0.3260915156524855,0.46651218060571015,0.02117324873022436,0.13428686012500687,0,0,0,1,0,0,0.9378734363428499,0,0,0,0.651746457465979,0,0,0,2.0961482774849705,8.50082674942685,1.506719540463931,0,Confidential,15.401109192421513
6501,Senior,0,0,1,3,Obese,1,0.9287851496829913,0.2001116130662145,0.3213740978112458,0.8186563334263947,0,1,0,0,1,Normal,Normal,Diabetes,Normal,0.8427640968596257,0.005140042468998879,0.9593385474195877,0.0064166513566956684,0.09299955010399397,0.24926266713675968,1,0,1,0,0,0,0.662365517610651,0,0,0,0.6113919411818609,0,1,0,0.8448437548807344,2.191180376717514,7.611326975821246,0,Confidential,10.31551815408608
6502,Middle-aged,1,0,1,1,Obese,1,0.2534013435053206,0.017259954157026535,0.33468383340214586,0.9213978859814397,1,0,0,0,0,Stage 2,Stage 2,Prediabetes,Normal,0.5659939122461233,0.6541443433064478,0.4846396132250095,0.44375852070682525,0.782934442477859,0.9725336939881455,1,1,0,0,0,0,0.6173002578938583,0,0,0,0.48638056996026285,0,0,0,1.5004501639448016,2.287427718108149,9.872884562483454,0,Confidential,0.6190040786699901
6503,Middle-aged,1,0,0,1,Overweight,0,0.15227377435695366,0.7522377562573567,0.2414175049183202,0.6569435764624131,0,0,0,1,0,Stage 2,Stage 2,Normal,Normal,0.6086213579593323,0.09648619228732606,0.626209806531683,0.8221465913412358,0.7433722935022536,0.4334921901997397,1,0,0,0,0,0,0.8605983358454423,1,0,1,0.18197694248559937,0,0,1,0.3149853508660878,6.922521315065576,4.149845390475623,0,Confidential,0.8423905652730446
6504,Senior,1,1,2,2,Obese,0,0.5793704836570365,0.11933477762389262,0.5706766513125944,0.34336271482732295,0,0,0,1,0,Stage 2,Normal,Diabetes,Normal,0.5984502608104432,0.6952502243926469,0.49724062548881376,0.17247657182905934,0.6789316781235653,0.7543883440410388,0,0,0,0,0,0,0.36303718229039783,1,0,1,0.16033804772641017,0,1,0,1.4328680491508123,7.440800839550828,9.3810090768244,0,Confidential,0.732386838780435
6505,Middle-aged,1,0,1,0,Normal,0,0.4652125755496418,0.5383705156899645,0.27546225716160333,0.004302594941217874,0,0,0,0,0,Stage 2,Stage 1,Diabetes,Normal,0.803334991503178,0.44895977609446935,0.32883075806729,0.2842206021471078,0.481762964656142,0.742460352337352,1,1,0,0,0,0,0.19125872244603714,0,0,0,0.9553507468097191,0,0,0,1.22369011404772,1.8760411430037016,9.914155332633335,0,Confidential,0.682557154018663
6506,Senior,1,3,2,2,Normal,0,0.8504527597850615,0.3405230668489912,0.5706713293744333,0.44745611658613205,0,1,0,0,1,Normal,Stage 2,Diabetes,Prediabetes,0.42174593995615584,0.14549810741376556,0.02433266219192176,0.655425888592144,0.694886458838278,0.07444287767495217,1,0,0,1,0,0,0.26557827799366396,0,0,0,0.7993201429722568,0,1,1,3.068890943688802,4.7790606857712925,7.672677926461258,1,Confidential,0.035016745372476364
6507,Senior,1,0,1,1,Overweight,1,0.07124224620613348,0.5076618252953784,0.529718795424012,0.576324937460781,0,0,0,0,0,Normal,Normal,Normal,Diabetes,0.7053222965420803,0.22815379985902018,0.12201360613632928,0.4551961315379554,0.6465907886580212,0.47855085190169855,0,0,0,0,0,0,0.6142697084558574,0,0,1,0.4039960218760123,0,1,1,3.2430991280528785,6.842382919924194,7.41680615056371,0,Confidential,0.18870297609646539
6508,Senior,1,1,2,2,Obese,1,0.41253341004372174,0.7476107723568195,0.3428939174706182,0.5121995259355562,0,0,0,0,0,Stage 2,Stage 2,Diabetes,Normal,0.5031915080665714,0.10429739729257205,0.34385913173252036,0.809431477782447,0.7879447212545574,0.05025565707970536,0,1,0,0,0,0,0.3289963008114511,0,0,0,0.2108556853828995,0,0,0,3.0345287249774366,1.5316665115334227,4.342691463897445,0,Confidential,0.43640007028035094
6509,Senior,0,2,2,2,Obese,0,0.4060328704848947,0.04274676955497582,0.7146304143218253,0.6715313620863482,0,0,0,0,0,Normal,Normal,Prediabetes,Diabetes,0.9001951218270541,0.10092463239600284,0.4787373886175583,0.08628853504500572,0.9292246016019181,0.5739751051650903,1,0,1,1,0,0,0.22271024288666175,0,0,0,0.2752122993368293,0,0,0,3.2913977579554494,8.591982241872048,6.58698154881538,0,Confidential,0.5152009404316767
6510,Senior,1,0,0,0,Overweight,0,0.7410937817136977,0.34060358650397027,0.6312757935902485,0.3317062223835433,0,1,0,0,0,Normal,Normal,Diabetes,Normal,0.24656993447537617,0.3811470939594666,0.5163538933261829,0.1117777994236604,0.25306510606244537,0.8697156264847716,0,0,1,0,0,0,0.196290267465433,0,0,1,0.3499495097986117,0,0,1,2.169102982866004,4.122478563992409,4.281614011706168,0,Confidential,2.0403994108882375
6511,Senior,0,0,1,1,Obese,0,0.15534833919882338,0.0704122005959743,0.2636248216886051,0.7896119364797717,0,1,0,0,0,Elevated,Normal,Prediabetes,Diabetes,0.9067418409397265,0.43278995776618234,0.6894701182586715,0.8533735959881898,0.39160634895511204,0.40170300850782625,1,1,0,1,0,0,0.25958144587360915,0,1,0,0.11050011291829259,0,0,0,3.3668464530904587,0.2502039692779101,7.5859873961479805,0,Confidential,1.7606203783424925
6512,Middle-aged,1,1,1,1,Obese,0,0.670630512591224,0.46724935918821,0.4539129587691291,0.9279328201158631,0,0,0,0,0,Stage 2,Normal,Diabetes,Normal,0.5271617014893937,0.34399428508494373,0.6738314573992377,0.7436910653779474,0.05087146124810027,0.5730977960031939,1,1,0,0,0,0,0.11087536412107515,0,0,0,0.32981883006975393,0,0,1,3.2055782634055032,9.491077133926035,1.1514863437508471,0,Confidential,13.24576571750042
6513,Young adult,0,0,1,0,Normal,0,0.21238054237599283,0.25075639002934863,0.20225100924556821,0.40606388337984234,1,0,0,0,1,Normal,Normal,Prediabetes,Normal,0.8899969711908338,0.9586998321457095,0.8470670173211658,0.8807760599131724,0.7667342841262572,0.7711965897310349,1,1,0,1,0,0,0.30804735948890777,0,0,0,0.07625767886612031,0,0,0,1.2280400610414453,5.002565878279299,2.4856682593474733,0,Confidential,1.1047725853115502
6514,Middle-aged,0,3,0,3,Obese,0,0.8281175618099992,0.9472996375637388,0.3763511698542229,0.08209199447958304,0,0,0,0,1,Normal,Normal,Prediabetes,Diabetes,0.5930624347566936,0.7326931902398924,0.4004280647626588,0.807008157250279,0.8976934930794729,0.4326982857715592,0,1,0,1,0,0,0.7231494741196393,0,0,0,0.8450056324988724,0,0,1,1.810169991929865,7.128802910273063,2.993235333248653,1,Confidential,0.44606323633807254
6515,Middle-aged,1,0,2,1,Normal,0,0.4887346521029375,0.843595180285917,0.8516435402347342,0.7767310455200797,0,0,0,1,0,Stage 2,Stage 2,Diabetes,Diabetes,0.8680581032270058,0.576840515985272,0.6186851011414389,0.7127415438503966,0.42705774212336145,0.39265048835276617,1,0,0,0,0,1,0.921869492920675,0,0,1,0.21017676670136817,0,0,0,0.9873873966465658,9.25684058855804,4.951256771840119,1,Confidential,1.448715337802548
6516,Senior,0,0,1,1,Normal,0,0.10927429087495204,0.6570049274623779,0.3839648622051069,0.6942071204000885,0,0,0,1,0,Stage 1,Stage 2,Diabetes,Prediabetes,0.3250083343650221,0.7690341311252438,0.4686686002500411,0.5241577770842674,0.856782553846603,0.9099867857303341,0,1,0,0,0,0,0.10643044908894599,0,0,0,0.8654237985391692,0,0,0,2.2166505984870395,8.543659296268483,0.59050358122134,0,Confidential,0.5470099713701112
6517,Young adult,1,0,0,2,Underweight,0,0.1724560091788858,0.7428311694257267,0.7755834349625409,0.7980878037060862,0,0,0,0,0,Normal,Stage 1,Diabetes,Diabetes,0.9241933380675094,0.12263486578103604,0.13146657232718573,0.3881875583512225,0.008270240646817917,0.3549151257359222,0,1,1,0,0,0,0.1081200012692127,0,0,0,0.2894317009500188,0,0,1,3.3463350919543102,0.1004941926783598,0.6624830248769875,0,Confidential,15.896341828670876
6518,Senior,0,0,2,1,Normal,0,0.9031151167769441,0.7777364357422419,0.9169080652489009,0.9448439804136649,0,0,0,0,0,Normal,Normal,Diabetes,Normal,0.667024428688711,0.4382662382342022,0.3106915400650372,0.7974237366177546,0.3025760382438534,0.7916205887673844,1,1,1,0,0,0,0.2946601269305051,0,0,0,0.39910473770558813,0,0,0,0.0805805826509882,1.0093512002775695,0.1815997789622869,0,Confidential,1.0268213632126524
6519,Senior,1,1,0,2,Normal,0,0.2713944054201078,0.6341085799040806,0.0877717654282465,0.7185994376831265,0,0,0,0,0,Stage 2,Stage 2,Normal,Diabetes,0.04531735178848602,0.12771081251511973,0.527483484728102,0.7576590288765201,0.7686897660370409,0.08883553168167879,0,1,1,0,0,0,0.30402973333213085,0,0,0,0.20555108399203478,0,0,0,1.9859816007527729,9.018031864580417,9.662983370776027,0,Confidential,0.6862111452940616
6520,Middle-aged,0,0,0,0,Normal,0,0.8957210682604848,0.802062000477388,0.7873349623626751,0.453852549600252,0,0,0,0,0,Stage 2,Normal,Diabetes,Normal,0.4243235879919641,0.024586855453421833,0.6550012690914666,0.5312060339901412,0.4204275517572398,0.5630923446583532,0,1,1,0,0,0,0.4695078762611553,0,0,0,0.6628865851289953,0,0,1,1.0080714096836254,0.2984372410297387,5.614233231883388,0,Confidential,1.5579408779319788
6521,Senior,0,0,2,2,Obese,1,0.2872474850404531,0.8641269346853846,0.9817961540693673,0.5362613281311347,1,0,0,1,0,Stage 2,Stage 2,Normal,Normal,0.889240778877292,0.5327496887544017,0.9800661121568486,0.10331291392605613,0.26685790301889145,0.4466500592543672,0,1,0,0,0,0,0.9856096346568645,0,0,0,0.6134355625459387,0,0,0,2.6930658048232137,8.96498819175711,7.275324772041838,0,Confidential,3.6726141555847702
6522,Senior,0,0,2,2,Overweight,0,0.18811471203595181,0.31269634984135086,0.758737774255476,0.7502952719550692,0,0,0,1,0,Stage 2,Stage 2,Prediabetes,Diabetes,0.8208602589566754,0.3345457055944794,0.4436029909729913,0.6722697237035902,0.07839294492022786,0.6701779846811672,0,1,1,0,0,0,0.44020100116908,0,0,0,0.060988670318211466,0,0,0,1.1951892426538238,6.610344896770859,3.6877964606092553,0,Confidential,5.6587106330091155
6523,Senior,1,0,2,1,Overweight,0,0.7791288497473382,0.5402881341224121,0.5001819292745204,0.6045882107994688,1,0,0,0,0,Stage 2,Stage 2,Diabetes,Diabetes,0.597544363587268,0.3048924925876409,0.7428945885013645,0.44771111357740084,0.9094362939528433,0.3359699998718748,0,0,0,1,1,0,0.6391635964826862,0,0,0,0.6708755655188856,0,0,0,1.1507558590537266,4.427119954761994,3.597387573946639,1,Confidential,0.8168736979611741
6524,Middle-aged,0,2,0,3,Underweight,1,0.9802410907338065,0.47972706224719386,0.9483715986195482,0.6226703484380577,0,0,0,1,0,Stage 2,Stage 2,Diabetes,Normal,0.5231958063195555,0.0832005668033569,0.3462448069462907,0.20653238277380265,0.7026246627470653,0.745936790681077,1,0,0,0,0,0,0.8578143890098593,0,0,0,0.6746442171363383,0,0,0,1.105909778363228,9.529334879434256,0.884448421846481,0,Confidential,0.4927877219575109
6525,Senior,1,0,1,2,Obese,1,0.9604839705169087,0.44192014475636593,0.6982128487443917,0.50114521788625,1,0,0,0,0,Stage 2,Normal,Normal,Diabetes,0.8630479670308033,0.8839098932461833,0.9331438249041615,0.44128158002582346,0.7615195363036458,0.8462562599819018,1,0,1,1,0,0,0.6181107792680247,0,0,1,0.773800369950069,0,0,0,0.2879939631953165,5.677086637826964,8.195390411893682,0,Confidential,1.225370828217443
6526,Middle-aged,1,1,1,3,Normal,1,0.6521413824906664,0.9288287557904515,0.4269401473265115,0.1448798420053513,0,1,0,0,0,Stage 2,Stage 2,Normal,Diabetes,0.9428564401176092,0.3740182358192529,0.37187280037921955,0.5673468159085591,0.6691230107477611,0.8835698984457097,0,1,0,0,1,0,0.4342973229699053,0,0,0,0.04276162311603143,0,0,0,1.2150840274385484,0.6815200283838707,2.194882427471612,0,Confidential,0.5557614884050135
6527,Young adult,0,0,2,3,Underweight,1,0.5055118422936171,0.740796346736781,0.7594785191726966,0.1353588816739938,1,0,0,0,0,Stage 1,Stage 2,Diabetes,Diabetes,0.8860900067498971,0.11061005041641138,0.7635267144638163,0.10799267103576604,0.721911685995061,0.04927839528715089,1,1,0,1,0,0,0.15066461655648017,0,1,0,0.3557770343821224,0,0,0,1.6031528206760166,4.499121280765718,4.948798405544647,1,Confidential,1.057645594712038
6528,Senior,0,0,0,1,Obese,0,0.021288644949175605,0.03708596690383639,0.4705122877469592,0.3336738660596502,0,1,0,0,0,Stage 2,Stage 2,Normal,Diabetes,0.5584153875252182,0.825470082272337,0.44724433711295486,0.013173072509722383,0.6886379099805754,0.7112140044344052,0,0,1,0,1,0,0.9696565970987664,0,0,0,0.7020076837900527,0,0,1,1.283951682477734,9.751245805685922,7.071765239417413,0,Confidential,0.6494622654822625
6529,Young adult,0,3,0,1,Obese,0,0.32419496463763264,0.8002214749848918,0.054763836194075,0.5649129818931701,0,0,0,0,0,Stage 2,Normal,Diabetes,Diabetes,0.7310006976482407,0.8644455966949547,0.3604503662978278,0.8834336559056386,0.5196801314539329,0.44442484741376154,1,1,0,1,0,0,0.7028414557041189,0,0,0,0.5498495808821009,0,0,0,0.141689037228295,0.7389511353392897,9.290034431244822,1,Confidential,0.6936004370407222
6530,Young adult,1,0,0,1,Overweight,0,0.09111756339054349,0.5261899847638188,0.01969243921128157,0.28445007412751566,0,0,0,0,0,Elevated,Normal,Prediabetes,Normal,0.7328491910019572,0.9312312116636955,0.5419813327916707,0.9893480155537879,0.2508314426934306,0.06518973664001101,1,0,0,0,0,0,0.9662044937068768,0,0,1,0.9135413460358512,0,0,0,3.3542277011777024,1.3772711371697577,6.481075891378296,0,Confidential,2.1607392078595473
6531,Senior,1,0,2,2,Overweight,0,0.08360698198195572,0.672822378653302,0.7875077955413412,0.09243026097005269,0,0,0,0,0,Normal,Stage 2,Normal,Diabetes,0.11392746785903472,0.7020526314438461,0.5554779018027958,0.8435053108587773,0.6927473822868951,0.35953239077927956,0,0,0,0,1,0,0.6522050882539895,0,0,0,0.9969055843099982,0,0,0,3.8468059261743615,1.3172784830810358,3.0427921687412,0,Confidential,0.8018477095778466
6532,Young adult,1,2,2,1,Underweight,0,0.265066155188522,0.08958655393942225,0.9744035476708579,0.9699316248523558,1,0,0,1,0,Elevated,Normal,Normal,Diabetes,0.2936637476232277,0.46428956541400923,0.4406670504141643,0.24459754137196527,0.4926201301132537,0.08639898676937194,0,1,0,0,1,0,0.08635748596007457,0,0,0,0.15356668479745358,0,0,0,0.6990568203719261,4.126416109038026,3.869964922537137,0,Confidential,0.8945372376740972
6533,Senior,0,1,2,0,Underweight,0,0.2537999768773382,0.8906260359319017,0.02224341371927105,0.09538045799948713,0,0,0,0,0,Normal,Stage 1,Diabetes,Prediabetes,0.25990191996463147,0.6370577982269058,0.880999110358726,0.01631061565864128,0.993925588899331,0.5858079569369602,0,0,1,0,0,0,0.675287402621962,0,1,0,0.08566511137697902,0,0,1,2.4067719902471807,1.9063704148125624,7.153786517417312,0,Confidential,0.8863833673246513
6534,Middle-aged,0,2,0,3,Obese,0,0.6907327994363992,0.0909784701637254,0.15479415334137095,0.9401957703565159,1,0,0,0,0,Elevated,Stage 2,Diabetes,Diabetes,0.6619333770517634,0.6447416713906212,0.04720888955596192,0.0573709514443726,0.5847453996086128,0.0629794634467408,1,0,0,0,1,0,0.6700798767687484,0,0,0,0.6528025099603352,0,0,1,0.9419138939239812,2.584858282579389,1.816670196533653,1,Confidential,0.08073409314132306
6535,Middle-aged,0,0,1,3,Overweight,0,0.10521668925321769,0.11470762160827885,0.5587058762568821,0.19318817342964367,0,0,0,1,0,Stage 2,Stage 2,Diabetes,Normal,0.639872648431944,0.9225566968867182,0.3382996808291052,0.1383518230530747,0.4111091679520168,0.7521421401258781,1,0,0,0,1,0,0.1526571553186476,0,0,0,0.4930206501048894,0,0,0,2.3975301559829294,9.13504735314561,7.523595719140656,0,Confidential,0.8228950050284219
6536,Middle-aged,1,3,2,3,Underweight,1,0.9396220000459375,0.4659810170015902,0.659923924859716,0.32238875582641957,0,0,0,0,0,Normal,Stage 2,Normal,Diabetes,0.47369724267051594,0.7600959861638428,0.11722915098194586,0.3518205654447671,0.42679447604787046,0.8205131284807395,0,0,0,0,0,0,0.2888191430873285,0,0,0,0.3527573791618769,0,0,0,2.659206659447143,1.79125680996983,9.913503275745065,0,Confidential,0.2746735432648784
6537,Middle-aged,1,0,1,2,Normal,0,0.5338004687586203,0.3544190889292273,0.9886357291618615,0.543753175211482,0,0,0,0,0,Normal,Stage 1,Diabetes,Diabetes,0.6810090533984331,0.3784028104388318,0.05407287138720562,0.4543968917485683,0.1006205600325043,0.7424539700596025,0,1,1,0,0,1,0.47811873686641415,0,0,0,0.791996982946481,0,0,0,0.5175550626601844,4.087601890415781,3.630126133547976,1,Confidential,0.5373938623452107
6538,Middle-aged,0,0,2,1,Obese,0,0.6030951841065322,0.42872099923627055,0.2800449768851627,0.7314843339124261,0,0,0,0,1,Stage 1,Stage 2,Normal,Normal,0.5453162462207158,0.6101817543436013,0.4722640375163871,0.8077285252070587,0.08486441483528612,0.6882864758304734,0,1,0,0,1,0,0.88408252950805,1,0,0,0.8851601817240916,0,0,0,0.6150158995881321,7.759426796925641,9.013863475147282,0,Confidential,5.564924219804112
6539,Young adult,0,1,0,3,Normal,0,0.8310858909565172,0.9589418526444579,0.6760246881089651,0.38077628457334434,0,0,0,0,0,Stage 2,Normal,Normal,Diabetes,0.6695068902708391,0.514137364160637,0.2729313741495967,0.6906908535987919,0.372082070665518,0.6901652511772144,0,0,0,0,0,0,0.052073549495652155,0,0,0,0.832416546795628,0,0,0,3.137174093327913,8.547345716817212,6.432387701441384,0,Confidential,0.7335246593887816
6540,Senior,1,3,1,2,Normal,0,0.0688861565797535,0.5631778391047089,0.43608916453749413,0.5668937515195159,1,0,0,0,0,Stage 1,Stage 1,Normal,Diabetes,0.6132113695853818,0.9753670688036767,0.2488015812420814,0.24499102954642465,0.8855153754239469,0.7382052622358326,0,0,1,0,0,0,0.4990824527216743,0,1,0,0.12539530554746806,1,0,0,3.703092352206553,8.361054343035118,9.902863770053967,0,Confidential,0.2809681098117194
6541,Middle-aged,0,0,0,1,Overweight,0,0.08903273388728698,0.6948232628517861,0.9425502683562926,0.1174500569378727,0,1,0,0,0,Stage 2,Stage 2,Normal,Diabetes,0.35556675929700954,0.826875830439567,0.7429790825498193,0.9892976145007419,0.5095247057128321,0.5673768352880978,0,1,0,0,0,0,0.49336478170100523,0,0,0,0.12972317863027932,0,0,0,0.6562695073979667,4.45585178858618,5.334267990583928,0,Confidential,1.458180681367317
6542,Senior,1,0,1,3,Underweight,0,0.8822002213188606,0.08863781689600982,0.08468112042962146,0.6636155830648579,0,0,0,0,0,Normal,Stage 2,Prediabetes,Prediabetes,0.8554659013780462,0.7980050037432806,0.48767974853351226,0.16439911701561033,0.7565022181609373,0.2134640630538879,0,1,0,0,0,0,0.3199610187192993,0,0,0,0.4018455478968911,0,0,0,0.290690248121126,9.285246314458762,7.0670148898906895,0,Confidential,0.6446507846587224
6543,Young adult,1,1,2,2,Normal,0,0.5755285222162354,0.3564743217819692,0.6618050176258653,0.10030766310596939,0,1,1,0,0,Normal,Normal,Normal,Normal,0.25817451401054664,0.1159381724270362,0.5970231061636007,0.2520627627778121,0.7202173916875766,0.5850009630753639,1,0,0,0,0,0,0.5297126281123288,0,0,0,0.1129574361551785,0,0,1,1.808833347095674,3.3829986455191605,9.917582505465518,0,Confidential,0.8289484717450194
6544,Middle-aged,0,0,2,1,Underweight,0,0.9993947173336564,0.024542254330205272,0.6588398827023716,0.22700242325279663,0,0,0,0,1,Normal,Stage 2,Prediabetes,Diabetes,0.0,0.8724400096563234,0.38573485518133976,0.2421285485299341,0.9440322163321653,0.5911581295182113,0,0,0,1,0,1,0.9094815500724397,0,0,0,0.4086081634362045,0,0,0,0.9267794895619246,4.221633495727043,2.580417681431001,1,Confidential,0.40860348673271957
6545,Senior,1,1,1,0,Overweight,0,0.5686538399502787,0.18062564957594812,0.41603836586481585,0.18271763786859452,0,0,1,0,0,Stage 2,Stage 2,Diabetes,Diabetes,0.11864097148522944,0.5974612377261147,0.8451395851105044,0.6850549098741923,0.7218625936519317,0.506466178822913,1,0,1,0,0,0,0.24026264741658807,1,1,0,0.14003776110704677,0,0,0,2.9581942901249203,5.10845768370186,8.090148882946917,1,Confidential,1.1707762565101336
6546,Middle-aged,1,0,0,2,Obese,0,0.9429002219699615,0.30870575429309344,0.04363126236596167,0.40015474855682476,1,0,0,0,0,Stage 2,Normal,Diabetes,Diabetes,0.8565119224087794,0.80131969712835,0.6387638488435132,0.4739631068740658,0.04049048349632034,0.5711442535415092,1,0,1,0,1,0,0.058997722088866875,0,0,0,0.22239601618740676,0,0,0,1.934417095738293,3.61017797405648,7.951611694354542,1,Confidential,15.775653775573272
6547,Young adult,1,0,1,3,Normal,0,0.8199427804732574,0.05149362018089906,0.0434628578741436,0.7714224978496224,1,0,0,0,0,Normal,Stage 2,Normal,Diabetes,0.7656993373202565,0.021729216264387965,0.45142249700132275,0.19503366932478122,0.011984828915611756,0.37330412601488494,1,0,0,0,0,0,0.23747609419641874,0,0,0,0.733686601502541,0,0,0,1.946244027234706,0.9486496807525346,6.427160043729796,0,Confidential,37.66616112586203
6548,Middle-aged,1,2,1,2,Obese,0,0.4892615936381659,0.7797596362683996,0.785875291289744,0.5487411520487852,0,0,0,0,0,Stage 2,Stage 2,Prediabetes,Diabetes,0.9195671472802027,0.9634119927442703,0.9559388113600482,0.8758408357775314,0.45968128022133947,0.33186004807672786,0,0,1,0,1,0,0.16210341170440337,0,0,0,0.11556690555891148,0,0,1,3.1009402565284403,8.76134821570556,6.844962391923821,0,Confidential,2.07956871965671
6549,Senior,1,0,0,0,Overweight,0,0.16743945232940755,0.08416094178787153,0.12032522391154517,0.8567282173360352,1,0,0,0,0,Normal,Stage 1,Prediabetes,Diabetes,0.10170061085174127,0.6036955156159038,0.42128814229281253,0.13141705982617474,0.09232772289853997,0.8230754175338897,0,1,0,0,0,0,0.45471805956005756,0,0,0,0.3709326175889595,0,0,1,2.303129804611234,5.263850583196899,9.18199285338736,0,Confidential,4.562964720312349
6550,Middle-aged,0,0,2,2,Underweight,0,0.20641894236814012,0.6028584515474206,0.6847906188314549,0.27937659474700205,0,0,0,0,0,Stage 1,Stage 1,Normal,Normal,0.6271054618024062,0.9465129416847476,0.7239448024547823,0.15930032128454774,0.8217036296627409,0.3625241225379664,0,1,0,0,0,0,0.2897774314164278,1,0,0,0.08591652591170346,0,0,0,2.4561151271639057,6.121349290027176,8.503701181394366,0,Confidential,0.8810290916591392
6551,Senior,1,0,1,3,Obese,0,0.9475664165214618,0.5631636261426951,0.9263526747698639,0.6574229163306661,0,0,0,0,1,Normal,Stage 2,Diabetes,Diabetes,0.025285755144411934,0.256188691928206,0.019728976951212784,0.32164097108115647,0.05204639730313726,0.8233431621670072,0,0,1,0,0,1,0.3288592435507758,0,1,0,0.16352525546028998,0,0,1,0.2428051073361201,0.7505696247359261,7.072666856630411,1,Confidential,0.37906517979148496
6552,Young adult,0,2,1,2,Normal,1,0.0007223864020536974,0.9208314138199226,0.6991985704262722,0.5222088559246362,0,0,1,0,0,Normal,Normal,Prediabetes,Diabetes,0.6125980278260627,0.14264960547915673,0.024941142624046675,0.11960740486146587,0.32189746991318535,0.15437643924177377,0,1,0,0,0,0,0.8061194518088108,0,0,0,0.830554544049118,0,0,1,2.606830515454573,3.605771555884637,7.772979493211775,0,Confidential,0.0774816360960315
6553,Middle-aged,0,3,2,2,Normal,0,0.1467870447458407,0.2749728492638137,0.5063027247627517,0.25049542835463456,0,0,0,1,1,Stage 2,Stage 2,Normal,Diabetes,0.9389415301427246,0.5890114824740943,0.7095255692657465,0.9987339691094343,0.22435406983921385,0.9282974281450673,0,1,0,0,1,0,0.020053430558240406,1,0,0,0.05471979718199483,0,0,0,1.2078154170980882,6.788891134308258,3.0510574530082843,1,Confidential,3.1625259562897026
6554,Senior,0,3,1,1,Normal,0,0.6134412366556029,0.563956598780091,0.46663762135733716,0.6928945226397901,0,0,0,0,0,Normal,Normal,Diabetes,Diabetes,0.18957257579928072,0.9555761856969901,0.6486049824210127,0.8007985129002473,0.9594071976069729,0.8125325346329062,1,1,0,0,0,0,0.1498770880297051,0,0,0,0.39859167568888854,0,0,0,1.4048944706461055,7.678879707015249,5.701217710386343,1,Confidential,0.6760476511316708
6555,Young adult,1,0,2,1,Obese,1,0.27754525249261075,0.4822536627193261,0.4019419128229989,0.2442952123644715,1,0,0,1,0,Stage 2,Stage 2,Diabetes,Diabetes,0.4430783009160566,0.8551941576319962,0.8312923774556626,0.6457223671122274,0.7501771766321532,0.4388286955687518,1,0,1,0,0,0,0.7811841688590253,0,0,1,0.6714130532436116,0,0,0,1.622329660303501,1.113925954429423,7.983534463797851,1,Confidential,1.1081280574112746
6556,Young adult,0,1,2,0,Normal,0,0.09271188651662973,0.9000303014292138,0.718138779646714,0.505387035140965,1,0,0,1,1,Stage 2,Stage 2,Prediabetes,Diabetes,0.7914505633041368,0.512282233727611,0.6498218507861087,0.763505335497255,0.9460199656342303,0.23132692723811052,0,0,1,1,0,0,0.6907637906359827,0,0,0,0.6872537026623283,1,0,0,1.899890854381662,3.686347251375567,2.72407719271989,1,Confidential,0.686900778410586
6557,Middle-aged,1,1,2,1,Underweight,1,0.6296631693250558,0.7759910520281103,0.14275671950568009,0.08820409588361833,0,1,0,0,0,Elevated,Normal,Diabetes,Normal,0.12361469472167595,0.7027525027416329,0.8036916209595688,0.6114597890928233,0.5707472936084984,0.8226353766689248,0,0,0,0,0,0,0.9238253283118557,0,0,0,0.002964977018189,0,0,1,3.3132567349451527,7.314591233126059,8.07716782818744,0,Confidential,1.4081391711527895
6558,Middle-aged,0,0,1,2,Obese,0,0.07753387264526469,0.7511800884795047,0.4219310120236334,0.5385210540254629,1,0,0,0,1,Stage 2,Stage 2,Diabetes,Normal,0.7247876904138175,0.5797775215992065,0.5435432234235009,0.7867169020461782,0.40888066582935945,0.2639680362918062,1,1,0,0,1,0,0.10755911449701983,0,1,0,0.08551243505564628,0,0,0,0.0838875187890675,1.3271070908644012,9.467824741332691,1,Confidential,1.3293444000855277
6559,Middle-aged,0,0,2,2,Obese,1,0.42124392201648597,0.5157030176188865,0.8215931592119498,7.266097726132958e-05,1,0,0,0,0,Stage 1,Stage 2,Diabetes,Diabetes,0.58815993173912,0.8767830743396652,0.024870584845455124,0.3113002320688633,0.38994494032929117,0.5779257724344448,0,0,0,0,0,0,0.6561184376961978,0,1,1,0.030381646201298768,0,0,0,0.929742629366492,0.6894394097669643,4.055091959408571,1,Confidential,0.06377973470934901
6560,Middle-aged,0,1,2,0,Overweight,0,0.14655848414548409,0.641655986737624,0.13683223790671908,0.43767956382212436,0,0,0,0,0,Normal,Normal,Diabetes,Diabetes,0.17487549127076557,0.10273338185962506,0.7788796289282629,0.2629671714722402,0.7463258501821423,0.551164864927663,0,1,0,0,0,0,0.8844775307675555,0,0,0,0.5004759370160766,0,0,0,0.1189481163176027,7.518362234051509,1.374077718999036,1,Confidential,1.0436187206140264
6561,Senior,0,0,1,2,Normal,0,0.6244245477875617,0.2804899155731759,0.8588949254280707,0.257169510560764,1,0,0,0,0,Stage 2,Stage 2,Diabetes,Diabetes,0.7763868717176944,0.13979581694638643,0.5886569182495789,0.978659548864677,0.835069376301979,0.622181150184099,0,0,0,0,0,0,0.9481794179748231,0,0,0,0.4680909907594192,1,0,1,1.249443066597436,8.046565310283105,6.947736350676916,1,Confidential,0.7049197766733909
6562,Senior,1,0,0,1,Obese,0,0.22144390889429882,0.7347620535581505,0.9845382770173471,0.46241692452401895,0,0,0,1,0,Normal,Normal,Diabetes,Normal,0.7692562759719882,0.7586272258841461,0.5339216117807628,0.6305451447542041,0.8161087433237648,0.058609303930004214,0,0,0,0,0,0,0.3328745043787836,0,0,0,0.39446186776427106,0,0,0,1.5086179603030874,4.798175020767495,6.1520824915407,0,Confidential,0.6542285156831688
6563,Senior,0,0,0,2,Underweight,0,0.7998885260891195,0.7830888275782284,0.014512520116554321,0.24832140698666838,0,0,0,0,1,Stage 1,Normal,Normal,Prediabetes,0.03648827292967864,0.0914400797948557,0.303787281084988,0.8478601101028016,0.11629238990683044,0.3681673727146395,0,1,1,1,0,1,0.5724157501902857,0,0,0,0.6957024957830364,0,0,1,1.5073858329208174,1.775868874059533,6.438746469227823,0,Confidential,2.6122713732891047
6564,Middle-aged,1,1,1,2,Overweight,0,0.7737055389575163,0.7550125442744571,0.0282999367107592,0.4144103028119098,0,0,0,0,1,Elevated,Normal,Diabetes,Diabetes,0.1997029635689369,0.3092043831810559,0.4182532851017733,0.742002325549838,0.9666128398110665,0.9133997893987271,1,0,0,0,0,0,0.13024738837253394,0,0,0,0.6752480671316936,0,0,1,0.5982268425854316,3.175524005559823,0.1877167280055902,1,Confidential,0.43269990618324994
6565,Senior,1,2,0,2,Normal,1,0.07113190873799972,0.2025764088554721,0.9725270397422223,0.9942979561863002,0,0,1,0,0,Stage 2,Normal,Prediabetes,Normal,0.906090008158726,0.30599383287088117,0.670673030001333,0.07457679274708007,0.05948854937435538,0.21719243543517922,1,0,0,1,0,0,0.09596696603224568,0,1,0,0.3700671338524278,0,0,0,2.873162235500048,3.65532433175203,9.426703244047877,0,Confidential,11.273985280442055
6566,Senior,1,0,0,1,Obese,0,0.04584844655052892,0.08181714301146333,0.3120485850638566,0.11085977154208981,0,0,0,0,0,Normal,Stage 2,Diabetes,Normal,0.7981179607845507,0.3667989795408034,0.5338365440349,0.9705027786693456,0.9080860100903587,0.2922183914378673,1,1,0,0,0,0,0.8803260735190123,0,0,0,0.021039956371147236,0,0,0,1.853738679981015,6.833845007549344,0.1650531315601067,0,Confidential,0.5878700234372962
6567,Senior,1,2,2,2,Overweight,0,0.6547574489786281,0.14042766074191762,0.47022268116363464,0.9347295489160984,0,0,0,1,0,Stage 2,Stage 1,Prediabetes,Normal,0.6924988582372238,0.019456421992371922,0.7579331585348374,0.7113006991376369,0.7386100143793383,0.8920282276659834,0,0,0,0,0,0,0.4861017243987348,0,0,0,0.998249987301292,0,0,0,1.9258629843420836,9.292727754229858,1.799535370402776,0,Confidential,1.0261614976500646
6568,Young adult,1,0,0,2,Underweight,0,0.3023545591731833,0.46812894406063027,0.3698143791794135,0.2877256146353614,0,0,0,0,1,Stage 1,Stage 2,Diabetes,Diabetes,0.28177763982546145,0.5672036600631266,0.7702627777261355,1.0,0.292846625057804,0.41928194170173694,0,0,0,1,0,1,0.35149256589330674,1,0,0,0.585859337578598,0,0,0,0.5583371070338887,4.235870255665847,4.129418344109612,1,Confidential,2.6302600467876176
6569,Senior,1,0,1,3,Normal,0,0.9569235331889906,0.5175613527698196,0.17180068131914433,0.18585085710022264,0,0,0,1,0,Stage 1,Stage 1,Prediabetes,Diabetes,0.01997405073747026,0.5759333471784652,0.18847753507863274,0.20923208282137024,0.9910760864662744,0.526498647782218,1,0,0,1,0,0,0.4717736194552544,0,1,0,0.8820789672258409,0,0,0,3.4623506625767013,0.5923974553313627,8.02661633582878,0,Confidential,0.19017463709638854
6570,Senior,0,0,0,2,Obese,0,0.45722733923795383,0.2763459473780154,0.39167788594599334,0.2737515771596354,0,0,0,0,0,Elevated,Normal,Diabetes,Normal,0.9186800309128418,0.5987323414494328,0.5997276186936773,0.8223309871674294,0.4922710495633058,0.39141971697716116,1,1,0,0,0,0,0.9349028460796283,0,0,0,0.9355854740183852,0,1,1,0.2077750681904384,1.167615680102787,8.94745558936537,0,Confidential,1.2182874033029087
6571,Young adult,1,1,0,1,Underweight,0,0.9387000603276819,0.7030131846024572,0.1824783926827248,0.5267087732658674,0,0,1,0,0,Stage 2,Stage 1,Diabetes,Diabetes,0.40216399449293905,0.24307589802002705,0.29083768879183935,0.8811193559092225,0.7106248524744964,0.8052680313722421,0,0,0,0,0,0,0.38829364460456905,0,0,0,0.43929078772923813,0,0,0,2.1342064096521063,0.4358872197786811,0.1060403672448662,1,Confidential,0.409270359429594
6572,Young adult,1,3,0,1,Obese,1,0.9439089108261814,0.18706375222875382,0.1341480966197509,0.6373175948917881,0,1,0,0,0,Normal,Stage 2,Prediabetes,Diabetes,0.5935547860170636,0.33449585687913214,0.8899282152839094,0.1920435288730435,0.012341696573134942,0.7062868286263232,0,0,0,1,0,0,0.5924610312701198,0,0,0,0.6392421077016301,0,0,0,1.733670934689005,9.075238752788366,1.79955524669559,0,Confidential,72.10744568304168
6573,Middle-aged,1,0,1,2,Overweight,0,0.8759001514329275,0.2875095798046604,0.6059182727210799,0.885731977715747,0,0,0,0,0,Normal,Stage 2,Diabetes,Diabetes,0.7957156209400315,0.2850330651560518,0.5132517615021555,0.5452481976611068,0.8815138083229432,0.3165424931240748,0,0,1,0,0,0,0.5239204893232969,0,0,0,0.26791292097071434,0,0,0,1.0097164747413538,6.718355719642844,1.4665478572397084,1,Confidential,0.5822390490724171
6574,Young adult,1,0,1,1,Underweight,0,0.5493694034690353,0.7463746303104353,0.4692400182419972,0.010825327421106534,0,0,0,0,0,Stage 2,Normal,Normal,Diabetes,0.1863103929740244,0.11838626579213528,0.027516322037490548,0.8978386903744657,0.3112953263428013,0.8436342815595289,0,0,0,1,0,0,0.8448784190535029,0,0,0,0.3317896260779293,1,1,0,3.9139230347539113,0.2151294021595673,6.690078727093263,0,Confidential,0.0883929815482977
6575,Senior,1,0,0,1,Obese,1,0.9803798962772137,0.8122157814282734,0.983373198813757,0.7251859458599569,0,0,0,0,0,Normal,Normal,Normal,Diabetes,0.4577566204148218,0.633027085311881,0.33853793924272324,0.4835018040901418,0.26690707539308767,0.8891978766745592,0,0,0,0,0,0,0.1527707109902932,0,0,0,0.7514400141689693,0,0,0,0.1284659244689194,8.355643797255752,1.192084568995787,0,Confidential,1.2683737916806481
6576,Senior,1,1,1,1,Obese,0,0.32940517819281667,0.18401428380438117,0.6938934269098771,0.038427259547020864,0,0,0,0,1,Normal,Normal,Prediabetes,Diabetes,0.7544516394187567,0.5274950185696009,0.40128100364585695,0.8636814025572033,0.9401219041166728,0.2770024621684538,1,0,1,0,1,1,0.13164398993529747,0,0,0,0.4303212289027109,0,0,0,0.2601673236129609,2.6550252213373677,3.3036235325966903,1,Confidential,0.42683932997273977
6577,Young adult,1,0,1,2,Normal,1,0.7070266726376708,0.1463590419747778,0.7433948023396216,0.22370515274159286,0,0,0,0,0,Stage 2,Stage 2,Normal,Diabetes,0.3345828456677846,0.340052812057349,0.7186993768716461,0.015476568293565252,0.858306970021584,0.819374596333622,1,0,0,0,0,0,0.9309961341031096,0,0,1,0.2001382022159976,0,0,0,2.329942131441757,7.0249592847775375,0.8775863902560022,0,Confidential,0.8373453810512256
6578,Middle-aged,0,1,2,2,Obese,0,0.6643956925939424,0.9581116412477396,0.8672278005119164,0.9031814833734123,0,0,0,0,0,Stage 2,Stage 2,Diabetes,Diabetes,0.29195608806829026,0.6346490989785682,0.5169840688038938,0.32792856674672427,0.6802262609634682,0.43889932053437075,0,1,0,0,0,0,0.8622676418153195,0,0,0,0.5724460337187953,0,1,0,3.491141561546596,8.921337413641048,0.985728210560125,1,Confidential,0.760017803593235
6579,Young adult,1,0,0,1,Obese,1,0.35446568746710444,0.8549397167146197,0.3730748663962293,0.011862028453618056,0,0,0,0,0,Normal,Stage 2,Prediabetes,Diabetes,0.951600610750351,0.4927601220734096,0.42475857477252266,0.5800681016712459,0.5017796834267804,0.1276606876842785,0,1,1,0,0,0,0.9096482239508019,0,0,0,0.973100423931465,1,0,0,3.60853314208838,3.3459489637437647,9.962140465804106,0,Confidential,0.8465041308004719
6580,Young adult,0,2,2,3,Overweight,0,0.15238183837141242,0.11066598805127191,0.7982958495107281,0.42770150687958985,1,0,0,0,0,Normal,Stage 2,Prediabetes,Prediabetes,0.8482002575475838,0.7302394850910864,0.06737417725387518,0.13976806700715882,0.051241356166257745,0.3486921271689193,0,1,1,0,0,0,0.9187814683303038,0,0,0,0.7754351344075653,0,0,0,0.9065022915783216,6.1656947481176445,2.7760962357967256,0,Confidential,1.3148398538725803
6581,Young adult,1,0,1,1,Obese,0,0.6804871188692818,0.7187687539661013,0.5893931132771582,0.8568948166012264,0,0,0,0,1,Stage 1,Normal,Diabetes,Normal,0.4562951442546056,0.7841456980313402,0.2504173666578413,0.17095432989637654,0.29925451508320067,0.8845134559414161,1,0,1,0,1,0,0.1428475689547288,0,0,0,0.906165573679435,0,0,0,3.8204573555822834,4.1559005850154005,7.947860419640914,1,Confidential,0.8368039713226003
6582,Senior,0,0,0,2,Underweight,0,0.5867544805400756,0.5923635240698419,0.39456372525241773,0.29354107899907544,0,0,1,0,0,Normal,Stage 2,Diabetes,Diabetes,0.550921161686341,0.5775893210967049,0.24966468393210506,0.9040828243697112,0.35970536251355045,0.13881692385046399,0,1,0,1,1,1,0.6333803084122936,0,0,0,0.33704531121700726,0,0,0,2.781682243499257,0.2992125489328534,1.4924899111139955,1,Confidential,0.6940810728744694
6583,Middle-aged,1,0,2,2,Obese,1,0.3481708723073957,0.49777689476316217,0.3051761207226452,0.7576778170970603,0,0,0,0,0,Normal,Stage 2,Diabetes,Diabetes,0.223640386564937,0.9826394065864338,0.7291487946006503,0.5051900453386307,0.7752058229162202,0.2480092893946171,0,0,1,0,0,0,0.6228095966001002,0,1,0,0.08585198477485133,0,0,0,0.5479565662555621,5.493230772004076,3.4670135469998287,1,Confidential,0.9405873550558359
6584,Young adult,0,3,2,2,Normal,0,0.005442777334862229,0.19312676661114297,0.26049016201770636,0.6204172843027714,1,0,0,0,0,Normal,Stage 1,Diabetes,Diabetes,0.008241213453463861,0.3448998721330457,0.8179334340110835,0.9381752459880015,0.7073550007506683,0.9110196990179529,0,0,1,0,0,0,0.024610410615295824,0,0,0,0.7043971192839914,0,0,0,0.8304740300732694,5.771920004468285,0.90663182263353,1,Confidential,1.1563266438253292
6585,Senior,0,0,0,1,Underweight,1,0.13650435059042765,0.30619914067081716,0.5993892597904539,0.005203201632720145,1,0,0,0,0,Elevated,Stage 2,Normal,Diabetes,0.5796214283731312,0.40919529655715103,0.5923954135657339,0.18101411602480127,0.6867407657930406,0.9105157595023134,1,0,0,0,0,0,0.49448590918605123,0,0,0,0.35374359167129554,0,1,0,1.1327561952006016,6.602999469546912,6.762536730356533,0,Confidential,0.8626186809831251
6586,Young adult,0,1,1,1,Obese,1,0.04244123640846366,0.9452756895705707,0.7818413003358236,0.9917837519869716,1,0,0,0,0,Normal,Stage 1,Diabetes,Normal,0.41162130848241507,0.8800582447630227,0.5107662967025008,0.08663756351376739,0.4562857863933084,0.5392134285623458,0,0,0,1,1,0,0.5342237132264095,0,0,0,0.8387841819388822,0,0,0,0.492080770364649,5.258366104092183,6.992648628220096,1,Confidential,1.1193999724160406
6587,Senior,1,0,1,1,Obese,0,0.11737284417558182,0.1365263945346472,0.7439189244952796,0.8126955667411485,0,0,0,0,0,Stage 1,Stage 2,Diabetes,Diabetes,0.6030547832092836,0.8877920633130421,0.16222895981667884,0.40948931928763027,0.9729958132207792,0.9071786572693399,0,0,1,0,0,0,0.05028613270221986,0,0,0,0.9051077768994412,0,0,1,1.0302606104248937,1.4541133961226116,2.4775335646658903,1,Confidential,0.16673140584199822
6588,Middle-aged,1,2,2,0,Obese,0,0.29880991010552177,0.7895453876907247,0.748473423507571,0.558412458027458,0,0,0,0,0,Stage 1,Normal,Prediabetes,Diabetes,0.48025073110327576,0.05729059562235091,0.9128618536429784,0.1085734824414582,0.574611107729377,0.33862481456918503,1,0,1,1,0,0,0.7205685568887534,0,0,0,0.8616689216177704,0,0,1,3.6846395439358415,8.120265122114413,9.944736544874456,0,Confidential,1.5886602980061195
6589,Senior,1,1,0,1,Underweight,0,0.5053835032547551,0.6281311679722295,0.7395609083180821,0.7937817451005954,0,0,1,0,0,Normal,Stage 2,Diabetes,Normal,0.32441230976254565,0.7257994954500835,0.9060562881276386,0.31936597119553717,0.11560403038177636,0.025483595082842092,1,1,0,1,0,0,0.6335867280367834,0,0,0,0.7152831424569668,0,0,0,3.059682446593781,2.9768245099106982,9.38185784829949,0,Confidential,7.837583907199726
6590,Young adult,0,3,2,2,Obese,0,0.1543334033631308,0.39075354857993877,0.11219500029020586,0.8059345688725622,0,0,0,0,0,Stage 2,Stage 2,Diabetes,Diabetes,0.463258028346921,0.04668898261786701,0.2681729154992021,0.8996639192782607,0.30799239221833197,0.5826194576627566,0,1,0,0,0,1,0.8037321022288293,0,0,0,0.771435318519843,0,0,0,1.109879868044001,4.719815435624787,4.591265428207531,1,Confidential,0.870712791207835
6591,Senior,0,1,0,1,Overweight,0,0.8776190010777761,0.8483335373105785,0.6408285769368572,0.6597736136264408,0,0,0,0,0,Normal,Stage 2,Normal,Diabetes,0.8554787797613402,0.45239891755846595,0.9834238388939802,0.519139939840999,0.12397790546743959,0.9532143245855307,0,0,1,0,0,0,0.00784968335694305,0,0,1,0.35000737893483685,0,0,1,3.736887435964744,0.8678917091966798,0.1953982492577011,0,Confidential,7.932250792478968
6592,Middle-aged,1,0,0,2,Obese,0,0.9940055626003336,0.5870659919098911,0.25548287933035474,0.4423758746087586,0,0,0,0,0,Normal,Stage 2,Normal,Diabetes,0.28457837717460643,0.5502701171209182,0.3245132694755406,0.9961884552502609,0.2142718682055535,0.6166828834126257,0,1,0,0,0,0,0.5064325444503556,0,0,0,0.9407893775190035,0,0,0,3.648381511740411,0.8272534122939135,5.018387052864317,0,Confidential,1.5144931165869673
6593,Young adult,0,0,1,1,Overweight,0,0.5004747392982114,0.8989322666239045,0.5201446194930672,0.9882794741429258,0,1,0,0,0,Normal,Stage 1,Normal,Diabetes,0.24515202217277093,0.6322889506722851,0.5851663207349977,0.4508138022190817,0.4693513442591173,0.37039528452139003,1,0,0,0,0,0,0.05345077286329209,0,0,0,0.4626995228974329,0,0,0,1.5063312189739078,1.571224085115367,7.782044855715389,0,Confidential,1.246755395275787
6594,Senior,1,0,0,0,Overweight,0,0.03563900952015768,0.9913517841339401,0.9495145903100396,0.6819432877749351,0,0,0,0,0,Stage 2,Stage 2,Normal,Normal,0.2970517530395577,0.3233076743289236,0.739882430975566,0.1564345317052262,0.28439527217094474,0.5628346228429087,1,1,0,0,1,1,0.2591211436433628,0,1,0,0.8638182333584262,0,0,0,0.1721655876946579,0.9630272247352224,0.4127959562291949,0,Confidential,2.6015989131170802
6595,Senior,0,0,0,2,Overweight,0,0.5917411169744347,0.9271726272429,0.5358425966495249,0.3599588350498327,0,0,0,0,0,Normal,Normal,Diabetes,Diabetes,0.6023147907885323,0.4149803819362664,0.3668663938886405,0.7433639317931195,0.05525600427991073,0.25712084176140126,0,0,0,0,0,0,0.6011492624971692,0,0,0,0.9795742412840263,0,1,0,0.1016221837298267,2.173573118029015,9.174494514734864,1,Confidential,6.6393941919904815
6596,Senior,0,0,2,3,Normal,0,0.42089832933000315,0.794055468980579,0.10962716854616708,0.8759168240343037,0,0,0,0,0,Normal,Normal,Normal,Prediabetes,0.846268662401357,0.4281952026373589,0.34041921590587787,0.5960089503335275,0.2649165999363843,0.7865651312062537,0,0,0,0,0,0,0.6930030749924547,0,0,0,0.35823545175917987,1,0,0,0.9339474344512332,7.60733847093329,3.5232259560594823,0,Confidential,1.2850052280137387
6597,Young adult,0,0,1,3,Underweight,1,0.37875748816130783,0.3448782916959878,0.5914052047430299,0.3730426167183404,0,0,0,0,0,Normal,Stage 1,Normal,Normal,0.9820425572898397,0.5255960714328819,0.1819915327265882,0.3920116759792284,0.8396451025854974,0.5977070643954928,1,0,0,0,0,0,0.24637808503187178,0,0,0,0.6618189421863309,0,0,0,1.0410222219975327,3.138927611191973,5.862309226768732,0,Confidential,0.21674816201057612
6598,Senior,1,0,0,2,Obese,0,0.9064715160865843,0.1455757188247048,0.05288221879581289,0.7513516477267203,0,0,0,0,0,Stage 2,Normal,Diabetes,Prediabetes,0.27413489495531634,0.02135513119591685,0.11430226009588429,0.3702119418597632,0.09633615321737693,0.3454118262425735,0,0,1,1,0,1,0.1386214264045297,0,0,0,0.16025851935903887,0,0,0,3.128730410495023,0.912831009601055,7.190304284884318,1,Confidential,1.1864939202831557
6599,Senior,0,0,0,1,Normal,1,0.18003444809911145,0.5386494577357384,0.9853361169212711,0.9645616881132585,1,0,0,0,0,Stage 2,Normal,Prediabetes,Diabetes,0.23104467654225014,0.04389201897958546,0.5766801628786047,0.39038365359030275,0.2337659858755109,0.616534951063608,0,1,0,0,0,0,0.24919369825252255,1,1,0,0.09080889894106327,0,0,0,3.7825638901896905,1.6619462152311693,1.8496329927801969,0,Confidential,2.466912201613918
6600,Middle-aged,1,0,2,2,Obese,0,0.2089118409378623,0.6345878271705528,0.7689000907437508,0.15813868947522092,0,1,0,0,0,Elevated,Stage 2,Diabetes,Diabetes,0.32194363958345446,0.3141315785218041,0.3657935848231322,0.6034506219642033,0.17775804568682663,0.34786758860954436,1,0,1,0,0,0,0.21822395759602414,0,0,0,0.3411380617232124,0,0,0,1.7827415790520569,1.2408332026059343,3.4884430406988285,1,Confidential,2.0578173179715633
6601,Young adult,0,1,2,1,Obese,1,0.568074709645784,0.2412451052227389,0.8709644479273734,0.4631564522121213,0,0,0,0,0,Normal,Stage 2,Diabetes,Diabetes,0.7612774117588137,0.46435926617251555,0.8177746644122958,0.13997387205167033,0.5677669488049045,0.9881940386444843,0,0,0,0,0,0,0.250581547026817,0,0,0,0.3552564996620879,0,0,0,3.95845034563735,8.338393876246169,9.205181527918986,1,Confidential,1.4403350989937576
6602,Senior,0,0,1,1,Obese,0,0.66828826652825,0.9603889971291943,0.1755572938885713,0.2578157470063426,0,0,0,0,0,Normal,Stage 2,Diabetes,Normal,0.8884356244609363,0.850212599316206,0.4477435116122557,0.9955846419343777,0.42775158913210276,0.17779671829689495,0,0,0,0,0,0,0.16773592366236859,0,0,0,0.07352270052368633,0,1,0,0.0744664398825447,3.0125894822453017,5.077134646041658,0,Confidential,1.04673722550211
6603,Senior,0,0,2,2,Overweight,0,0.1516052385575346,0.18298946137707536,0.8768261385246228,0.7044510207133597,1,0,0,0,1,Normal,Normal,Diabetes,Diabetes,0.05179755835563028,0.6422833419305414,0.23083311127316875,0.17392184757383472,0.7147401588485605,0.08277524959998628,0,1,0,0,0,0,0.0848244835680846,1,0,0,0.4383329774026176,0,0,0,3.7260305459760414,2.2278471267444475,1.0966964392984568,1,Confidential,0.32296088083960284
6604,Senior,0,3,2,2,Obese,0,0.41824849075799464,0.5430461183875243,0.20561711967154603,0.5367009191506252,0,1,0,0,0,Stage 2,Stage 1,Diabetes,Diabetes,0.9575627140324054,0.2648530512862922,0.5051119310593406,0.9722631723543507,0.5378990487380664,0.9134422287076343,1,0,0,0,0,0,0.22492230149916892,0,0,0,0.43919792107285643,0,0,0,3.368373311826061,2.8831475941563944,1.0172941790155232,1,Confidential,0.9390459645622246
6605,Young adult,0,3,1,1,Obese,0,0.8130223615900992,0.6210619616338279,0.590074662886815,0.2911967036979606,0,0,0,0,0,Elevated,Stage 2,Diabetes,Diabetes,0.9493863412688803,0.6020164074213548,0.23405104497433515,0.19887433332775833,0.4816678220843805,0.1293829023108645,0,0,0,0,0,0,0.2610316496208076,0,0,1,0.4240964002253027,0,0,0,0.1233299127765579,9.489765537653426,5.970220175592546,1,Confidential,0.4859179588985148
6606,Middle-aged,1,2,2,1,Obese,1,0.35682397895510276,0.8269243906190297,0.9366004188680709,0.19921895111650956,0,0,0,0,0,Normal,Stage 1,Prediabetes,Diabetes,0.631763681876427,0.7369104974192721,0.7741480696883907,0.5457775165302683,0.7269776214338859,0.46599516094748417,0,0,0,0,0,0,0.8204504670542756,0,0,0,0.5258352111109167,0,0,1,3.040625944816594,5.88041015833412,0.6610198432673553,0,Confidential,1.0648856950527117
6607,Middle-aged,1,0,1,2,Obese,1,0.5288570124257569,0.9986297164522414,0.4170395763795307,0.023326267805878653,1,0,0,0,0,Stage 2,Normal,Prediabetes,Diabetes,0.42709743453684745,0.7760850690671475,0.9074117679414173,0.9695209083989411,0.039375595438677635,0.08647006329621557,1,1,0,0,0,1,0.6077585679284692,0,0,0,0.010205465540682844,0,0,0,1.5684516486316311,8.289282169055033,8.175193780591634,0,Confidential,23.04502974068273
6608,Middle-aged,1,3,1,2,Normal,1,0.46707426254354545,0.8164975489700895,0.0779759258690488,0.8864178093398402,0,0,0,0,0,Normal,Stage 1,Diabetes,Normal,0.9207540220557267,0.31662173224474705,0.8225414271357934,0.9217069312002988,0.5807696702818085,0.36564852797119207,1,0,0,0,0,0,0.4051954940876659,0,1,0,0.022998256772565135,0,0,1,1.0150762919715892,9.170794339911325,6.8346823328648165,0,Confidential,1.416295425235738
6609,Middle-aged,0,0,1,2,Overweight,0,0.14880346652975024,0.5263764257470402,0.7629951421796441,0.29803235195784616,1,0,0,0,0,Stage 2,Normal,Normal,Normal,0.3619284362115655,0.11764947355488371,0.1567913583433338,0.946822047919436,0.351410964707496,0.42529764712452534,1,0,0,0,1,0,0.5482105397079066,0,0,0,0.5545732113779925,1,0,1,3.121235988381671,7.754955830592989,2.508688385239919,0,Confidential,0.4461766253475962
6610,Young adult,0,1,0,1,Overweight,1,0.3373413185768751,0.7948160702552226,0.28088774360255736,0.056243016357896414,0,0,0,0,0,Stage 1,Stage 2,Diabetes,Diabetes,0.6829171639205753,0.8090405968011883,0.3622562514291925,0.10723767095823439,0.07140395429997548,0.35820153812678324,0,0,0,0,0,0,0.2366832296057574,0,0,0,0.3321351513199652,0,0,1,1.865895949107781,3.2956284498207813,4.445663450750642,1,Confidential,5.073335993512574
6611,Senior,0,0,0,1,Normal,1,0.2786378293532963,0.13207935761212444,0.8440171374889588,0.7227454892970614,0,0,0,0,0,Stage 2,Stage 1,Diabetes,Prediabetes,0.17352745293068877,0.6341088042418609,0.9896232549799422,0.45188840885948295,0.04492786353715156,0.4667923841297953,1,1,0,0,0,0,0.9755082598802294,0,0,0,0.4416645345426957,0,0,0,2.3295562873324447,7.16941866796124,8.669351387739983,0,Confidential,22.02693778575977
6612,Senior,0,3,0,3,Underweight,0,0.21964813821564055,0.32884190907858035,0.26693854797372873,0.2891490528160675,0,0,0,0,0,Stage 2,Normal,Prediabetes,Normal,0.9751018525092106,0.6349740886488816,0.17629121917254187,0.35596683566986015,0.3121228163786416,0.44254670909371174,0,1,0,0,0,0,0.7751857609838222,0,0,1,0.6887544359709813,0,1,0,0.2633544920063535,2.3892497781539577,6.587396262358359,0,Confidential,0.5648136243864977
6613,Young adult,1,3,1,3,Normal,1,0.36007295772646536,0.9648127746194113,0.5089047980432256,0.5597586847540342,1,0,0,0,0,Stage 1,Stage 2,Prediabetes,Normal,0.305748767611541,0.27208729069819737,0.9614859294670342,0.2620324080544027,0.7585684836344828,0.13501923224283915,0,0,0,0,0,0,0.3425243403756864,0,0,0,0.5084258368254619,0,0,0,3.3294329064950894,5.345883349052711,1.7737802194678365,0,Confidential,1.2675004962773109
6614,Young adult,1,0,0,2,Overweight,0,0.41295908473370324,0.7571231660623738,0.6249952792571439,0.802173128546615,0,0,0,0,0,Normal,Normal,Diabetes,Diabetes,0.765988510599418,0.2027205036764031,0.77174179591458,0.34027650908097734,0.2666197537061822,0.4937362827053684,0,0,0,0,0,0,0.36829335762978105,0,0,0,0.8280593180193214,0,0,0,3.102410316701973,2.863418640414217,3.1506211927437717,0,Confidential,2.894540952749689
6615,Middle-aged,0,0,1,1,Underweight,0,0.6374729736815127,0.8668915886479388,0.5274383301386629,0.5036263918131495,0,0,0,0,1,Normal,Stage 1,Prediabetes,Normal,0.3848114076722378,0.6924007281490481,0.9859940078163425,0.7087865347401507,0.4398389682784791,0.5356592320869809,1,1,0,0,0,1,0.0661158603002666,0,0,0,0.14709938782794077,0,0,0,1.0701637847542629,9.827110002676562,6.982828107888283,0,Confidential,2.241715898151324
6616,Middle-aged,1,2,1,2,Overweight,0,0.14123811615278725,0.6819588653458255,0.4318438316409228,0.3931525995032007,0,0,0,0,0,Stage 1,Stage 2,Prediabetes,Diabetes,0.5685699490610626,0.7379465633385169,0.20643678805786259,0.13013299209802864,0.49050780263768123,0.5703272431543696,0,1,0,0,0,0,0.03253196817767932,0,0,0,0.6243334122670519,0,0,0,2.211108046276525,2.687036192978641,1.0315268643091635,0,Confidential,0.4208634132785637
6617,Middle-aged,1,1,2,1,Overweight,0,0.13712418328073564,0.9960397048211892,0.9436853549747511,0.1826842738920318,1,0,0,0,0,Elevated,Stage 2,Diabetes,Prediabetes,0.4265676137122776,0.4629292952113002,0.9922258600954958,0.8238894269520123,0.3572864860519396,0.576909605626233,1,0,0,0,0,0,0.5886080742974588,0,0,0,0.544324284471853,0,0,0,0.1203657459973834,3.1378544439414338,4.684172605616719,0,Confidential,2.777115560847867
6618,Young adult,1,0,1,2,Obese,0,0.187491387294886,0.5427434133497071,0.8624064434277885,0.10227029040172642,1,0,0,0,1,Normal,Normal,Diabetes,Diabetes,0.10559531655572589,0.10605654175894551,0.8977444546515279,0.6397354713524082,0.28925693059943725,0.03357884978393463,0,1,1,1,0,0,0.6747843501190527,1,0,0,0.03602489012158384,0,0,1,2.420564706318371,0.5425784457225025,1.2547632881804505,1,Confidential,3.103622972113756
6619,Senior,0,1,2,1,Overweight,0,0.18458134916504357,0.48132734366842217,0.4888759959355263,0.49803314586333014,0,0,0,0,0,Stage 2,Stage 2,Diabetes,Diabetes,0.8529276520629863,0.31408552297658243,0.9789212311171112,0.07952931701069565,0.660828128318413,0.1959568348677769,0,0,0,0,0,0,0.694299772760326,0,0,0,0.2616838165148344,0,0,0,0.5795017253915025,5.866878133337544,5.474904275628161,1,Confidential,1.4813552710114488
6620,Young adult,1,1,2,1,Obese,1,0.7000598693599208,0.3237389435706844,0.5181681852788058,0.5369812495926533,0,0,0,0,0,Stage 2,Normal,Diabetes,Diabetes,0.8799352073515548,0.6327817635748264,0.45247712479886726,0.6920638196672808,0.8671162323390191,0.7783684807976102,1,0,0,0,0,0,0.027160315908579525,0,0,0,0.9483528906490769,0,0,0,1.0882807556171057,7.882653370846859,4.645979415746554,1,Confidential,0.5218183075391453
6621,Young adult,0,1,1,0,Obese,0,0.5945609481270535,0.9890772066875309,0.9861149424215032,0.7923767898493997,0,0,0,0,0,Stage 2,Stage 2,Diabetes,Normal,0.3173135596956918,0.32418217575837344,0.03192157767879511,0.45673193019720243,0.7205461921448352,0.27190197655842774,1,0,0,0,0,0,0.8548414653416009,0,0,0,0.340848387633571,0,1,0,3.5364945689843643,1.9974999556763664,1.8991017262226384,0,Confidential,0.04430191711065019
6622,Middle-aged,1,0,1,2,Overweight,1,0.6129897225071925,0.23046191430702329,0.1135940126325394,0.5173736562297208,0,0,0,0,1,Stage 2,Stage 1,Normal,Normal,0.10224473493448423,0.32089004848396196,0.2177404871625772,0.8288719718412996,0.2877479692116872,0.24942296904675712,1,0,0,0,0,0,0.46900234128875173,0,0,0,0.6399544207163995,0,0,1,3.689635834551352,4.447047831319011,6.428808456121868,0,Confidential,0.7567055564600434
6623,Middle-aged,0,0,1,0,Overweight,0,0.6524347989691531,0.8283473263551494,0.9724903798387814,0.7222641538315285,0,1,0,0,0,Normal,Normal,Diabetes,Normal,0.5452706265745689,0.9661422275347592,0.6624030973309396,0.37044415278705395,0.6328429587914036,0.3529661510363985,0,1,0,0,0,0,0.5911125583688103,0,1,0,0.9381470234829381,0,0,0,2.339003405469207,5.703904314462129,2.1658737247119864,0,Confidential,1.0467100694238418
6624,Middle-aged,0,0,1,2,Overweight,0,0.5014296537684169,0.3927078463636145,0.6340847542974553,0.8034602927142963,1,0,0,0,0,Elevated,Stage 1,Prediabetes,Normal,0.3894165650376912,0.15713959885638118,0.7535008091504456,0.24224849596591164,0.4932707334196784,0.9435268586246104,0,1,0,1,0,0,0.4290147651366202,0,0,0,0.05247066598741539,0,0,1,3.6004376647891183,3.796191100129398,8.115031714374437,0,Confidential,1.5275603397888224
6625,Senior,1,0,2,1,Obese,1,0.26241560937284325,0.14123682161693296,0.7283180245267001,0.7512352696251973,0,0,0,0,0,Elevated,Normal,Prediabetes,Diabetes,0.8552249642597063,0.47590617038965277,0.9180416433806162,0.883952279841653,0.06691255055199469,0.2529512229604143,0,1,0,0,0,0,0.12135924509159315,0,0,0,0.9032683176390064,0,0,0,0.624745666557029,5.79900400609562,8.562323166162942,0,Confidential,13.720021667194526
6626,Middle-aged,0,1,1,2,Obese,0,0.5857889991010328,0.32270389661938553,0.5809326671460591,0.062098778560668144,0,0,0,1,0,Normal,Stage 2,Diabetes,Diabetes,0.7371411859186126,0.46540655244808704,0.4934384631503972,0.9768371380487026,0.7318386769291088,0.5034055532236846,1,0,1,0,0,0,0.9030365314838067,0,0,0,0.9726440313500228,0,0,0,3.0409393365566544,9.057948876116344,5.339264382404506,1,Confidential,0.6742448557391498
6627,Young adult,0,3,2,3,Overweight,0,0.04920283545885207,0.27953074699503416,0.09439487985128754,0.9250405678032515,0,0,0,0,0,Stage 2,Stage 2,Diabetes,Prediabetes,0.13579353510015724,0.09810173262241463,0.5342534848099669,0.8639795604207341,0.20231800261741867,0.5499110882366179,0,1,1,0,0,0,0.8880805170284405,0,0,0,0.44709016720814154,0,0,0,3.841653006615111,0.5037432002903031,1.7232055668632609,0,Confidential,2.640662115571766
6628,Senior,1,0,0,2,Overweight,0,0.8889313608592833,0.22892494813389586,0.7500369267951985,0.7247463670208728,0,0,0,0,1,Stage 2,Normal,Prediabetes,Prediabetes,0.09399810219005024,0.19527322470319441,0.9503473183203726,0.14985572214620874,0.3491553467331282,0.4853605300532905,0,0,1,0,0,0,0.08316578985208174,0,0,0,0.8559630210748457,0,0,0,1.4271781653446125,3.720542104061485,7.975660193050991,0,Confidential,2.721846671438077
6629,Young adult,1,0,2,1,Obese,1,0.4533900124920999,0.6984648891137897,0.005407492994358475,0.23121934031450075,0,1,0,0,0,Normal,Stage 1,Normal,Diabetes,0.19242461912701886,0.880743493307574,0.7691909285099057,0.9711272052781941,0.6305071725959192,0.39387966698335775,0,0,1,0,0,0,0.7295539383160121,0,0,0,0.45593574418100047,0,0,0,0.4811417799956925,7.1953242188150215,8.131652319292787,0,Confidential,1.219955873527971
6630,Senior,1,0,1,1,Normal,0,0.9303124201641271,0.4855169585148311,0.9186411459743093,0.9408279784450683,0,0,0,0,0,Elevated,Stage 2,Prediabetes,Diabetes,0.03836589080773091,0.5690772256356742,0.022804662415308874,0.9564881464940176,0.20447939807489512,0.40219269925511425,1,0,0,0,0,0,0.6877616663637705,0,0,0,0.7988491386042511,0,0,1,2.6115111225936967,6.147639854563423,2.975100629050872,0,Confidential,0.1115254770407538
6631,Middle-aged,1,0,0,2,Overweight,0,0.9932700241217083,0.5780566354556115,0.2821603236719159,0.5335109031131416,0,0,0,0,0,Stage 2,Stage 2,Diabetes,Diabetes,0.29026621187994384,0.8569738658355053,0.20640516871033965,0.2653747857327278,0.6926385994265738,0.8919706499033959,0,1,0,0,0,0,0.22229300879336736,0,0,1,0.5203058446630244,0,0,0,1.069305216006546,5.622694197518352,6.427873032842212,1,Confidential,0.2979983628998149
6632,Young adult,0,2,1,1,Overweight,0,0.2991321580624318,0.24990983459691046,0.6390174574830926,0.6560671639039058,0,0,0,0,0,Normal,Normal,Diabetes,Diabetes,0.33525205326834484,0.9277510714232665,0.47096768636027786,0.49959644325149427,0.4660867770614292,0.2104012047647931,1,1,1,0,0,0,0.8270798789473008,1,0,0,0.20679442195610975,0,0,0,1.9433799208938385,2.2281390248084145,6.557844697283112,0,Confidential,1.010472104206907
6633,Senior,0,0,2,2,Obese,0,0.9995717112507987,0.1171470869082556,0.9940282746257899,0.9558675586286202,0,0,0,0,0,Stage 2,Stage 2,Prediabetes,Diabetes,0.15883134334281618,0.3485905799110603,0.23517391281608746,0.5413488057694225,0.1789081442586743,0.48350598794767363,0,0,0,0,1,0,0.8347760089166631,0,0,0,0.9599890964405825,0,0,0,2.092057207751475,4.089752095690923,6.561165176789747,0,Confidential,1.3144952891359787
6634,Senior,0,1,2,3,Overweight,0,0.6692067819519434,0.5462008572300865,0.5426734310138125,0.8572491679545805,1,0,0,1,0,Elevated,Stage 2,Normal,Diabetes,0.4409380586032765,0.12945405359019369,0.5686081074296463,0.4495388703499485,0.021194140939971184,0.539491746119631,0,0,1,0,0,0,0.8316590250391483,0,0,0,0.8736531681012606,0,0,0,0.1735067528932825,0.7994048372548113,9.283471808197092,0,Confidential,26.82855177004496
6635,Senior,0,1,1,2,Underweight,0,0.22845620888424997,0.9016295058723292,0.12573534651098833,0.7378488033053955,0,0,0,0,0,Stage 1,Stage 2,Prediabetes,Diabetes,1.0,0.6912455144609715,0.716577743539347,0.37022390363042684,0.9358932640210884,0.5845163051616002,0,0,0,0,1,0,0.6265913312443423,0,0,0,0.6592183531823693,0,0,0,1.6091404559023332,7.382057780845996,1.9860414096824552,0,Confidential,0.7656618239355129
6636,Middle-aged,0,3,0,2,Underweight,0,0.48201831598780753,0.5027307719376418,0.4661672613713475,0.6017727866105732,0,1,0,0,0,Stage 1,Stage 2,Diabetes,Prediabetes,0.1311231496559096,0.6754699335505429,0.6305574541544572,0.1288754041500601,0.9344514443210401,0.3829631469150755,0,1,0,0,0,0,0.732004321376064,0,0,1,0.5452575829659393,0,0,0,1.7755665300369707,5.305707250568922,5.579168849096118,0,Confidential,0.6747888913721053
6637,Senior,1,0,2,1,Obese,0,0.6799164270066864,0.723543852235466,0.34928463834153256,0.6882376262778295,0,0,0,0,0,Stage 2,Stage 1,Diabetes,Normal,0.32863215025599873,0.57035938577949,0.08983105206277187,0.4595796034096133,0.9677648026946439,0.872382970150942,1,0,0,0,0,0,0.8109865254946541,0,0,1,0.7474041049550605,0,0,0,1.28660896216553,1.3430514195375398,1.5741666850474234,0,Confidential,0.09282322710295551
6638,Senior,1,1,0,1,Underweight,1,0.9002596459039761,0.7054171267563285,0.58272305484747,0.3269632275316786,0,0,0,0,0,Stage 2,Stage 1,Diabetes,Diabetes,0.9709047894906595,0.26507793499970816,0.9109881158258739,0.22437023719042498,0.9286395027274639,0.5251159009003252,0,0,1,0,1,0,0.5391112278122685,0,0,0,0.9470835419644967,0,0,0,2.705313179016804,7.825884408184063,9.734477701242843,1,Confidential,0.9809922075792092
6639,Young adult,0,0,1,3,Normal,1,0.22105578870227155,0.47165577734846126,0.31020542293988546,0.7318800536025792,1,1,0,0,0,Stage 2,Stage 2,Normal,Normal,0.9232665998193521,0.5687523153538913,0.02866725079041288,0.7675365167633494,0.2733069437023442,0.4528672667792587,1,0,0,0,1,0,0.8335887662441678,0,0,0,0.290842410695585,0,0,0,0.6282518908016907,7.339517969023912,0.892534514420863,0,Confidential,0.10489031270875462
6640,Young adult,0,0,2,2,Normal,1,0.0481069718587002,0.7559188354146857,0.036250214130567976,0.6954765206311578,0,0,0,0,0,Normal,Stage 2,Diabetes,Normal,0.9116931935703336,0.12608326802236658,0.7204751668564944,0.7061205394872363,0.8763012897474523,0.8229030342310536,0,0,0,0,1,0,0.043478303859858417,0,0,0,0.2315754785049369,1,0,0,2.639854411539806,2.924477236399197,0.5727428728746142,0,Confidential,0.8221774580111978
6641,Middle-aged,1,2,2,2,Underweight,0,0.8928012736909153,0.9967290340271729,0.6323121311927554,0.7672623349571078,0,1,0,1,0,Stage 2,Stage 1,Diabetes,Prediabetes,0.04524093996339555,0.11790210074688702,0.25069394554669544,0.7017446713296311,0.6768491096431076,0.5732677174252748,1,1,1,0,0,0,0.44747938233672735,0,0,0,0.7729573373286888,0,0,0,3.318212044100381,3.941211576408453,9.448640891310896,0,Confidential,0.3703838004291423
6642,Senior,0,0,0,1,Obese,0,0.6625915070764555,0.4265117360932946,0.7359791429375918,0.5280771165023147,0,0,0,0,0,Stage 2,Stage 2,Normal,Normal,0.21375660856067524,0.5956913987451627,0.23397216256938602,0.005586636795856803,0.007148924601070528,0.6672202638097906,0,0,0,1,0,0,0.5545329194224372,0,0,0,0.3577174658647002,0,0,0,0.9408668380530624,9.77918858229333,4.246942239214604,0,Confidential,32.72830189513392
6643,Senior,1,0,0,2,Obese,1,0.7953217655203325,0.32132361332256343,0.743781822918765,0.5612403299652903,0,0,0,0,0,Stage 1,Stage 2,Normal,Normal,0.6546745089290962,0.875946913691096,0.5712865135545051,0.5616480057150597,0.7658378037368929,0.4183461976705781,1,1,0,1,1,0,0.6504452561637791,0,0,0,0.32093198274792667,0,0,0,2.232172229167688,0.5810147060884518,8.373351136563658,0,Confidential,0.7459628014795326
6644,Young adult,0,2,1,0,Underweight,0,0.2867602325874888,0.5601699116643206,0.22318374679821626,0.4423855234808479,0,0,0,0,0,Stage 1,Stage 2,Diabetes,Diabetes,0.03422332066483126,0.08425968595645446,0.3665386797276098,0.46788035470708883,0.2726482807301672,0.0876332292620321,0,0,0,0,0,0,0.9781087937110149,0,0,0,0.6863398118412192,0,0,0,1.3159425260778863,5.855984158962906,7.473241077895287,1,Confidential,1.344364537146535
6645,Middle-aged,0,0,1,1,Normal,0,0.2037069714568487,0.5530262017177792,0.17092324473876522,0.4961004620781174,0,0,0,0,0,Elevated,Normal,Prediabetes,Diabetes,0.7283723055311875,0.4793720274579908,0.16793391286729697,0.7753923595366592,0.0054065321055914994,0.17206513499747553,0,1,1,0,0,1,0.7952017973478792,0,0,0,0.48530129339173483,0,0,0,0.3495878377394148,5.144656416352791,8.179270323614123,0,Confidential,31.06129947764811
6646,Senior,0,3,0,2,Underweight,0,0.4774434506396159,0.6386426276558971,0.48269232862596456,0.035217144087342,0,0,0,0,1,Normal,Stage 2,Normal,Prediabetes,0.1227682794909649,0.39889379391005886,0.5792010874826901,0.8307776043059998,0.23787827062153888,0.5259571493785794,0,1,1,0,0,1,0.3854836191500923,0,0,0,0.8046292695293477,0,1,0,2.762480329082824,1.0251710827982097,1.742881264167402,0,Confidential,2.434863369274242
6647,Middle-aged,1,0,2,3,Overweight,1,0.632389553439158,0.8612687597838412,0.6161289641169526,0.12705370298290986,1,0,0,0,0,Stage 1,Normal,Diabetes,Normal,0.6909722271093792,0.5225828555889546,0.25645122945443655,0.8731896135434201,0.17356666707676605,0.4898567781223664,0,0,0,0,0,0,0.549131059390259,0,0,0,0.7379406871587763,0,0,0,0.4461304002906177,7.961444512639834,4.989779563185797,0,Confidential,1.4775373277232537
6648,Young adult,0,0,1,1,Obese,0,0.21802507782411476,0.662238918988658,0.21683423975431165,0.41861757329776583,0,0,0,0,0,Stage 2,Normal,Prediabetes,Diabetes,0.8925811118144114,0.9742396660227105,0.5349986634187252,0.7103695103720431,0.5592106676656579,0.9444676606627505,0,1,0,0,0,0,0.7103858282368833,0,0,0,0.8348004774550036,0,0,0,2.47776804663529,1.4126039371337074,8.971886167635114,0,Confidential,0.9567032504082904
6649,Young adult,1,0,2,3,Underweight,0,0.10892433203789872,0.16133062018399086,0.3017142045942209,0.45838014955769346,0,0,0,0,0,Stage 2,Stage 1,Diabetes,Prediabetes,0.7642814859638444,0.8172484830262654,0.08131763254761148,0.4458598254898071,0.7335586739136204,0.6990325971783883,0,1,0,0,0,0,0.6913321647337908,0,0,0,0.5964010508685614,0,0,1,2.074807105652558,0.7537561867454978,1.463249862343925,0,Confidential,0.11085361735793063
6650,Middle-aged,0,0,1,3,Obese,1,0.40258555064383506,0.4068835895510848,0.9966362753226912,0.49908925513696933,0,0,0,0,0,Elevated,Stage 2,Diabetes,Normal,0.43605939311721675,0.6979394328073669,0.3324726818730057,0.5214308596186847,0.25845138879492,0.32473087845080306,0,0,0,0,1,0,0.46723166027159463,0,0,0,0.49536992333890945,0,0,1,1.655462239591044,7.398125574254108,2.9491170593843785,0,Confidential,1.2864031546637238
6651,Young adult,1,0,0,2,Normal,0,0.4180552350825902,0.9737089136586881,0.31803781889277183,0.6077941199227014,0,0,0,0,0,Normal,Stage 2,Diabetes,Prediabetes,0.5170679030311879,0.10208985877199091,0.8245172022435121,0.332664785073608,0.1817996362637922,0.2687461815072514,0,0,1,0,0,0,0.7236095508875584,0,0,0,0.04511658137584165,0,0,1,3.409868773967152,0.0848125430013368,5.921323358145526,0,Confidential,4.535307216165897
6652,Young adult,0,0,1,1,Normal,1,0.50723881074489,0.5863750473498216,0.12011442675795952,0.20574012238523498,0,1,0,0,0,Stage 1,Stage 1,Diabetes,Diabetes,0.488573277580695,0.0980569396338513,0.9338326769221212,0.25210490826366044,0.06964734257438077,0.7391177756749154,1,0,0,1,1,0,0.3808740730681482,0,0,0,0.19368663078660378,0,0,0,1.2511951346685342,3.242472421086513,8.081465750248332,1,Confidential,13.408015904193656
6653,Middle-aged,0,3,2,0,Obese,0,0.787796657122992,0.37053918089176796,0.613297353834167,0.23517691178945832,0,0,0,0,0,Stage 2,Stage 2,Diabetes,Normal,0.49453082979008645,0.8465921651001976,0.305192927231952,0.765025421826746,0.5994498722827315,0.5934161049927928,0,0,1,0,0,1,0.8289229132413612,0,0,0,0.8434227345222148,0,0,0,3.6197339421601775,3.337070844609201,3.500509449120392,0,Confidential,0.5091216819677747
6654,Middle-aged,1,0,1,2,Obese,0,0.2331017952928518,0.05910352331211695,0.09693316705504505,0.9382121464356216,0,0,0,0,0,Stage 2,Stage 2,Diabetes,Diabetes,0.21417933137706885,0.3453583722855029,0.6111613743664623,0.6458693998765954,0.011419532212643302,0.7307770032134996,0,0,1,0,0,0,0.4348227114387505,1,1,0,0.168064170611056,0,0,1,3.0556996467692685,9.028422937279958,1.314999250220359,1,Confidential,53.5189500748381
6655,Senior,1,2,2,3,Underweight,0,0.02500208941164608,0.1934514050301919,0.13925875464440005,0.9765981843745776,0,0,0,0,0,Stage 2,Stage 1,Diabetes,Normal,0.3679494142447316,0.051735583546767785,0.3341074990796824,0.4599556169862083,0.5570307048715651,0.2926635477790869,0,1,0,0,0,0,0.8158555617252082,0,0,0,0.7148789070686422,0,0,0,0.0679896733790195,9.85286482433396,3.206787686788185,0,Confidential,0.5998008658368622
6656,Senior,1,1,2,1,Normal,1,0.8539488344761432,0.48917764482374343,0.10163746457483949,0.9364678161774161,1,0,0,0,0,Stage 2,Stage 2,Normal,Normal,0.8556757175442322,0.8785147447480557,0.7144163709665381,0.011663026734108795,0.7803713560362573,0.06332852774152642,1,0,0,0,0,0,0.9049278998354979,0,0,0,0.6552247668579392,0,0,0,3.232973316081656,9.677353230164634,9.401201211195591,0,Confidential,0.9154825653715373
6657,Senior,1,0,2,2,Normal,0,0.6743403809519853,0.6332604847991532,0.7610415812576455,0.3940834558537706,0,0,0,0,0,Normal,Normal,Normal,Prediabetes,0.6958290807982355,0.1394321221736215,0.720718327994454,0.7218013749308108,0.11785444479974216,0.14837366863654275,1,1,0,0,0,0,0.07717050300499732,0,0,0,0.8128301445174397,0,0,1,3.638589492900429,9.243355966557242,1.9089152205356572,0,Confidential,6.115325809044334
6658,Young adult,1,0,1,2,Normal,0,0.7623702657851555,0.9779186683492023,0.8212259461191017,0.8862068254708905,0,0,0,1,1,Normal,Stage 1,Diabetes,Diabetes,0.7213513394911788,0.6773666646459265,0.8746798538687786,0.9705610221004701,0.16227539325898094,0.7315222315945983,0,0,0,0,0,1,0.46665020625205966,0,0,0,0.961521121785015,0,0,0,2.8324910515130663,4.729402136189548,0.8565378818746461,1,Confidential,5.3900954192903825
6659,Senior,1,0,1,1,Overweight,0,0.8808241139229939,0.9663262701082938,0.3243250342824744,0.48498036200304184,0,0,0,0,0,Stage 1,Stage 1,Diabetes,Diabetes,0.23496046552317584,0.30989676743829586,0.676374625024696,0.7305081507529483,0.5512434212832596,0.9259428351551502,0,0,0,0,0,0,0.6153539121442743,0,0,0,0.8561645024399702,1,0,0,3.921281881488796,6.872224759499241,3.608027064326756,1,Confidential,1.2269980899729178
6660,Senior,1,0,2,1,Normal,1,0.6905981829294947,0.8190519371247696,0.848263388057246,0.07545817039120362,0,0,0,0,1,Stage 1,Stage 2,Diabetes,Prediabetes,0.5440669719550228,0.5915635357241309,0.5490742172726613,0.6743275119139298,0.3349693091656212,0.050082079980387995,0,0,0,0,0,0,0.7527502941645812,0,0,0,0.5969764190891529,0,1,0,1.34027072813146,1.769964014960126,0.6610873814141016,0,Confidential,1.6391776865777836
6661,Middle-aged,1,0,2,2,Normal,1,0.16825973147922388,0.6918381900176088,0.8139736319214106,0.3065230126840257,1,0,0,0,0,Normal,Stage 2,Diabetes,Diabetes,0.4259777985520694,0.6024636366220444,0.9771548193704094,0.5825072827643076,0.780898125315582,0.7741407716023465,0,1,0,0,0,0,0.41127152800390554,0,0,0,0.5309404436386991,0,0,0,3.5037721328155715,6.297982314550294,6.084878869378595,1,Confidential,1.2513217636109892
6662,Senior,0,3,2,1,Obese,1,0.6158221410556083,0.9317680357444577,0.05207640090177732,0.6400963948000656,0,0,0,0,0,Stage 2,Normal,Diabetes,Normal,0.4924548945069588,0.8554135678566358,0.8902193303518391,0.9658816881662229,0.6766225713563507,0.4750355050000452,0,1,0,0,0,0,0.02497565968834272,0,0,0,0.2543328094352172,0,0,0,1.3317936804065948,9.429070322603511,3.3717384716530607,0,Confidential,1.3156808064610002
6663,Young adult,1,0,0,3,Normal,0,0.8578966444497529,0.8997161257484216,0.5539282898869945,0.5971737507694169,0,0,0,0,0,Stage 2,Normal,Diabetes,Normal,0.3254255805918916,0.4078339422695798,0.8517641661813937,0.4880985745200875,0.6731022048403157,0.2446505760715835,0,1,0,1,0,0,0.8977812887397832,0,0,0,0.20917334968398082,0,0,0,2.6225235179986948,5.908246133010248,4.312601463257206,0,Confidential,1.2654306583105952
6664,Young adult,1,2,2,3,Normal,0,0.7578408390331955,0.0663142714515307,0.497838168214182,0.8189584537407945,0,0,1,0,0,Stage 2,Stage 1,Diabetes,Diabetes,0.42444154762444253,0.6736918166488179,0.4897950672726883,0.48012084574747255,0.64489297577222,0.6416435974958349,0,0,1,0,0,0,0.3962781541370717,0,0,0,0.30489879294299577,0,0,1,3.813910172444952,9.902753473732162,9.267232797196389,1,Confidential,0.7594982201289889
6665,Middle-aged,1,1,0,2,Normal,0,0.8244422561797898,0.5634433274379531,0.04302965554293879,0.6016423363994584,1,0,0,0,0,Stage 1,Stage 2,Prediabetes,Diabetes,0.33421975663028364,0.47103428387590396,0.819960464357208,0.016347621786022615,0.2587053450398028,0.13951881157735016,0,0,0,0,0,0,0.8452319824626712,0,0,0,0.6826419326187005,0,0,0,2.14275333846077,7.07548900121484,6.070250734575091,0,Confidential,3.1694763176657754
6666,Senior,0,2,1,2,Obese,0,0.8948900640606142,0.26714895017565105,0.04085942280818701,0.1917370547004421,0,0,0,0,0,Stage 2,Stage 2,Diabetes,Diabetes,0.05975468757447573,0.7869606759978532,0.26973862607304677,0.784227305592518,0.7803778242965447,0.10590047868339159,0,1,0,0,0,0,0.581921889847855,0,0,0,0.32162686027663306,0,0,1,0.0495581141220879,5.0576392831072505,2.048651406400181,1,Confidential,0.34565132128939857
6667,Senior,0,3,1,3,Overweight,1,0.123864473190902,0.7305978465837358,0.8812336524406452,0.42956011519504667,0,1,0,1,0,Stage 2,Normal,Normal,Diabetes,0.39080633759221794,0.7299112203944106,0.5016869023388537,0.6261888172819179,0.7226205008469819,0.4917808463105444,0,0,0,0,1,0,0.12165050878720214,1,0,0,0.20373069733354424,0,0,0,2.9801570392418486,5.365674992146716,5.591843658178565,0,Confidential,0.6942605444362948
6668,Senior,0,0,0,1,Obese,0,0.22353157321254738,0.7482847316182052,0.09710451686832144,0.15461551284422692,0,0,0,0,0,Stage 2,Stage 1,Normal,Prediabetes,0.17590175307846434,0.8663740825569944,0.5937700276948783,0.12281145737074839,0.7755312439008819,0.7550523835821544,0,0,0,0,0,0,0.5100335669424795,0,0,0,0.2723760869297722,0,0,1,0.0671129523286331,8.817440196310269,5.973192724411788,0,Confidential,0.7656300534176365
6669,Middle-aged,0,2,1,1,Overweight,0,0.31993976660021556,0.23270016855976403,0.4421945619782009,0.4236271604970735,0,0,0,0,1,Normal,Stage 2,Prediabetes,Diabetes,0.8086752146361136,0.7312839667114016,0.8925444386097847,0.028144074839289324,0.5252074789177162,0.9505350172239622,0,0,0,0,1,0,0.13609675918109934,0,0,0,0.9732939756764374,0,0,0,1.143252358630002,5.040461571322292,2.396456167661281,1,Confidential,1.6994130404407641
6670,Young adult,1,0,2,2,Overweight,0,0.5567079229213494,0.29325200236751814,0.1763817823297012,0.9998531300259624,0,0,0,1,0,Stage 2,Stage 2,Diabetes,Diabetes,0.7933012044137157,0.9330373217827074,0.1928335888196273,0.4802886377186622,0.576768648453598,0.053605505505118334,0,0,0,0,0,0,0.36334645985273767,0,0,0,0.3127921940203163,0,0,0,0.6270287288520824,8.492035578578887,5.221539831160634,1,Confidential,0.3343343805816122
6671,Middle-aged,1,1,0,2,Overweight,0,0.07170138130890207,0.13722593951645168,0.8202276266498765,0.06973202711778825,0,1,0,1,0,Stage 1,Normal,Normal,Diabetes,0.919709193773647,0.9977133197399762,0.8552285306125675,0.9401682622945813,0.11869826539307005,0.7885324596754176,0,1,0,0,1,0,0.4760230408605762,1,0,0,0.452943030771763,0,0,0,3.680533845962507,0.3350389008952037,6.992883072264102,0,Confidential,7.205063425151774
6672,Senior,1,0,0,2,Normal,0,0.029654505390722053,0.04387418534812839,0.8975316572310004,0.04929469520512231,0,0,0,0,0,Elevated,Stage 1,Diabetes,Normal,0.6723576081259283,0.3131432510840013,0.8649154722340167,0.02894349620032033,0.7453901055500263,0.813912664180981,0,0,0,0,0,0,0.6096260207249815,0,0,0,0.5155833569551849,0,0,0,2.637390068498741,1.8767818759209831,3.1878051628975124,0,Confidential,1.1603527680258006
6673,Senior,0,2,1,3,Overweight,1,0.2878296013588239,0.2692048645303523,0.4214020639310951,0.06477887190803466,0,0,0,0,1,Normal,Normal,Normal,Diabetes,0.955927532251045,0.8466303375724047,0.7915877135838922,0.7918595236882688,0.38809452338377126,0.9878391383668401,0,0,1,0,0,0,0.5819042272926642,0,0,0,0.35917431475053335,0,0,0,0.9397653284135212,7.164941202072672,6.370117304855297,0,Confidential,2.0396776194677773
6674,Young adult,0,0,0,1,Obese,0,0.40066092103475875,0.5978799783417478,0.2970758521926921,0.5728387887256899,0,0,0,0,0,Normal,Stage 1,Diabetes,Normal,0.03966814207529083,0.26624768122767734,0.9649656716255277,0.6084861391693412,0.725188707092006,0.012645314952435455,0,0,0,0,0,0,0.0415149650938283,0,0,1,0.5776834610072975,0,0,1,1.1686542047253194,3.1594819374480174,1.5397041264892164,0,Confidential,1.330640786582327
6675,Young adult,1,3,0,0,Normal,0,0.8680499855281751,0.3782736106226507,0.3677398636810156,0.7349823113983703,0,0,0,0,0,Stage 2,Stage 2,Normal,Normal,0.8764159329609749,0.14646945537273798,0.5002800364593993,0.2964184455213395,0.5001340143033054,0.5817432777985538,0,0,0,0,0,1,0.394971844380912,0,1,0,0.18498832019343306,0,0,0,2.016217850064629,1.641046376468922,9.367372692927583,0,Confidential,1.0002919660569325
6676,Senior,0,0,2,2,Underweight,0,0.9251343392282341,0.2635456154592003,0.47831784400820493,0.7740678126111448,0,0,0,1,0,Normal,Stage 2,Diabetes,Normal,0.24371030896816714,0.7306691649485508,0.8511484377611882,0.33065243821442775,0.7258624426661825,0.6997339706759763,0,0,0,0,0,0,0.651142010452926,0,0,0,0.5481755832963922,0,0,0,2.065471137823614,9.870827640520597,8.990373962488269,0,Confidential,1.1726029447601873
6677,Middle-aged,0,0,2,3,Obese,0,0.12338189014892824,0.9723408809666988,0.5861969036331591,0.9539271556178698,1,0,0,0,1,Stage 2,Stage 2,Prediabetes,Normal,0.604398681289188,0.4313511856158474,0.9225828729427055,0.41035123677515734,0.8043226529230671,0.7684459257284503,0,1,1,1,0,0,0.3118722306243582,0,0,0,0.5246908755600909,0,1,0,0.0094282211069671,5.741275925101585,4.58921582933457,0,Confidential,1.1470308210142501
6678,Senior,0,0,2,1,Normal,0,0.6042816513946158,0.5593311361945861,0.7736039663463232,0.9794721067333799,0,0,0,0,0,Stage 1,Stage 2,Normal,Diabetes,0.6630096403332517,0.13714911385412393,0.5137319645425218,0.9322357049531844,0.564105383453682,0.46552729012372085,1,1,0,0,0,0,0.2513911129230432,0,0,0,0.33258297418501526,0,1,0,2.581975582224745,9.484357436558152,0.3928688778389066,0,Confidential,0.9107021127812082
6679,Senior,1,2,0,1,Obese,0,0.9153640496404779,0.8931713478550505,0.3103782617191917,0.6441624736419097,0,0,1,0,0,Stage 2,Stage 2,Normal,Diabetes,0.7695637361506769,0.8880622560286544,0.18166869128525143,0.23244045782562678,0.10022333537379047,0.04541185095903569,0,1,0,0,0,0,0.8821846749306794,0,1,0,0.03923345255031409,0,0,0,1.765627843150762,2.4080231114750217,8.01554165043363,0,Confidential,1.8126386495490734
6680,Young adult,0,1,1,2,Underweight,0,0.47514645605327843,0.25053827630063874,0.018400745441590077,0.6853051142817984,0,0,0,0,0,Stage 1,Stage 1,Diabetes,Normal,0.32367106777166954,0.4962708541681199,0.5006190696939241,0.06629565975321466,0.5299449688281022,0.11733174194419202,0,0,0,1,0,1,0.3809630277613687,1,0,0,0.09905066332219595,0,0,0,2.6831154712528638,7.982244062955713,5.376196213150478,1,Confidential,0.9446623690021474
6681,Senior,1,2,2,2,Obese,0,0.796392221979058,0.8726980232494568,0.3220537699000354,0.9335384892944011,1,0,0,0,0,Stage 2,Stage 2,Diabetes,Normal,0.07017858152164085,0.6383361391889794,0.14946814080498094,0.6827675404689659,0.5126523626959427,0.72451521633637,1,0,1,0,0,0,0.03025807762278132,0,1,0,0.6529535560051953,0,0,0,3.951861237021322,7.412842935168261,4.128329927837661,0,Confidential,0.29155847447762845
6682,Senior,0,0,1,2,Obese,1,0.3176691992849415,0.2925160034382442,0.10867676706134198,0.8688380533214722,0,0,0,0,0,Stage 2,Stage 2,Prediabetes,Diabetes,0.17371348598770986,0.29839670617781117,0.90941042273098,0.8282534295528658,0.019593598435365955,0.61142007839364,0,0,0,0,0,0,0.7259394884037665,0,0,0,0.28348878738636885,0,0,0,1.2925846007746156,2.9081901221981954,2.591699477281617,0,Confidential,46.41365013837974
6683,Senior,0,2,0,2,Overweight,0,0.8474375406575639,0.5019852673276597,0.20287414814846014,0.2346423866226871,0,1,0,0,0,Normal,Normal,Diabetes,Normal,0.9120524607511282,0.27165029090961984,0.4233860119639308,0.9873594361535369,0.8076731179736809,0.7627668467169934,0,0,0,0,0,0,0.5588761253956741,0,1,0,0.2638090440091627,0,1,0,0.98594021105293,0.6301090501435513,0.741918131105499,0,Confidential,0.5242046597095329
6684,Senior,0,0,2,2,Normal,0,0.4725507619813096,0.8782742475762466,0.9456191824171573,0.9895313254153214,0,0,0,0,0,Elevated,Stage 2,Prediabetes,Normal,0.23154685704037525,0.7579464304493735,0.1497871396479995,0.08799726373021322,0.43690736161203203,0.5435031455704721,0,0,0,0,0,0,0.669463376556194,0,0,0,0.6702915374957608,1,0,0,2.1750593827444376,9.8852022592854,2.9069909292303606,0,Confidential,0.3428350099099692
6685,Young adult,1,3,2,2,Underweight,1,0.7428229700644258,0.17735438460544095,0.5216943364439459,0.5397040864758321,0,0,1,0,1,Normal,Stage 2,Diabetes,Diabetes,0.8117222953186821,0.8343289716092803,0.7768022482270964,0.9556881188966007,0.6894283434414236,0.36342992783094796,0,0,0,0,0,0,0.5554807496890354,1,0,0,0.5694907174445372,0,0,0,3.083289409595999,3.597423022623091,5.14894958464584,1,Confidential,1.1267338449555584
6686,Senior,0,0,1,3,Normal,0,0.38365049491887615,0.49613943833376245,0.025603943605762274,0.15406312968448177,0,0,0,0,0,Normal,Stage 2,Diabetes,Diabetes,0.9175610296588641,0.22059772121919902,0.8192911425334293,0.6817764694111834,0.29192006168845874,0.9801109720449448,0,1,0,0,0,0,0.07793463653276814,0,1,0,0.5177611191186463,0,0,1,1.4462510003001898,4.833381962617187,1.968616443803749,1,Confidential,2.806559911623301
6687,Senior,0,2,1,3,Normal,1,0.359440316769777,0.5537511845260219,0.20212763293964273,0.7385150834712485,0,0,0,0,0,Stage 2,Stage 2,Diabetes,Diabetes,0.970833338221762,0.15801245643045836,0.9410784800880787,0.934960823161729,0.5526687370930883,0.8320517584415245,1,0,0,0,0,0,0.41966325158935713,0,0,0,0.22276537014879683,0,1,0,2.077142956847992,7.859952228150973,1.862058660620388,1,Confidential,1.7027894232591068
6688,Young adult,0,1,0,0,Normal,1,0.5052754860344837,0.19813942314808203,0.5274097844184743,0.45974841426000956,0,0,0,0,1,Stage 2,Normal,Diabetes,Diabetes,0.21121539180559779,0.19448855955486766,0.53725267559885,0.02044835135960693,0.5730264589402807,0.12570048710177692,0,0,1,1,1,1,0.21052045375438969,0,0,1,0.7290169129482401,1,0,0,0.5814682411631367,0.5047683072123588,0.5644439160342374,1,Confidential,0.9375704510964669
6689,Middle-aged,0,2,1,3,Normal,0,0.5169320426879962,0.5015421138519814,0.488788470533009,0.4622408071505203,0,0,0,0,0,Stage 1,Stage 1,Diabetes,Diabetes,0.21851220042561303,0.8229230545926985,0.43125100177551756,0.8368704796953097,0.009525825797523757,0.07779212304587735,0,1,0,0,0,0,0.9911894654030288,0,0,0,0.5426715123007113,0,0,0,2.096175619529957,9.390103873939488,5.18799290689072,1,Confidential,45.27177075688508
6690,Young adult,0,1,2,1,Normal,0,0.22881633078805322,0.5080612698861814,0.45443034333481164,0.2426135078606566,1,0,0,0,0,Stage 1,Stage 1,Prediabetes,Normal,0.2879566774285073,0.6139316454607848,0.9425307983963693,0.7096150206602667,0.2730799009182513,0.9737986573853743,0,0,0,0,0,0,0.14003395760447856,0,0,0,0.03975051561925035,0,0,0,2.158597312357885,4.76654785208927,5.761066768747368,0,Confidential,3.4514835959257346
6691,Senior,1,0,1,1,Normal,0,0.6904192410058423,0.9774014623062901,0.23163509342052396,0.0514777313747804,0,0,0,0,0,Normal,Stage 2,Normal,Diabetes,0.284592256292789,0.4164948344898569,0.10445008583258675,0.00589427351301558,0.6439486707482985,0.4221612446512011,0,0,0,0,0,0,0.987694721709019,0,0,0,0.1259108860216761,0,0,0,1.931631797424902,6.22185710511168,5.925811317440283,0,Confidential,0.16220250243115006
6692,Middle-aged,0,0,1,1,Obese,0,0.12555830310229366,0.6482675980018329,0.1734783282228139,0.038153447729481815,0,0,0,0,1,Normal,Stage 2,Diabetes,Normal,0.16791453428498831,0.5944227225511671,0.2444339612225761,0.2647093636913335,0.8731179437861858,0.173911819937326,1,1,0,0,1,1,0.5876022037172468,0,1,0,0.8599300907645243,0,0,0,0.5439059596170495,0.3750334725789139,0.3092976768491828,1,Confidential,0.2799552602969233
6693,Middle-aged,0,1,2,3,Underweight,0,0.9694685596013527,0.630841234861909,0.7217695367520653,0.8407194828504111,1,0,0,0,0,Stage 1,Stage 1,Diabetes,Diabetes,0.6453192394633551,0.16502385819409404,0.6940910104732736,0.47556480937764495,0.7072418530932628,0.6042396778279764,0,0,1,1,0,0,0.6950416307691657,0,0,0,0.6387730104973106,0,1,0,3.7912669481303705,1.6541045552223077,6.036223080809833,1,Confidential,0.9814054519504588
6694,Young adult,0,0,1,1,Normal,0,0.859020832595167,0.6255868315879738,0.5854352150525334,0.7314395752140815,0,0,0,1,0,Normal,Stage 2,Prediabetes,Diabetes,0.5940918817433207,0.8267282654597263,0.9651961328160561,0.4032809693648431,0.33146234011461295,0.580466502232257,0,0,0,0,1,0,0.5417637954473007,0,0,0,0.39062077673128476,0,0,0,1.6036792804374027,9.978083577709237,5.9232695553748025,0,Confidential,2.911933019245296
6695,Senior,0,0,2,1,Obese,0,0.22495095215680097,0.47217558025344974,0.5177490175668626,0.15441653352268347,0,0,0,0,0,Stage 2,Stage 2,Diabetes,Normal,0.9391040467669856,0.1231711584157386,0.053331435521846604,0.5187525653576415,0.39217165742398696,0.3481946486113403,0,0,1,1,0,0,0.6290169529680008,0,0,0,0.13233590141244914,0,1,0,3.558018690365789,5.2997584762982655,1.836983513724767,0,Confidential,0.13599003016219657
6696,Young adult,1,0,2,3,Overweight,0,0.3757120249189598,0.07598857181004834,0.1238537208877286,0.6402884762059472,0,0,0,0,0,Elevated,Normal,Diabetes,Normal,0.6421425797697413,0.944222119093243,0.408385021685713,0.0045430728076955584,0.29894430107198877,0.8533687320589135,0,0,1,0,0,0,0.11403508264349976,0,0,0,0.6718581088345381,1,0,0,3.6960194687539314,6.035569446226249,8.580761284189867,0,Confidential,1.3660906738187653
6697,Young adult,1,0,1,2,Underweight,0,0.2691999906079739,0.23413457842236013,0.3157073001842443,0.2904165788581424,1,0,0,0,0,Stage 2,Stage 2,Diabetes,Diabetes,0.8506717859283597,0.10051985107923535,0.8364651815381401,0.7764595799136649,0.20218651576109747,0.25106128238478076,1,0,0,0,0,0,0.676442284963674,0,0,0,0.22086702756271523,0,0,0,3.878564663825636,3.6235398735151145,3.9851045829825793,1,Confidential,4.137096771213482
6698,Young adult,0,2,0,2,Obese,0,0.2874521960003752,0.775446595985497,0.6965179357655887,0.047325998839685135,0,0,0,0,0,Normal,Stage 2,Diabetes,Normal,0.08622794441224015,0.46674791004364635,0.16484921008023057,0.1800680507623938,0.03017653071910381,0.5133402285979068,0,1,0,0,1,0,0.948886409420885,0,0,0,0.47453537969384274,0,1,0,0.1579323640129306,7.885788235416276,3.96820232438444,0,Confidential,5.462828434942315
6699,Young adult,1,0,1,3,Normal,0,0.607869613401965,0.14866166967658895,0.742783773463602,0.14369594008580655,0,0,0,0,0,Normal,Stage 2,Diabetes,Normal,0.15506118889088255,0.6841958676512154,0.6235697963632902,0.7357773376898165,0.08736487363937168,0.5514633577337653,0,0,0,0,1,0,0.24125317236769256,0,0,0,0.7666260287287092,0,0,0,0.1795588861076393,2.350510444105089,5.723403050144295,0,Confidential,7.137534461931318
6700,Senior,1,0,2,1,Underweight,0,0.41033373281418073,0.34768482679752105,0.4981036178680323,0.6358434777220731,0,0,0,1,0,Elevated,Normal,Diabetes,Prediabetes,0.5703878912582859,0.8742157451505317,0.1627224367718283,0.9758743937309835,0.15634312407501622,0.9443700435778009,0,1,0,1,0,0,0.5144539723750801,0,0,1,0.51785941022572,0,0,0,3.5092020293627253,1.229952985546079,5.872252102967105,0,Confidential,1.0408032827446327
6701,Senior,1,0,2,1,Obese,1,0.5550477496063942,0.4433125752572806,0.5398347558947773,0.905093082529404,1,1,0,0,1,Normal,Stage 2,Prediabetes,Diabetes,0.1927378375768194,0.10563754710684913,0.8768461318017282,0.705138269303526,0.9295228470320207,0.6197388487396445,1,1,1,0,1,0,0.3116187802552214,0,0,0,0.08407163547131906,0,0,0,3.490695853833356,4.022511148396718,1.7079794492871947,1,Confidential,0.9433292948113218
6702,Senior,0,0,1,1,Normal,0,0.5975431416290143,0.8107449008147974,0.36484631280815794,0.5569022128451923,1,1,0,0,0,Normal,Stage 2,Diabetes,Diabetes,0.6924064033016974,0.25564167437493673,0.6158073865918485,0.5289649519297124,0.7737325630203866,0.6029777877066927,0,0,0,0,0,0,0.11714968222387385,0,0,1,0.7269304950282187,0,1,0,2.4370463324309246,6.68230249784598,0.5679286072934608,1,Confidential,0.7958917796970411
6703,Young adult,0,0,1,2,Normal,0,0.017811698492556254,0.6435256057805574,0.6417062932807415,0.2414910524671332,0,0,0,0,0,Normal,Normal,Diabetes,Prediabetes,0.4070035761220364,0.4796444284916177,0.02198712245697365,0.740936941712544,0.20352807913858156,0.4634591404820526,0,0,0,0,1,0,0.34191270593417084,0,0,0,0.1641298058241673,0,0,0,0.8580175880645244,0.4291295414274998,8.267458356949795,0,Confidential,0.10802992171907
6704,Senior,0,0,0,1,Obese,0,0.6935193133770461,0.41841833283431723,0.3980799948594852,0.11040696994569632,0,0,0,0,0,Stage 2,Normal,Prediabetes,Normal,0.2601702507646214,0.40308037316624834,0.3645683647788376,0.5360530095377904,0.058631349414763,0.3307696492150569,1,0,0,0,0,0,0.8322778580320143,0,0,0,0.2122044556823697,0,0,0,3.057006935012617,5.233350387036706,1.5744889126967498,0,Confidential,6.217976703893525
6705,Young adult,0,1,0,0,Overweight,0,0.22924971313961165,0.7655561049542272,0.580070706855831,0.17167689731629399,0,0,0,1,0,Stage 2,Stage 2,Prediabetes,Diabetes,0.8724656053433378,0.6845658695047637,0.8341400773499148,0.7721321250436393,0.13660427722638985,0.482698280579809,0,1,0,0,0,1,0.5062694598876143,0,0,0,0.22728698353117957,0,0,0,3.152800334854641,0.5330639754352751,9.405104880888716,0,Confidential,6.1062515338924666
6706,Young adult,0,0,2,2,Overweight,1,0.03446537433883342,0.28849756268877486,0.6380106819433169,0.896648785192467,0,0,0,1,1,Stage 2,Normal,Diabetes,Diabetes,0.021743978538138378,0.005868635205661707,0.5797075937692941,0.30385689190279846,0.7655973086652392,0.7437695416174247,0,0,0,0,1,0,0.785775426172798,0,0,0,0.7714058938652042,0,0,0,2.2253967363009,5.182474695584284,4.209484106182141,1,Confidential,0.7571964885560666
6707,Senior,1,0,2,1,Obese,0,0.09192550270802734,0.8629294443360115,0.11933123685369579,0.17548885320338115,0,0,0,0,0,Normal,Normal,Normal,Normal,0.9798891354167529,0.47612862969488656,0.10951588294868286,0.24806366189517487,0.40858914094260557,0.6729855166078329,0,0,1,0,0,0,0.019562469613988262,1,0,0,0.7562427413042423,0,1,0,3.639878410615991,6.28151330319532,9.487307938192826,0,Confidential,0.26803424754762767
6708,Middle-aged,0,0,2,0,Underweight,0,0.041032036594495905,0.35770599231852923,0.332883013563585,0.524308798774107,0,0,0,0,1,Normal,Stage 2,Normal,Prediabetes,0.40682328225763065,0.5909118134615986,0.5447920950407741,0.2325081128851682,0.4623337471024128,0.10878211837808152,1,0,1,0,1,1,0.2910915349454493,0,0,1,0.15829489230709715,0,0,0,1.7227943851087248,2.449196708772039,6.658948015605719,0,Confidential,1.1783524314527178
6709,Middle-aged,1,0,0,0,Overweight,0,0.04914102226606958,0.19308085873367814,0.7661433214755958,0.9799647838397189,0,0,0,0,0,Stage 2,Stage 1,Prediabetes,Prediabetes,0.33170700984520207,0.7982895459332153,0.042525593410865925,0.31269159495364157,0.9897302276495488,0.02023062750773455,1,1,1,0,0,0,0.4451783144883839,1,0,0,0.33733211650638206,0,0,0,3.94018633799804,2.3043866573620555,6.496629103110237,0,Confidential,0.042966853211968095
6710,Senior,1,0,1,2,Normal,0,0.22776858974889252,0.6312471347099415,0.07186045627378687,0.7260368612111784,0,0,0,1,0,Stage 2,Stage 2,Diabetes,Diabetes,0.3624121740620643,0.9911717988438901,0.49075168138974523,0.4178193761618794,0.6448363881125345,0.35682917751626564,1,0,0,0,0,0,0.5952208129733474,0,0,0,0.1805738283813725,0,0,1,1.9734756402997995,2.6613572449463554,3.1223470336085777,1,Confidential,0.7610483689144741
6711,Middle-aged,1,1,2,3,Underweight,0,0.5120867542770199,0.876778459206601,0.2910854100614334,0.043970073554526645,1,0,0,1,0,Stage 2,Stage 2,Diabetes,Prediabetes,0.8021254973527309,0.7298361818051051,0.03742120083983003,0.13235408002180638,0.8274928113142934,0.07749563575367338,1,0,0,0,0,0,0.9750702214182367,0,0,0,0.41481482133097863,0,0,0,1.104296170804017,1.839815616887092,4.370345550223242,0,Confidential,0.045222387830045965
6712,Middle-aged,0,2,1,1,Normal,0,0.2357873699637417,0.10279199826907953,0.23702482406963632,0.5948134459024127,1,0,0,0,0,Normal,Stage 2,Diabetes,Normal,0.3315588065647548,0.3940817798875542,0.9322120800219251,0.10263002740620825,0.8726508674634788,0.04569829272030368,1,0,0,0,0,0,0.5052232336512689,0,0,1,0.8519198618547404,0,0,0,1.1137985665758618,6.697998248950038,4.1104930902463,0,Confidential,1.068253198133604
6713,Senior,0,2,1,0,Normal,0,0.08981342709890239,0.6099662547380099,0.5096488757199615,0.2455629045883163,1,0,0,0,1,Stage 2,Normal,Diabetes,Normal,0.5222250909450684,0.3349791733122693,0.551962966062205,0.840052780661289,0.7974925724337614,0.6208337694100308,0,0,0,0,0,0,0.3065012548600701,0,0,0,0.9036644157868298,0,0,0,3.4700893920371096,2.1675830185201272,0.820856394415237,0,Confidential,0.6921230179959453
6714,Middle-aged,0,0,2,1,Overweight,0,0.4134496610314624,0.6780453963903593,0.7654195620718482,0.4302608858864797,0,1,0,0,0,Stage 2,Stage 2,Diabetes,Diabetes,0.7735422023232558,0.8400177311823607,0.47913772604381544,0.08222570435005627,0.03584424962233573,0.03112507292247743,0,1,0,0,0,0,0.46994411264439684,0,1,0,0.20306057747328238,0,0,0,2.697134568342488,1.1509040358472422,6.994431994628219,1,Confidential,13.367213181811147
6715,Senior,1,0,0,1,Normal,1,0.0742957148351198,0.8384024512871396,0.8118666973101578,0.2080012424874108,1,0,0,0,1,Stage 1,Normal,Normal,Prediabetes,0.6817173727195555,0.6274756662807995,0.09084794540455743,0.5567518525824446,0.28082521751176925,0.4690609760513077,0,0,1,0,0,0,0.9547008215942466,1,0,0,0.9233900168704768,0,0,0,2.8591271930898468,1.1305600927535753,9.6514733713125,0,Confidential,0.3235035165627532
6716,Senior,0,0,1,2,Overweight,0,0.10881875672310971,0.6325026258645121,0.8663544723249949,0.33248461534839857,0,0,0,0,0,Elevated,Normal,Diabetes,Diabetes,0.7376169246076363,0.7071130033944871,0.37930901696733343,0.6887699723991301,0.7166872132527896,0.9317151186846118,1,0,0,0,0,0,0.9505554728888743,0,0,0,0.23373565044329686,0,0,0,2.8721766346587616,6.8340982374817605,5.646204245048944,1,Confidential,0.5292532222610531
6717,Senior,1,1,1,3,Overweight,1,0.8027355866032077,0.7871108886721947,0.859255073380183,0.823997565704251,0,0,0,0,0,Normal,Stage 1,Diabetes,Diabetes,0.6026661352438047,0.07818582550736118,0.1565653212763758,0.7680856289378983,0.8223844177074431,0.9294084708868997,0,0,1,0,0,1,0.033581663081544415,0,0,0,0.034657972970256405,0,1,0,2.2313056676264447,5.864397193884906,6.997639260323698,1,Confidential,0.1903797274185133
6718,Senior,0,0,1,1,Underweight,0,0.3051365737813024,0.9754284720571154,0.6905210702357907,0.2565952588787028,0,0,0,0,1,Stage 2,Stage 2,Diabetes,Diabetes,0.0384043230492027,0.9734644715704416,0.45563069395477473,0.7398586886785268,0.591285527695435,0.2715108387402202,0,0,0,1,0,0,0.1159797729798205,0,0,0,0.0,0,0,0,1.2477123408518236,8.205772477919314,1.991990014396552,1,Confidential,0.7705764349258103
6719,Senior,1,0,1,0,Normal,0,0.09257512984451778,0.33303814457868536,0.48875932281095885,0.3926900188210468,1,1,1,0,0,Stage 1,Normal,Diabetes,Prediabetes,0.2206418943861193,0.7027906016747083,0.6160111152781302,0.3686381956102695,0.5659819342415503,0.27356026327603455,0,0,0,0,1,0,0.40924314591000926,0,0,0,0.5198096531025939,0,1,0,1.437703415859454,9.199727611616966,8.689612472146841,0,Confidential,1.0883936005901356
6720,Young adult,0,0,1,1,Obese,0,0.0014561628475150664,0.32485873909939134,0.059434776692790334,0.5890958887372645,0,0,0,0,0,Stage 2,Normal,Diabetes,Diabetes,0.6925471595451272,0.6857489629627463,0.1451089872798248,0.32496420851609725,0.45934926965939227,0.08991712590237397,0,0,1,1,0,0,0.53557636260229,1,0,0,0.4513000727408034,0,0,1,1.0920945924515153,9.842690862641906,4.402146112267516,1,Confidential,0.31590120386481335
6721,Senior,1,0,2,1,Overweight,1,0.6241764976485115,0.00698775642815559,0.39306599451719004,0.8542759015010647,1,0,0,0,0,Stage 2,Stage 2,Prediabetes,Diabetes,0.3657024605338679,0.45798167653816335,0.18958523378754055,0.788843656289431,0.9461422511894741,0.47050178321185465,1,1,0,0,0,0,0.5315205336466817,0,0,0,0.962201609429368,0,0,0,2.8358328346067547,9.56612003995762,9.301420890153608,0,Confidential,0.20037709292571723
6722,Senior,0,3,0,1,Underweight,0,0.22132644367197368,0.675144957832651,0.8779296030170948,0.005038562080673881,0,0,0,0,0,Stage 1,Stage 2,Normal,Normal,0.8592589676171514,0.3253730802145743,0.6077117952500157,0.19633450675784664,0.14648319532801996,0.8542900052280188,0,0,1,0,0,0,0.16397904970579946,0,0,1,0.35497305584961686,0,0,0,3.983059190781191,0.4624944331520408,0.0932361299522077,0,Confidential,4.148679265830911
6723,Young adult,1,0,2,0,Obese,1,0.7526686293719066,0.5360042767501931,0.2023858292960763,0.5586798328923323,0,0,0,0,0,Normal,Stage 2,Diabetes,Diabetes,0.6594508379021502,0.4876966300375353,0.7582517710979906,0.614141199007352,0.4409587614174576,0.42334482651533756,0,0,0,0,0,1,0.6683563532944699,0,0,0,0.3205205750668227,0,0,0,0.9378228541333692,6.586869416313995,9.761564941833123,1,Confidential,1.719552569180387
6724,Middle-aged,0,0,0,2,Normal,0,0.15973227559650435,0.27402566451797306,0.48025874788200157,0.7127680657350025,1,0,0,0,0,Stage 1,Normal,Diabetes,Normal,0.9919137231958013,0.9596365706569977,0.8745573308652279,0.01578534564631623,0.6273233193207226,0.9835917988510274,0,1,0,1,0,0,0.18872973244736566,0,0,0,0.45258645415422993,0,0,0,3.663191494175704,5.276077216132636,9.828233571218751,0,Confidential,1.3941093913298408
6725,Middle-aged,1,1,0,2,Underweight,0,0.3450986524401024,0.7369053858621565,0.5158807649888094,0.21855359367947413,0,0,0,1,0,Stage 2,Stage 2,Diabetes,Diabetes,0.838393311181904,0.21247357285150137,0.7896407715790152,0.839261768904987,0.14574725602050315,0.39115952286019817,0,0,0,0,1,0,0.24598405266989096,0,0,0,0.42420343181584436,0,1,1,1.8790468285938824,2.943499977994532,2.936612745684972,1,Confidential,5.4178774485327645
6726,Young adult,1,1,0,2,Normal,0,0.459993981695011,0.24268970951358432,0.0770312754902512,0.9477931217412526,0,0,0,0,0,Stage 2,Stage 2,Diabetes,Diabetes,0.8082638703266767,0.22093638362450302,0.9067224915863346,0.0712606290581963,0.5064247065286431,0.400697871679601,0,0,0,1,0,0,0.40598597632496336,1,0,1,0.861186341899551,0,0,0,2.263882924547008,0.4985669740810217,4.640415353211603,1,Confidential,1.7904388942664091
6727,Young adult,0,1,1,1,Normal,0,0.4327242276985297,0.8863132501295667,0.8092610625526194,0.9956155119320019,1,0,0,0,0,Stage 2,Stage 2,Prediabetes,Diabetes,0.7398626278670555,0.10344005048132969,0.35337050710984697,0.869533130023423,0.986337903170603,0.43640223488560315,1,0,0,0,0,0,0.9019620673232444,1,0,1,0.9532735408347609,0,0,0,0.4915228475044348,8.004855399553115,0.0178044496815188,0,Confidential,0.35826516042213363
6728,Senior,0,0,1,1,Obese,0,0.8373491890296985,0.4288998310886321,0.5793209806616236,0.8880560764006603,0,0,0,1,0,Stage 1,Stage 1,Prediabetes,Diabetes,0.7988086627189802,0.7006766953999914,0.045856557270099074,0.19275995229404402,0.9540417098721234,0.5339534698807848,0,0,0,0,0,1,0.7217677248093336,1,0,0,0.33394124547037046,0,0,0,0.3539172976742755,7.182528577712219,5.570248774113739,0,Confidential,0.04806556861779716
6729,Senior,0,0,1,1,Normal,0,0.26320172189197516,0.7362983705211356,0.8364042361801378,0.6747453493504562,0,0,0,0,0,Normal,Normal,Diabetes,Diabetes,0.19837651725846678,0.17982144517525483,0.24645977708100175,0.30298369780237994,0.3592259827928833,0.23262867314782462,0,1,0,0,0,0,0.4937850394168577,0,0,0,0.5174333984578398,0,0,1,0.5137082459412081,2.5150399530340484,4.1322638860741465,1,Confidential,0.6860856087436791
6730,Senior,0,2,0,3,Normal,1,0.3459732090929809,0.21465024825743803,0.9581526624504535,0.00021936111604659025,0,0,0,0,0,Stage 2,Stage 2,Diabetes,Diabetes,0.8342136231604617,0.7548139644894447,0.9205315160341416,0.4184728361910374,0.6054885724341159,0.3490856383981328,0,0,0,1,0,0,0.8156157215982732,0,0,0,0.6923183121248153,0,0,0,0.076341707845863,8.826172660373397,0.9075139134891042,1,Confidential,1.5203119562331724
6731,Senior,0,0,2,1,Normal,1,0.9499289667284746,0.42254724136191113,0.6177965087787416,0.4911250352136943,0,0,0,0,0,Stage 1,Stage 2,Diabetes,Diabetes,0.7084128016607127,0.6027049096298485,0.5087160488327918,0.5681765269861556,0.06587299237894806,0.26685535405255123,0,1,0,0,0,0,0.35318172546714327,0,0,1,0.8830500186174493,0,0,0,1.9307059372608328,1.7648046614428592,7.828216623321047,1,Confidential,7.7226801221705115
6732,Young adult,0,0,1,1,Obese,0,0.6660126892958448,0.35583023691693766,0.00628669903818598,0.9281324890118109,0,0,0,0,0,Elevated,Stage 2,Diabetes,Diabetes,0.25375929761703714,0.20717386912676322,0.8111402059905801,0.7755058269646764,0.8487957847245047,0.05593455320175983,0,0,0,0,0,0,0.6952148604636599,0,0,0,0.6118793502212738,1,0,0,3.8511381570290193,1.9540223087284716,1.1906859427332284,1,Confidential,0.9556364682629208
6733,Young adult,0,1,2,3,Obese,1,0.4239070096917102,0.5256367715562965,0.008124589480907947,0.22384516767635687,0,0,0,0,1,Stage 1,Stage 2,Prediabetes,Prediabetes,0.8637790349070724,0.9364214833353407,0.6984484344802449,0.9142579899923169,0.1887434384034386,0.10379775479877643,0,0,0,1,1,1,0.05058522326048755,0,0,0,0.7481299083951328,0,0,0,3.33305059582853,6.65597936231246,7.52123314615331,1,Confidential,3.7005176995203044
6734,Middle-aged,0,3,1,1,Obese,1,0.9850589830788316,0.659274546521393,0.4466749780261562,0.3130358923016263,0,0,0,0,0,Stage 2,Stage 2,Normal,Diabetes,0.1337661640006914,0.7737435285131096,0.03825402239995035,0.857066964720586,0.7303244911328542,0.6163155781679162,1,1,0,0,0,0,0.997979577020414,0,1,0,0.665526812156975,0,0,1,0.5076749937044953,7.116377283693998,4.654611878822582,0,Confidential,0.05237948728874205
6735,Young adult,0,0,2,3,Obese,0,0.40340606777208726,0.10620129850011395,0.4248758646858005,0.6942269727792715,1,0,0,1,0,Stage 2,Normal,Diabetes,Normal,0.3039143621544081,0.9741399225792068,0.04685677925166587,0.4155439515466908,0.5785626956908922,0.6172918098664001,0,1,0,0,0,0,0.100912100748367,0,0,0,0.38548822021102946,0,0,1,2.138806868795817,4.031204348487396,1.5667435074920266,0,Confidential,0.08098824829297319
6736,Young adult,1,1,1,3,Obese,0,0.8574664922206231,0.555926526686857,0.3308766076363085,0.21196939475240406,0,0,0,0,0,Normal,Stage 2,Prediabetes,Normal,0.5323992945616848,0.10440481951619028,0.34556297061087293,0.33171944436942885,0.12148609752415368,0.668847825852246,0,1,1,1,0,0,0.876092068441196,0,0,0,0.2683603759819237,0,0,0,3.53300276266459,7.132955375646199,0.9039895029058608,0,Confidential,2.8444651499499245
6737,Middle-aged,0,0,0,1,Normal,0,0.6989299993816551,0.7466397085241102,0.0018455846968128801,0.10004756922788227,0,0,0,0,0,Normal,Stage 2,Diabetes,Prediabetes,0.7181521513062615,0.4022370803249722,0.45220999968446596,0.4504490257518102,0.974898201942813,0.04725502551779032,0,1,1,0,0,0,0.5226316312743665,0,1,1,0.5847577477064632,0,0,0,2.394568811603578,8.791664371768695,6.759702012685841,0,Confidential,0.463853558026146
6738,Young adult,1,0,0,1,Normal,0,0.23681014627068694,0.9315523442916823,0.5711875856361994,0.9225990203531659,0,0,0,0,0,Elevated,Normal,Diabetes,Diabetes,0.5755265113598319,0.1977402694643825,0.81668017454013,0.0058729392296815175,0.5974678670741873,0.21441377395892144,0,1,0,0,1,0,0.3294556769066052,0,1,0,0.8777221719842054,0,0,0,2.560366376982207,2.97169494328097,4.943879553449614,1,Confidential,1.3669022545755136
6739,Senior,1,0,0,3,Obese,0,0.9947575975544571,0.15205225974461814,0.28071390577772604,0.3150398502017261,1,0,0,0,0,Stage 2,Stage 2,Diabetes,Diabetes,0.20780158153190753,0.695611751318084,0.6931510534695913,0.34268620058897753,0.05347902647380143,0.014881886851832254,0,0,0,0,0,0,0.7795410552501503,0,0,0,0.6298809017217056,0,0,0,2.949447721723896,9.555752004918896,3.768970713567091,1,Confidential,12.961175607958301
6740,Middle-aged,0,3,0,1,Obese,0,0.16932568604109616,0.09912510052803898,0.6990959240803833,0.5907557110465099,0,0,0,0,0,Stage 2,Stage 2,Diabetes,Prediabetes,0.7498719157593949,0.7565202442089254,0.46948682615401105,0.813784506358679,0.4584986600693163,0.6335162945875682,0,0,0,0,0,0,0.5732155510879783,0,0,0,0.9733229142284539,0,0,0,0.995900894937876,4.334688505177612,3.93378154732545,0,Confidential,1.023965535870996
6741,Senior,0,0,1,2,Normal,1,0.5159226412132305,0.5570581835451662,0.9672512576839115,0.6556395311498316,0,0,0,0,0,Stage 2,Stage 2,Diabetes,Diabetes,0.11543048223431397,0.10121921035400654,0.25172986184528523,0.41299425062703937,0.27923643809964704,0.21905591752841372,0,0,1,1,0,0,0.0003281935970446833,0,1,0,0.4285905940565471,0,0,0,0.0142023188368853,1.790061638998106,4.722731201573144,1,Confidential,0.901493600041747
6742,Young adult,1,0,1,0,Underweight,0,0.17295520976484433,0.003427374091452925,0.1275559886137612,0.8022714760131099,0,0,0,0,0,Stage 2,Normal,Diabetes,Diabetes,0.2033939335497032,0.7243781551743316,0.43302902221666684,0.5740299338333745,0.043567197325596885,0.28649021831515453,1,1,0,1,0,0,0.5041637949003748,0,0,0,0.6468212819945666,0,0,0,3.1433322305103086,8.07955990101416,1.9391807131443817,1,Confidential,9.939336216200687
6743,Senior,0,1,1,2,Overweight,0,0.651233483421029,0.25919335701455,0.6165993370013222,0.8796579835988357,1,0,1,1,1,Stage 2,Normal,Diabetes,Normal,0.15509654497869435,0.7909948274856883,0.46227485301867355,0.03142528834798314,0.9278883554756221,0.8017474660035186,0,1,0,1,0,0,0.7247155959129731,0,0,1,0.7921320290012422,0,0,0,3.308522295090735,8.917583749323057,0.4267916668772376,1,Confidential,0.498200942269308
6744,Senior,1,2,0,2,Overweight,0,0.4056051574509669,0.8183350200801478,0.8436760653379635,0.8239238216446837,0,0,0,0,0,Normal,Stage 2,Diabetes,Diabetes,0.19469169133208508,0.1935988994293673,0.7348094457016552,0.5151952254687171,0.29167910576057976,0.6961831226166082,0,0,0,0,0,0,0.4449125855535112,0,0,0,0.8575710335263937,0,1,0,3.962673395557664,6.635276540462708,4.673606319236358,1,Confidential,2.5192392296512733
6745,Middle-aged,0,0,1,2,Normal,0,0.15195483898587006,0.04133782667537658,0.9680208454029512,0.6554238712800645,1,0,0,0,1,Normal,Stage 1,Normal,Normal,0.3942588089296428,0.1534158856744095,0.5114669523922626,0.7587399489824831,0.21521510374127184,0.588526141878486,0,0,0,1,0,0,0.589064941657653,0,0,0,0.8595180489434162,0,0,1,0.3581350138775545,5.578771057700721,1.321872249307745,0,Confidential,2.3765383725444287
6746,Middle-aged,1,1,2,1,Underweight,1,0.843380763664531,0.958837801666511,0.05150849093063688,0.5882783036027367,0,0,0,1,1,Normal,Normal,Normal,Diabetes,0.5610255730514874,0.7066390316172485,0.5429137039686807,0.8485948364996436,0.11423584370857404,0.23961108612426765,1,1,0,1,0,0,0.5994846622973681,0,0,0,0.2625954111030917,0,0,1,0.7521180258290787,5.697680157529254,9.337687216064111,1,Confidential,4.752568776519063
6747,Senior,0,0,2,2,Normal,1,0.29031667910422476,0.6012958034874364,0.037209263844306985,0.6619762937952974,0,0,0,0,0,Elevated,Stage 2,Normal,Diabetes,0.19012072340090802,0.6664091931725779,0.516848636729704,0.4868083395487018,0.8919433804347552,0.9220113978609352,0,0,0,0,1,1,0.3233235431152806,0,1,0,0.017327258257866743,0,0,0,1.609765031052734,4.570256230700796,3.462118543622422,1,Confidential,0.5794635041495338
6748,Middle-aged,0,0,0,0,Underweight,1,0.5638463269073868,0.47322863710513907,0.5467534303817966,0.4415497596371013,1,0,0,0,0,Normal,Stage 2,Diabetes,Prediabetes,0.5400109033651845,0.1324047952777107,0.28703969340286584,0.437832907489951,0.9921289547485816,0.995702913091278,0,1,0,0,0,0,0.1157785276860012,1,0,0,0.5165533171655098,0,0,0,2.811281217829948,6.692233137750359,4.177768673798755,0,Confidential,0.2893169199719662
6749,Middle-aged,1,0,0,2,Underweight,0,0.157771564274611,0.8501332417371816,0.3862421306879208,0.16347816260974046,0,0,0,0,0,Elevated,Normal,Diabetes,Normal,0.8902170245408711,0.5236004496658136,0.4867864769851642,0.0183143827782698,0.0653156993124151,0.8277170321376002,1,1,0,0,0,0,0.650177231134903,0,0,0,0.18831747953937705,0,0,0,2.9959783621968046,4.2325938369109375,9.538127716653516,0,Confidential,7.452825003936483
6750,Young adult,0,0,2,1,Underweight,0,0.6362001968994224,0.25004312623844765,0.010552533607420957,0.5925627664999166,0,0,0,1,0,Normal,Normal,Normal,Diabetes,0.7100955104157348,0.1133157270774386,0.27474707208596816,0.16879018068246449,0.9740708464066408,0.951053675385829,0,1,1,0,0,0,0.6528931864983561,0,0,0,0.6176225218095899,0,0,0,0.5074661053186791,0.5412209995657369,8.543538432125507,0,Confidential,0.28206066642843636
6751,Middle-aged,1,1,2,3,Underweight,1,0.03569540667109238,0.3534379117605224,0.24359056659024755,0.22440541440508877,0,0,1,0,0,Stage 1,Normal,Diabetes,Diabetes,0.3818520098217647,0.5744502333737652,0.8335874342818463,0.7901517235451809,0.19961804080566725,0.6419998079604896,0,0,0,0,1,0,0.7694557704637246,0,0,0,0.1769897210283948,0,0,0,1.7803101273331037,9.773539271595308,4.631855265830797,1,Confidential,4.175912311920559
6752,Middle-aged,1,0,2,3,Underweight,0,0.32852211398461784,0.5262706852190554,0.5962027638591351,0.3576844395069897,0,0,0,0,0,Elevated,Stage 2,Normal,Diabetes,0.4778590076814502,0.48996457548435945,0.8715080193156952,0.10085686211338885,0.7820473653816271,0.6769710967587564,0,0,0,0,0,0,0.22662053553418446,0,1,0,0.9268585762297638,0,0,0,1.9826135462337755,5.632425240098352,6.7830926074409135,0,Confidential,1.114392884490331
6753,Young adult,0,0,1,1,Obese,1,0.451466211819521,0.8218608231314459,0.8752124757971231,0.8946664739224676,0,0,0,0,0,Normal,Stage 2,Diabetes,Diabetes,0.12894154170226335,0.7185352224604987,0.20240878857937306,0.26270252621486406,0.3183013441868515,0.7786477087216787,0,0,0,0,0,0,0.4664115879187923,0,0,0,0.5194966271307766,0,0,1,1.5009004478894967,1.860965762581166,2.840740748310324,1,Confidential,0.6359030279826704
6754,Senior,0,1,2,2,Underweight,1,0.2077502672683787,0.7691569193686607,0.8802247142760802,0.41573293801138,0,0,0,0,0,Normal,Stage 2,Diabetes,Diabetes,0.37486704978684204,0.8239536623250079,0.5806940509183394,0.005075326295126192,0.6243382352354702,0.9131773334129012,1,1,0,0,0,0,0.10458998950797949,0,0,0,0.698962620600938,0,0,1,1.2373239740541373,4.124638888090383,1.444628087934986,1,Confidential,0.9300952883325009
6755,Middle-aged,0,0,0,2,Overweight,0,0.5671533274167139,0.08367156882085289,0.4922313311018933,0.09919459806780928,0,1,0,0,0,Stage 2,Stage 1,Diabetes,Diabetes,0.5956998569504159,0.8117704170679396,0.9514519175684937,0.1695525220529162,0.15966226369552,0.5067541976227685,1,1,1,0,0,0,0.1702446849767508,0,0,1,0.7659282377690428,0,0,0,0.4346655478785215,0.042776453455503,5.113937847463401,1,Confidential,5.9591533750450685
6756,Middle-aged,1,1,1,3,Overweight,0,0.03252606869240875,0.45146519449295724,0.0947896021225618,0.8114059989895258,0,0,0,0,0,Elevated,Stage 1,Normal,Diabetes,0.5542018630994568,0.32756489068141503,0.5831819447468405,0.6248084314422562,0.9084941537413462,0.42755668455916085,0,1,0,0,0,0,0.3851335660662114,0,0,0,0.03800764477878166,0,0,0,1.58775266758858,1.9098628402279996,5.110039369549234,0,Confidential,0.641921516330281
6757,Senior,0,2,2,1,Overweight,0,0.3161419330099842,0.10903209494851268,0.2323043481988205,0.47111254166851746,0,0,0,0,0,Stage 2,Stage 2,Normal,Diabetes,0.940515876974096,0.7564303493103163,0.22521552743199247,0.44542214960541543,0.486992253461735,0.9720448739332523,0,1,0,0,0,0,0.7531775281523267,0,0,0,0.3098695324601611,0,0,0,1.3353216025454402,8.433394767719305,6.6691596148503525,0,Confidential,0.4624622380152266
6758,Young adult,1,3,2,0,Obese,0,0.2539645062710375,0.1959077856870919,0.007552898880197321,0.3340829835223741,0,1,0,0,0,Normal,Normal,Diabetes,Diabetes,0.9246595287991837,0.9201594245784946,0.11881078420566071,0.9412760025346463,0.10551067241194828,0.3034268332543625,0,1,0,0,1,0,0.5549444061873178,0,0,0,0.23073656629410377,0,0,0,3.6685980561337534,5.598412888873993,4.049168557396301,1,Confidential,1.1260546586395017
6759,Middle-aged,0,0,1,0,Obese,1,0.35171912646295317,0.8563184105078313,0.46353483262665707,0.673160454308034,0,0,0,0,0,Stage 1,Stage 2,Normal,Diabetes,0.051344953322918316,0.6486900611426951,0.0001873946788752967,0.3242709105285581,0.8352750045632396,0.7219266073034943,0,1,0,1,1,0,0.06538513068016892,0,0,0,0.8509532330958692,0,0,0,1.8265214131300624,5.420566375500352,8.531172417718278,1,Confidential,0.0002243508758810331
6760,Middle-aged,0,0,0,1,Overweight,0,0.8060402141752303,0.039472999669732264,0.16575071623173715,0.18845291831555744,0,0,0,0,0,Stage 1,Normal,Diabetes,Normal,0.8112228645419101,0.6358087061031287,0.7939787353396119,0.35821356733718684,0.9496975845828306,0.2799540375546261,0,1,1,1,0,0,0.427465878652785,1,0,0,0.8852347029411255,0,0,0,2.6586360864124465,2.107429682930781,4.386975497546822,0,Confidential,0.8360332259751713
6761,Young adult,0,2,1,3,Underweight,1,0.1687236056597889,0.16115937618328188,0.8562570414266202,0.8524176305415828,0,0,0,0,0,Stage 1,Stage 2,Normal,Diabetes,0.9638393565420622,0.9056728871579686,0.18849236750747012,0.749543858404645,0.5931141243349509,0.8056849948243604,0,0,0,0,0,0,0.6554221966380173,1,0,0,0.3230321107917485,0,1,0,0.1792836016262486,0.3633408279723371,1.862330844103243,0,Confidential,0.31780117817767956
6762,Young adult,1,0,1,1,Obese,0,0.2223000649116364,0.5534185969569901,0.09925024144280958,0.9670072665911281,1,0,0,0,1,Stage 2,Normal,Prediabetes,Diabetes,0.27984842459265036,0.13575354249215815,0.4611456738059314,0.7067986277899805,0.5605984794698406,0.2825065764590565,0,0,1,0,0,0,0.3307673576270082,0,0,0,0.3103876655369397,0,0,1,3.07379475283286,3.94828956157316,1.1599584080359149,0,Confidential,0.8225952989420128
6763,Young adult,0,0,1,1,Obese,0,0.6314263486170602,0.40727150280454866,0.03621361814496621,0.9708285843743004,0,0,0,0,0,Elevated,Stage 2,Diabetes,Diabetes,0.9712188106906985,0.41036107476032924,0.039229947665075926,0.9591759432102631,0.8898030013312621,0.17871554673399073,0,0,0,0,0,0,0.20354721110279475,0,1,0,0.7752697240487921,0,0,1,0.2848336105875506,1.2678890914208985,4.73760412358029,1,Confidential,0.04408835169850267
6764,Middle-aged,1,0,1,1,Underweight,0,0.8030000014949061,0.6930750305628415,0.279325070442859,0.9342694111400646,0,0,0,0,0,Elevated,Stage 2,Diabetes,Normal,0.3231336657073979,0.7156560439849778,0.22417425288242043,0.06571870410992703,0.5025565990083101,0.9001664022549702,1,1,0,0,0,1,0.547449613405568,0,0,0,0.6189606640313922,0,0,0,1.5850942587398935,0.7222653411203028,9.312997296412409,0,Confidential,0.446067673421822
6765,Senior,1,1,0,1,Obese,0,0.122569883718865,0.41991845494985724,0.6615430900961449,0.48694935991563726,0,0,0,1,0,Elevated,Stage 2,Diabetes,Prediabetes,0.7101441549839717,0.516558801957515,0.9427027879396155,0.37826779655316684,0.691084798133269,0.883993033514884,1,0,0,0,0,0,0.8808167085082447,1,0,0,0.5011123680900448,0,0,1,2.973650321094273,0.818088268434094,7.166263371089569,0,Confidential,1.3640913394217427
6766,Senior,0,1,1,1,Overweight,0,0.15468981091854325,0.20005506010110066,0.3654991762166951,0.22175626310478036,0,0,0,0,0,Stage 1,Stage 1,Diabetes,Diabetes,0.9817425025696389,0.9519059111253071,0.858187010272706,0.7914568202976651,0.6546062968787045,0.5628393142224595,1,1,1,0,1,0,0.3969151375317662,1,0,1,0.5117893916042063,0,0,0,1.0559229570571025,7.50950422060756,9.379142698345396,1,Confidential,1.3109971816108639
6767,Middle-aged,1,0,1,2,Normal,0,0.27432888470312616,0.024671570725459536,0.5278009347618656,0.9808185012183553,0,0,0,0,0,Normal,Stage 1,Normal,Diabetes,0.335639592549888,0.3251055118465891,0.07119688970576599,0.907999270367128,0.7390267919008859,0.6545421888073061,0,0,0,0,0,0,0.8314500439975829,0,0,0,0.18872476005108224,0,0,0,3.7464632624299177,7.228939042540122,2.4718167282189043,0,Confidential,0.09633871259611182
6768,Senior,1,3,1,1,Obese,0,0.40544885542020487,0.04104493411262695,0.939222014646656,0.601473414540752,0,0,0,0,0,Elevated,Stage 2,Prediabetes,Diabetes,0.055529869274473356,0.5447441060957906,0.3994483081023317,0.00783301111624879,0.08264042300468943,0.41919306276927437,0,0,0,0,1,0,0.167475455491928,0,1,0,0.9339507079269359,0,0,0,0.1955995476843584,7.547348830506719,3.759326657703116,0,Confidential,4.83357046804643
6769,Young adult,0,0,0,1,Normal,0,0.2837108548078546,0.04039914789707774,0.20104674506669618,0.048572897369159596,0,0,0,1,0,Normal,Stage 2,Prediabetes,Normal,0.8867838518938981,0.8579765535514244,0.7277686550613047,0.5990865999900827,0.1286008515986165,0.4414420995780912,0,0,0,1,0,0,0.9224265899038788,0,0,0,0.1559315791525221,0,0,0,2.812299460590585,9.206152951353904,1.5261328580217048,0,Confidential,5.659127805255794
6770,Senior,0,0,2,2,Overweight,0,0.4501067190973617,0.580737321004993,0.02257966631989351,0.2791353804282122,0,0,0,0,0,Stage 2,Stage 2,Diabetes,Diabetes,0.7260141423043687,0.5779408262897792,0.06799407498923227,0.8703203785534248,0.4760418543489936,0.6991629920654311,0,1,1,1,0,0,0.29185746580587835,0,0,0,0.19332521906847724,0,0,0,1.920144523043952,6.303768164625533,7.596083659858943,1,Confidential,0.14283213622511598
6771,Senior,1,0,0,2,Normal,0,0.9499705060592364,0.6750181342814918,0.11331140628776379,0.4218437918966199,0,0,0,0,0,Stage 2,Stage 1,Diabetes,Prediabetes,0.4905263504004981,0.998059595916501,0.8822238268028209,0.4615387468593975,0.714126106533659,0.3228657291535989,0,0,0,0,0,0,0.6293391068454245,0,0,0,0.4156454954515177,0,1,0,3.162723742922034,3.2747548877145496,9.529416496904526,0,Confidential,1.2353894063404316
6772,Senior,1,0,1,2,Normal,1,0.10565854174813612,0.9258764261817704,0.8078038196115083,0.13091668816906998,0,0,0,1,0,Stage 2,Stage 2,Normal,Normal,0.46951614274000686,0.9509947508596363,0.18234981265721117,0.7903045232901553,0.0967871058865829,0.8114221403777021,1,0,0,0,0,0,0.15194503161184464,0,0,0,0.30178695011433515,0,0,0,2.858464865464238,4.860274355036709,8.912123396830852,0,Confidential,1.8840300160528862
6773,Young adult,1,0,1,1,Obese,0,0.3216142878115267,0.13125939017408655,0.23986982846051524,0.9722961880543936,0,0,0,0,0,Normal,Normal,Normal,Normal,0.7701792238743048,0.34676290808543386,0.3997522418170125,0.7598472417884623,0.5693733123941884,0.0013459571826772432,1,0,0,0,0,0,0.40758834109256903,0,0,0,0.13739640490900362,0,0,0,0.91808200400846,0.190801124002371,0.7126578019449792,0,Confidential,0.7020916385000078
6774,Young adult,0,0,2,0,Obese,0,0.8269548216277407,0.12725825164938764,0.634642066394068,0.782619331809736,1,0,0,0,0,Stage 1,Normal,Prediabetes,Prediabetes,0.21266392137186857,0.6894946706334133,0.9621894013239869,0.6074239050137069,0.9348360997470648,0.6686393249454917,1,0,0,0,0,0,0.39960833663615497,0,0,0,0.2738127624881266,0,0,0,0.471641201424982,8.087549479967041,9.741574852190544,0,Confidential,1.0292599971099992
6775,Senior,0,0,2,2,Normal,0,0.007455614380859327,0.15607111902615844,0.17354266771194019,0.2746806470027463,0,0,0,0,0,Stage 2,Normal,Normal,Normal,0.5013544355904935,0.0010951206365885646,0.6258262538125281,0.5090639363631937,0.3400841270294829,0.4311687476682936,0,0,0,0,0,0,0.22800789303361116,0,1,0,0.07716992987931254,0,0,0,2.9330720935876498,6.91554406467645,4.887894672661778,0,Confidential,1.840210124709153
6776,Middle-aged,1,0,1,1,Normal,0,0.44855663360279974,0.2982689478094719,0.7635978645245027,0.2431690504431846,0,0,0,0,1,Stage 1,Stage 1,Normal,Normal,0.7873269112577523,0.5940867756273446,0.7235362681349014,0.7906805339101841,0.3605924344638556,0.8183823355210283,1,0,1,1,1,0,0.3366956613564502,0,0,0,0.27782444568048464,0,0,0,3.0613843683225435,2.901675524677645,5.115180773189215,0,Confidential,2.006520933282159
6777,Middle-aged,0,0,0,2,Normal,0,0.6287533368605769,0.17766968985980253,0.5092931926068213,0.10388243729566404,0,0,0,1,0,Stage 2,Stage 2,Prediabetes,Normal,0.08316821667736295,0.15390589246158798,0.6390000496836015,0.5551391623682229,0.6605481008826507,0.6576313751670031,0,1,0,1,1,1,0.5389493092416425,1,0,1,0.16856039469824713,0,0,0,3.389492586836473,5.487718842795064,0.9746298009847808,0,Confidential,0.9673785282703018
6778,Middle-aged,0,0,0,2,Overweight,0,0.2419135016359426,0.4156509935289244,0.19302030033019132,0.7881031995985689,0,0,0,0,0,Normal,Normal,Normal,Diabetes,0.9811958975545063,0.15483702669684313,0.49927517292135937,0.3248344341012162,0.09763867210740296,0.05672827070825118,0,0,0,1,0,0,0.24938652846286652,0,0,0,0.2431912825357597,0,0,0,1.576278384615429,3.7968476030134193,2.6916864430517373,0,Confidential,5.113498188219464
6779,Young adult,0,3,1,2,Normal,0,0.1343651338305937,0.17765230568043017,0.9491307134317117,0.8747182724642727,0,0,0,0,0,Stage 2,Stage 2,Normal,Diabetes,0.6278491760074487,0.14161129385807214,0.9337918941402781,0.8499227185852984,0.5922741362581195,0.6996860571084663,0,0,1,0,0,0,0.48138499631185505,0,0,0,0.42889471178374466,0,0,1,3.350131477643985,3.5489336479011344,3.4625924238220405,0,Confidential,1.5766210897538186
6780,Senior,0,1,2,3,Obese,0,0.17812489554286481,0.17927682252684143,0.4822800786743307,0.19956046493543278,1,0,0,0,0,Elevated,Normal,Prediabetes,Prediabetes,0.3312847900945977,0.24322184593441498,0.1344655982800047,0.7416811376805266,0.21482996851067415,0.8428478848873524,0,0,0,1,0,0,0.9989088286608212,0,0,0,0.7089492334966221,0,0,1,0.4489484937013763,0.4990801022816526,0.6163299018979473,0,Confidential,0.6259163896554943
6781,Senior,0,0,2,2,Underweight,0,0.02601464059940788,0.4067572802806604,0.4351454604818516,0.1958849270677071,1,0,0,0,0,Stage 2,Normal,Diabetes,Diabetes,0.21768057723831946,0.8127511678402435,0.4593003229763408,0.7274840420292665,0.8050624690341535,0.27783637899737235,0,1,0,0,0,0,0.676493693544114,0,0,0,0.31689978550369075,0,0,0,0.1089916273334385,8.356928341669953,4.226183056361805,1,Confidential,0.5705151347166524
6782,Middle-aged,1,0,1,0,Obese,0,0.6144921354008066,0.800475801630575,0.587922115505399,0.18641911125832922,0,0,0,0,0,Normal,Stage 2,Diabetes,Diabetes,0.011793402494876176,0.0896034146959837,0.6016358914340063,0.47456432405667076,0.016932032247852558,0.9774656649397913,1,1,0,0,1,0,0.35182985975630987,0,0,1,0.33156465869471763,0,1,0,0.2509812153295221,3.3221621209114227,1.8512628191626712,1,Confidential,35.532408787510434
6783,Senior,0,0,1,3,Normal,1,0.8176041260138623,0.4370805946992699,0.09310352372483928,0.7600278214966348,0,1,0,0,0,Stage 1,Stage 2,Diabetes,Diabetes,0.36735240804850083,0.8201782094712992,0.1186400493530062,0.8723498537706182,0.26160081117500333,0.4899250960624142,0,1,0,0,0,0,0.15795448920644428,0,0,0,0.030728833192268056,0,0,0,2.954932211399524,1.2012121306484302,3.185215639669812,1,Confidential,0.4535156019590454
6784,Young adult,1,1,2,1,Obese,0,0.8546632945196789,0.4722143444413914,0.5496346104773803,0.07008668777258542,1,0,0,0,1,Stage 1,Stage 2,Diabetes,Diabetes,0.5694294204945397,0.3431804315029192,0.5617119445685597,0.9758755856679833,0.1170473532814475,0.44161545084379905,0,1,0,0,1,0,0.7766654660321948,0,0,0,0.4519078909971687,0,0,0,1.6977551267535556,3.834331971414471,7.923554357585514,1,Confidential,4.799014491322064
6785,Young adult,1,1,1,3,Overweight,0,0.5525284592794946,0.3617152337025969,0.6265626863280551,0.8684397552613848,0,0,1,0,0,Stage 2,Stage 2,Diabetes,Diabetes,0.5798336362869717,0.3886242044609377,0.20764390583004078,0.10532226305142406,0.4852504464991474,0.675576592375818,1,1,0,0,0,0,0.46959729584844284,0,0,0,0.9039879745359137,0,0,0,2.428766573141113,4.192676011405329,1.5295378378290423,0,Confidential,0.42791079807982335
6786,Senior,0,3,2,3,Obese,0,0.9394500744622232,0.7776821417266415,0.2573022029768534,0.05888977151997332,0,0,0,1,0,Stage 2,Stage 2,Diabetes,Diabetes,0.4985876500983245,0.6478886362643178,0.4474337477037591,0.2734733822061623,0.8492561322714087,0.734238751042758,0,0,1,0,0,0,0.3512689975777971,0,1,0,0.4472582378279113,0,0,1,1.629464234862485,4.853087227975602,3.467161868550208,1,Confidential,0.5268537143288669
6787,Middle-aged,0,0,1,0,Obese,0,0.9944872718854885,0.8009430611172581,0.8763280500196444,0.9198043199142495,0,0,0,1,0,Normal,Stage 2,Diabetes,Diabetes,0.9862429391746337,0.8712764551430381,0.8646331143747406,0.7069539996122696,0.03181504481179426,0.025522913741970604,1,1,0,0,0,0,0.8432902114456629,0,0,0,0.02214871254481884,0,0,0,1.6135060971498136,1.4853543443742825,7.247152208351915,1,Confidential,27.176863005838346
6788,Young adult,1,0,1,2,Normal,1,0.30452180891393243,0.4254421738211905,0.22632499179766438,0.6092690298357223,0,0,0,0,1,Elevated,Normal,Diabetes,Prediabetes,0.5901296796446373,0.594261011883456,0.029408050377087047,0.6538014897753828,0.7077347709662618,0.16635817767109726,1,0,1,0,0,0,0.973331789213709,0,0,0,0.2999107816433355,0,0,0,3.309004829637036,6.83762123247322,9.489444900004546,0,Confidential,0.04155236055017699
6789,Senior,1,3,1,1,Obese,0,0.5371085970651145,0.82748657058445,0.35494048255437843,0.8194743500896623,1,1,1,0,0,Normal,Stage 2,Diabetes,Diabetes,0.041224054411811886,0.842051572631996,0.21302932582004752,0.27349877015647034,0.8784556270571109,0.016404056349533264,1,1,0,0,0,0,0.8984085919947838,0,0,0,0.7639706760832061,0,0,0,3.273656111120053,7.03775596762516,5.397875952831658,1,Confidential,0.2425043670489208
6790,Middle-aged,0,3,2,2,Obese,0,0.6972091694043382,0.7603291240510717,0.20437290013502185,0.6654672563587686,0,0,0,0,0,Stage 1,Stage 2,Normal,Normal,0.2087800205930237,0.7423852460212806,0.8046934333460951,0.1867914739431486,0.1768413125585832,0.41082966673342525,0,0,0,0,0,1,0.30260485128585873,0,0,0,0.14265881557818727,0,0,0,2.977509822627316,1.2224863089605342,0.373149810745027,0,Confidential,4.550370169184985
6791,Senior,0,0,1,2,Obese,1,0.9965453130928995,0.20182875891494836,0.7364906704596532,0.24465118428299626,0,0,0,1,0,Elevated,Stage 2,Diabetes,Diabetes,0.3449683611430608,0.8349322883298479,0.46620388952448777,0.6998844499150509,0.5969143826455532,0.7747577471531966,0,1,0,0,0,0,0.5111261668443128,0,0,0,0.2706197635707284,0,0,0,3.90911528476789,9.887864388716856,5.682418441173642,1,Confidential,0.7810230463173793
6792,Senior,0,0,2,1,Normal,0,0.6193744601171339,0.0652917184519852,0.877407782413001,0.18035787722592744,1,0,0,1,0,Stage 2,Normal,Diabetes,Diabetes,0.5182032029091204,0.8001385485315091,0.3022172727472183,0.16699765499074454,0.2276905985237933,0.21297985984298176,0,1,0,0,0,0,0.30821078342786784,0,0,1,0.30374671128316644,0,1,0,2.632074571761646,2.29989819988065,7.792635929368133,1,Confidential,1.3273155532402763
6793,Young adult,1,1,1,0,Normal,0,0.338855301781743,0.10385186542553605,0.061908917524904135,0.8267513553978755,0,0,0,0,0,Normal,Normal,Normal,Diabetes,0.9468135406076976,0.6195470685809623,0.8606122134332161,0.3687642970563784,0.8203528821464778,0.25692038587844446,1,1,0,0,1,0,0.6697599366019745,0,0,0,0.02561005242418166,0,0,1,3.4967323057101543,4.168108448152861,3.478904152432155,0,Confidential,1.0490756260664296
6794,Middle-aged,1,2,1,1,Obese,1,0.28869497061054167,0.6850803258441557,0.1710459944621092,0.1395300423960223,0,0,0,0,0,Elevated,Normal,Normal,Diabetes,0.032464362638853814,0.7760949333664093,0.70747371251843,0.542504412442028,0.4837306829322141,0.7361230939777987,0,0,0,0,0,0,0.5213658812966938,0,0,0,0.3098528645654524,0,0,0,2.9378469874007003,5.127686037143246,9.2632111462791,0,Confidential,1.4625363605838693
6795,Senior,1,0,2,1,Obese,0,0.09335254295435817,0.11872333569995491,0.6536260492332145,0.20640664442787615,0,0,0,0,0,Normal,Normal,Diabetes,Diabetes,0.8921923394020281,0.8172552082732089,0.1459851183954921,0.06267230589412509,0.970143129564677,0.17952216364565296,0,0,0,0,0,0,0.44953133495086706,0,0,0,0.7602061756995312,0,0,0,0.1666601015777455,7.8166714309923,4.3790735203424935,1,Confidential,0.15047791809956806
6796,Young adult,0,3,0,2,Underweight,0,0.47562564312783884,0.3300199170525392,0.6392562056176155,0.5302345269879766,0,0,0,0,1,Stage 2,Normal,Normal,Diabetes,0.8007754769686511,0.09795036417324847,0.6578341363517162,0.3064611393914867,0.6222707182224969,0.19888905861055808,0,0,0,0,0,0,0.8240339951034407,0,0,0,0.8891529913994578,0,0,0,2.0144452426444994,5.678107389819829,1.857707902005874,0,Confidential,1.0571510390699492
6797,Senior,1,0,0,1,Obese,1,0.7392053833089971,0.11852766208821527,0.35504140901497355,0.9739197202563546,0,1,0,0,1,Stage 2,Stage 1,Normal,Diabetes,0.39754532685234756,0.5796412570495718,0.1083451236008679,0.031904449187170725,0.1913760863222254,0.9971156442748808,1,0,0,0,0,0,0.8168133677318307,0,0,0,0.10400132305787264,0,0,0,3.73247345829121,2.219506144772181,4.561740700284616,0,Confidential,0.5661372101551084
6798,Young adult,1,0,1,2,Obese,0,0.29419873502294447,0.6473120223954981,0.2960456579466694,0.3766749954162868,1,0,0,0,0,Stage 2,Stage 1,Diabetes,Diabetes,0.029820251065802425,0.04913260127748188,0.7546555713680727,0.23647832592058998,0.5180946912038942,0.9763322449719161,0,0,0,0,0,1,0.42922227048936673,0,0,1,0.7701979405707302,0,0,0,0.5038675888317288,7.360941431155883,4.125126305521855,1,Confidential,1.456597769057396
6799,Senior,0,0,0,2,Obese,0,0.5297554960040871,0.91503136450138,0.04587780521928828,0.15285317495908235,0,0,0,0,0,Stage 2,Stage 1,Normal,Normal,0.7164029112578958,0.9846460064836989,0.25133891399779396,0.13837530664887693,0.08070763763527078,0.05736722291231783,0,0,0,0,0,0,0.46035236199614205,0,0,0,0.5360514985225567,0,0,0,1.7656936678309425,9.186347374086202,6.667777597737199,0,Confidential,3.1141899498239565
6800,Middle-aged,1,0,0,1,Overweight,0,0.05688433802278916,0.3587488286905863,0.6021603790332221,0.2735373385688602,0,0,0,0,0,Normal,Stage 2,Diabetes,Diabetes,0.4765057868760316,0.5642750145324281,0.436308122771786,0.4714048852673101,0.4377404489054467,0.8888870868225629,0,0,0,0,0,0,0.12519528062408802,0,0,0,0.1548422032289179,0,0,1,3.4377808406800945,0.8575271199776291,3.1325205721374494,1,Confidential,0.9967279100269527
6801,Senior,1,0,0,2,Normal,1,0.7073530155958799,0.1498219450255353,0.45368201321113877,0.4129392735166092,0,0,0,0,0,Stage 2,Stage 2,Prediabetes,Diabetes,0.6282285581388641,0.0011006694042096782,0.34651188636843466,0.5062953510079937,0.3660364800469448,0.972065550651021,0,0,0,0,0,0,0.8482387408350758,0,0,0,0.02438972302841107,0,0,0,2.074390428740465,2.4609299155966635,5.330016541578276,0,Confidential,0.9466594322073962
6802,Senior,1,0,2,3,Obese,0,0.4818872526799349,0.32582611027701325,0.6827330557043435,0.1449086369018061,1,0,0,0,0,Stage 2,Stage 2,Normal,Normal,0.8747887021059273,0.5303809991717604,0.8444273682617114,0.6932970510727803,0.9014476308839106,0.1386627874313948,1,0,1,0,0,0,0.7948581847459066,0,0,0,0.39105253002981527,0,0,0,2.137959277928671,4.316478082864485,2.3533095619363795,0,Confidential,0.9367458955255247
6803,Senior,1,0,0,1,Normal,0,0.8548879137118923,0.756866204288797,0.7205150652439228,0.04066981898070132,0,0,0,0,0,Stage 2,Stage 2,Normal,Prediabetes,0.0909695449767031,0.9994218979969961,0.757647831857382,0.8411112495833055,0.5055440876063972,0.4801142569380219,1,0,0,0,0,0,0.8199828396045656,0,0,0,0.03681797615599562,0,0,0,0.1927042849149045,8.568132922403768,0.4203602611571966,0,Confidential,1.498678058811096
6804,Young adult,1,0,1,2,Obese,1,0.8380510695517716,0.7698940635666233,0.9385740834879643,0.502779707436149,0,0,0,0,0,Stage 2,Stage 2,Normal,Diabetes,0.5705167870482905,0.4639451945205372,0.6833253848683649,0.1896488914810553,0.07184461313390211,0.2353196600221378,0,1,0,0,1,0,0.163742126086034,0,0,0,0.6371033585918421,0,0,0,1.5506449697784284,4.864305287035191,6.40562534641627,0,Confidential,9.511156857297024
6805,Young adult,1,0,2,1,Obese,1,0.6041444358880352,0.7985985251061195,0.3474381904372196,0.03649056682131191,0,0,0,0,0,Stage 2,Stage 2,Diabetes,Diabetes,0.5254720334512653,0.33090767027785944,0.7284413137513912,0.14864652988323024,0.1755761619603352,0.7754796081710569,0,0,0,0,0,0,0.6829905481716283,0,1,0,0.09002971364325262,0,1,0,3.9916906138191415,0.1999720403736993,7.97219258205149,1,Confidential,4.148862269332183
6806,Young adult,0,3,0,2,Normal,1,0.18441564735720284,0.13535340758617154,0.9047264400355011,0.6252135448009132,1,1,0,0,0,Normal,Stage 2,Diabetes,Diabetes,0.2738606614026888,0.7808653708662704,0.35541930733146154,0.23717859921988166,0.7838286952857569,0.2866799224091502,0,1,0,1,0,0,0.7910235177130568,0,0,0,0.4835516676494905,0,0,0,0.446332368103596,8.985269489561782,5.224385777015417,1,Confidential,0.45344003028861796
6807,Senior,1,1,1,1,Overweight,0,0.15727130840336068,0.2011003434528518,0.05034385325433565,0.6758729555846749,0,0,0,0,1,Stage 2,Stage 2,Diabetes,Normal,0.43184493017523484,0.11650420979434016,0.9834417096357808,0.9883585100051682,0.011184464268038596,0.5494263723519812,1,1,0,0,1,0,0.17060776447992637,0,0,0,0.18826449250865754,0,0,0,0.416276696984637,9.076213511265031,8.547258652379533,1,Confidential,87.9292638491522
6808,Middle-aged,1,0,1,2,Underweight,0,0.8888159967575148,0.06076647880117578,0.2748947086177718,0.9981986396512973,0,0,0,0,0,Normal,Stage 1,Diabetes,Normal,0.07942581563262983,0.24685217097466228,0.07912815749784663,0.9919351094741784,0.548975945348856,0.2314102164750201,0,0,0,0,0,0,0.8148778329837078,0,0,0,0.7790825350733741,0,0,0,2.7827900599726165,8.279956254883778,9.471422654540463,0,Confidential,0.14413774987456565
6809,Middle-aged,1,1,1,2,Obese,1,0.38474674376527784,0.1887313044869026,0.9399586107896164,0.6142032708229418,1,1,0,1,0,Stage 2,Stage 1,Diabetes,Normal,0.7916957249797391,0.3487957930261233,0.9022219843679169,0.28380014662523406,0.3331586229691518,0.47693298306030263,0,0,1,0,0,0,0.049976558652964465,0,0,0,0.08855521508929133,0,0,0,1.478477098136128,3.007058502454961,7.6880251898448915,0,Confidential,2.708085344834243
6810,Middle-aged,0,2,2,2,Underweight,0,0.4027947560829598,0.24717698473346894,0.9856649795133055,0.4861666025225858,0,0,0,1,0,Stage 1,Stage 2,Prediabetes,Diabetes,0.9426650352791208,0.007803306243652983,0.5142413324117534,0.6539788844156251,0.49865739711123735,0.12444432681622566,0,0,0,1,0,0,0.9697600523186864,0,0,0,0.5290398177603323,0,0,0,0.1834189361307414,2.0226875891914564,8.199306706147485,0,Confidential,1.0312517880829504
6811,Middle-aged,1,0,2,2,Obese,0,0.5479370711129743,0.8355941470801334,0.6633377692318437,0.8460308132279292,1,0,0,0,0,Normal,Stage 2,Diabetes,Normal,0.18712929163077052,0.56573513446744,0.23268407308719796,0.05842872034718316,0.7311361075966628,0.652374481996595,0,1,0,1,0,0,0.9651473589878451,0,0,0,0.5465945424871014,0,0,1,2.1004550986323007,4.673695007882255,4.708351187003951,0,Confidential,0.31825000936154013
6812,Young adult,0,3,1,3,Obese,0,0.9769337104769857,0.307305744134413,0.6228877132484171,0.02661722349414075,0,0,0,0,1,Stage 2,Stage 2,Diabetes,Prediabetes,0.5951879101305265,0.10900279059345146,0.3758598360557577,0.03888701028345104,0.7795830996324813,0.7967702003949056,1,0,1,0,0,0,0.2891609296806208,0,1,0,0.8970271576316858,0,0,0,3.369570964629089,8.91888648577458,4.129976757124814,0,Confidential,0.48212927683135925
6813,Middle-aged,0,1,1,1,Overweight,1,0.0023833923207856435,0.3931462550361181,0.8261280039182803,0.1466383276711266,0,1,0,0,0,Stage 2,Stage 2,Prediabetes,Diabetes,0.7157481398655076,0.9088863222369196,0.11461509279462145,0.7124709359689037,0.8499481837278939,0.10516370339178638,0,1,0,1,0,0,0.0819891600982273,0,0,0,0.39654167831341386,0,1,0,1.079063175897616,9.93970041457829,2.1507470546405347,0,Confidential,0.13484950610979224
6814,Middle-aged,1,1,0,2,Obese,0,0.5961449530073193,0.7823552727959772,0.226711171099163,0.04328451780692011,1,0,0,0,0,Normal,Stage 1,Diabetes,Diabetes,0.9083482604886934,0.36261874020940105,0.676184157547403,0.18154252824570577,0.8551678157185614,0.421031125302361,1,0,0,0,0,0,0.9662000102238599,0,0,0,0.6182922231000009,0,0,0,2.309643009189785,7.648355054214114,4.867840375623879,1,Confidential,0.7907034679260398
6815,Middle-aged,1,0,1,3,Overweight,1,0.09235393556559886,0.5971756896027892,0.9257001129490069,0.6259705287500085,0,0,0,0,0,Normal,Stage 2,Prediabetes,Normal,0.28984212977134094,0.3900917147680584,0.6159083305105875,0.20752890547856645,0.3110156189100127,0.5199256032205715,0,1,1,0,0,0,0.8276232508614022,0,0,0,0.5464670150911709,0,0,0,3.207299063896428,4.694051841891541,5.718853317953276,0,Confidential,1.9803131838494274
6816,Senior,1,0,1,0,Overweight,1,0.004326001347623494,0.11791646994142356,0.711866593430169,0.9039281279742594,1,0,0,0,0,Stage 2,Stage 2,Diabetes,Normal,0.4913959518853278,0.6066660087589048,0.3161714195072587,0.8566476214796144,0.27796682428489794,0.9479798541460691,0,0,1,0,0,0,0.72935238540178,0,0,0,0.29118681712025396,0,0,0,3.6455564095821975,5.721821642797628,4.670954545122918,0,Confidential,1.1374430035693883
6817,Senior,0,1,2,1,Obese,0,0.19514812658356404,0.3626542694738713,0.9162925380297142,0.1435866689702613,0,0,0,1,0,Normal,Normal,Normal,Normal,0.668403117568383,0.015080429895625094,0.5410599777921095,0.4463503019543778,0.10230437738905784,0.544174045642515,0,1,0,0,0,0,0.958117837905049,0,0,0,0.080435623755212,0,0,0,0.0837104813888247,4.645064777770434,1.3231469435727217,0,Confidential,5.28872753640334
6818,Young adult,0,3,2,0,Normal,0,0.9398881143165329,0.7130838252661065,0.41763680848842455,0.21128100067627542,0,1,0,0,0,Stage 2,Normal,Normal,Normal,0.7055710309749887,0.3478380352916428,0.9366577123919051,0.4616031699461804,0.25009528851717866,0.6258426752917234,1,0,0,0,0,1,0.5333570768674049,0,0,0,0.8134882631070451,0,0,0,2.169482587707156,4.483005174405053,5.792434387329752,0,Confidential,3.7452033500725763
6819,Senior,0,2,1,1,Overweight,0,0.6824051152041906,0.37526885563582246,0.07786868398216588,0.702862076705857,1,1,0,1,0,Stage 2,Normal,Diabetes,Normal,0.26298950659554704,0.17209201946763886,0.47617304683203177,0.7426943586361843,0.838007913526928,0.8425314933136914,0,0,0,0,0,0,0.058666630129286246,0,0,0,0.2557178465364576,0,0,0,0.9278331404054224,2.498192430224412,4.055581159479517,0,Confidential,0.5682202269760913
6820,Middle-aged,1,1,1,1,Normal,0,0.7738974351533059,0.8095488786855413,0.041772454418664666,0.5353698661134226,0,0,0,0,1,Elevated,Stage 2,Diabetes,Diabetes,0.78128966977643,0.9501867124685296,0.5548233353796796,0.6270829797894351,0.35035377751972674,0.6786497699963226,0,0,1,0,0,0,0.7294128748436896,1,0,0,0.15477367593079644,0,0,1,1.4556517396635105,2.767121927184494,6.028408216804566,1,Confidential,1.5836088290740356
6821,Senior,0,2,1,3,Obese,0,0.5653015117261787,0.20525626396220822,0.6496165808582638,0.12803049362587016,0,0,0,0,0,Normal,Normal,Diabetes,Normal,0.916104695309474,0.6639515657680412,0.7197618363427642,0.3259139805340439,0.2820362335963794,0.24438622636895233,1,1,0,0,1,0,0.3626134117988479,0,0,0,0.5730481864925235,0,1,0,1.5464062898470967,3.768638850926832,1.7208446862794058,0,Confidential,2.552019033741642
6822,Young adult,0,0,2,1,Obese,0,0.8731136514428778,0.29183456237806155,0.6221555204483069,0.2687226995863503,0,0,0,0,0,Stage 2,Normal,Normal,Diabetes,0.6800808564435965,0.22289005752317786,0.8014942026726943,0.5823114681440773,0.4844269290287687,0.5736129563415935,1,0,0,0,0,0,0.11205443089397898,0,0,0,0.7779291824613249,0,0,0,3.290023740557812,6.738409659570232,1.824913601201951,0,Confidential,1.6545203304028044
6823,Young adult,0,0,2,1,Obese,1,0.7525599570454983,0.7771124653491112,0.8092146947661643,0.3586235259589533,0,0,0,0,0,Normal,Stage 2,Prediabetes,Prediabetes,0.2587106293612203,0.6227189473075924,0.024540396479681537,0.713872845747038,0.8758431493139296,0.5853173270028809,1,0,0,0,1,0,0.5312104336571181,0,0,0,0.12703099042802496,0,0,0,3.936996430854114,0.158408553980256,1.6023225208422465,0,Confidential,0.02801916815688364
6824,Senior,0,0,1,1,Normal,1,0.8284266956029308,0.8117887505329208,0.26244490587929337,0.7484491648661321,1,0,0,0,0,Stage 2,Stage 1,Diabetes,Normal,0.03803541800525263,0.1248490444330518,0.891581636920957,0.031000441604380702,0.22311534195003913,0.22849523722212164,1,1,1,1,0,0,0.6014861397982586,0,0,0,0.7378337745948457,0,0,0,2.295314745658745,9.995656428085182,0.4376626490721158,0,Confidential,3.9960570578808676
6825,Young adult,1,0,2,1,Obese,1,0.2309356158686522,0.07451810427065089,0.6467156919451631,0.26592167287169055,1,0,0,1,0,Stage 2,Stage 2,Diabetes,Diabetes,0.5143159724946907,0.7565609348404075,0.5097164575121245,0.7399384227047445,0.4682154824612865,0.37207752235882763,0,1,0,0,0,0,0.28446380361936396,1,0,0,0.058385547655138315,0,0,0,2.92395475527104,4.750779841008392,5.6153148229561705,1,Confidential,1.0886364859886268
6826,Senior,1,2,1,1,Normal,0,0.575039842297241,0.9007005191281513,0.4166215905622663,0.36095804540875764,0,0,0,0,0,Elevated,Stage 2,Diabetes,Prediabetes,0.2109239733956273,0.24206282900620285,0.3346751231962972,0.3916592448183039,0.8068796219052041,0.5845320509011989,0,1,1,0,0,0,0.7268626926562258,0,0,0,0.10219713700428049,0,0,0,2.0816399694976497,0.2000815494508068,5.328284742932211,0,Confidential,0.41477701767465924
6827,Young adult,0,0,1,1,Obese,1,0.10245318829735818,0.7935325016657426,0.2575347914774151,0.3422414767444034,0,0,0,0,1,Stage 2,Stage 2,Prediabetes,Diabetes,0.44786570477576115,0.7176691455432039,0.1213286636643327,0.09054897012863289,0.6140192150219752,0.20741556398143343,0,1,0,1,0,0,0.1469654507272563,0,0,0,0.6463503108881039,0,1,0,2.298429136378478,1.6288995994752065,4.540511036441613,1,Confidential,0.1975975029706366
6828,Middle-aged,0,2,1,1,Obese,0,0.2586430077997522,0.124098777358764,0.051465303476515484,0.41097316871703915,1,0,0,0,0,Elevated,Normal,Normal,Diabetes,0.10585086796548647,0.7590129623788736,0.19459844942942772,0.76754296384084,0.36510125890988665,0.3454771849783572,0,1,0,0,1,0,0.44129527357858406,0,0,0,0.5656561762908511,0,0,0,2.5650717570312147,4.253714896739437,3.179307121858874,0,Confidential,0.5329985714386649
6829,Senior,0,0,1,2,Obese,0,0.9300807436083284,0.4642192955047729,0.5576617912794135,0.737811331592649,0,0,0,0,0,Stage 2,Stage 2,Diabetes,Diabetes,0.682324778711606,0.3782246717702211,0.6287599512372755,0.17889819739398155,0.3389588491929202,0.6355153314761631,0,0,1,1,0,0,0.07363807969063853,0,0,0,0.38806233100490156,0,0,0,3.26093917370117,5.178828114430173,8.841126134563877,1,Confidential,1.8549742918185725
6830,Senior,1,0,0,0,Obese,0,0.008182944228984582,0.29811395059006873,0.44678735843202816,0.8735045332600685,0,0,0,0,0,Elevated,Stage 1,Prediabetes,Diabetes,0.06453127035818403,0.345927298805886,0.2159448244067086,0.5524890727803267,0.33205460030637723,0.957156999623147,1,0,1,0,0,0,0.21541178756789833,1,0,1,0.4323313773013334,0,0,0,3.1752766237550065,8.204143787051002,4.98347852476746,0,Confidential,0.650329265751664
6831,Senior,1,0,2,3,Overweight,0,0.10520985870798344,0.9545534157321127,0.7120717266690633,0.8608715650316608,0,0,0,0,1,Stage 2,Normal,Normal,Diabetes,0.955853822491397,0.6859637341432122,0.7837107121118985,0.7175611850379053,0.35451931586786145,0.28271189241727734,0,1,0,0,0,0,0.6352595333747744,0,0,0,0.8620829862845228,0,0,0,1.1728738649907808,3.4505315380354764,1.9069757256017827,0,Confidential,2.2106290885543958
6832,Senior,1,2,0,2,Obese,1,0.04336743198103597,0.4652971797625418,0.43298620420074524,0.07168890119961369,1,0,0,0,0,Normal,Normal,Diabetes,Diabetes,0.7545108757644405,0.4014178279267987,0.7873423751047313,0.8010458930992586,0.6050723344175576,0.8594299928110745,0,0,0,0,1,0,0.9014326018914395,0,0,0,0.7044842186213096,0,0,0,3.477509056538808,7.5222651978816515,3.0378477333843854,1,Confidential,1.3012367783475454
6833,Middle-aged,0,0,2,0,Overweight,0,0.9166198924634181,0.9726424446941496,0.6829114650478058,0.550925879912488,0,0,0,0,0,Normal,Stage 1,Normal,Diabetes,0.4187544585286046,0.9228048124478615,0.7702175298384513,0.5785040876255283,0.5351624017517232,0.45297296029825984,1,1,1,0,0,0,0.3754487472202804,0,0,0,0.021075078042909406,0,0,0,2.162820863439189,0.6040187466145996,3.609718984667933,0,Confidential,1.4392220516937149
6834,Senior,1,2,2,2,Underweight,0,0.9666395321827538,0.841353570414701,0.20348059618044587,0.4376165153132131,0,0,0,0,0,Elevated,Normal,Normal,Diabetes,0.90865560310767,0.612896689841873,0.5056205950575865,0.008552392958659616,0.7311439550684176,0.571050349795926,1,0,1,0,0,0,0.8152696387607874,0,0,0,0.16640823511574152,0,1,0,2.4675040097409364,2.233001556971152,5.81766355281885,0,Confidential,0.6915472548908272
6835,Senior,1,3,2,2,Overweight,0,0.8818138172421242,0.6601655163429712,0.8538393814755657,0.5475826736100419,0,0,0,0,0,Elevated,Stage 2,Diabetes,Normal,0.15446050609711692,0.4543051622305836,0.6976826766866691,0.34617877789620305,0.9760755507079959,0.2456508087850965,0,0,0,0,0,0,0.7912129217441151,1,0,0,0.10005382416769928,0,0,1,0.5694922370911981,8.980519581525321,4.046253474601427,0,Confidential,0.7147834777549804
6836,Senior,0,0,1,2,Obese,0,0.5466977706244143,0.5161203240752831,0.6697185039193003,0.4878330457072916,0,0,0,0,1,Stage 2,Stage 2,Diabetes,Normal,0.8912498749767253,0.7773176942634972,0.010846457294559464,0.07059071710039166,0.8468217203918926,0.24778994037614313,0,0,0,0,0,0,0.186786561995819,0,0,0,0.7270961719135954,0,0,0,2.266484240449508,6.068804208423197,7.366116261820855,0,Confidential,0.012808430668901518
6837,Young adult,1,3,1,2,Obese,0,0.790353998708408,0.6771138662733284,0.010231080461343602,0.5951245564060746,0,0,0,0,0,Stage 2,Stage 2,Normal,Diabetes,0.6733501150331389,0.8919442605778961,0.7289356540257415,0.24264321226034508,0.715927694008574,0.499045107086865,0,0,1,0,0,0,0.4051759723766117,0,0,0,0.22157747472322625,0,0,0,2.171745287750276,8.272399840895613,6.14228209048173,0,Confidential,1.0181693767764928
6838,Middle-aged,1,0,2,2,Obese,0,0.6567561797562094,0.8669491928320128,0.9867635338601883,0.7665495016832126,0,0,0,1,0,Stage 2,Normal,Diabetes,Diabetes,0.7180800971496666,0.05589737008025843,0.16997109829478685,0.5103829154392125,0.4504023531708511,0.052192846886120275,0,0,0,0,1,0,0.04953795792776326,0,0,0,0.40262591479048954,1,0,0,2.769283158896594,5.181938676480344,7.277900845788996,1,Confidential,0.3773761329135679
6839,Young adult,1,2,2,1,Overweight,1,0.9856088543205395,0.36821669274685404,0.4436586345708613,0.3807330324290571,0,0,0,0,0,Stage 1,Normal,Diabetes,Normal,0.12137032803124133,0.5218952124478006,0.30001427216951004,0.5927171922731662,0.7913100729025802,0.40505472234812656,0,1,0,0,1,0,0.7055009447590753,0,0,0,0.5508439427754449,0,0,0,2.55735693757691,4.425158375626027,2.701041817765988,0,Confidential,0.3791361723338576
6840,Senior,1,0,1,2,Obese,0,0.20806698463998533,0.6922858150697623,0.7392863694231671,0.9694175389618224,1,0,0,0,0,Stage 2,Normal,Diabetes,Diabetes,0.4396323386891323,0.5821838933988522,0.634984270295784,0.939012720106619,0.5872805105381137,0.2932402036366487,0,1,1,0,0,0,0.938065908660764,0,0,0,0.4244069026413814,0,0,0,1.402997394947921,4.172420511169056,9.609854061218076,1,Confidential,1.0812282357436998
6841,Senior,1,1,1,2,Overweight,0,0.1927189633082753,0.18276029561989152,0.6038602372348406,0.7665231920881613,0,1,1,1,0,Normal,Stage 2,Diabetes,Normal,0.23754297146674674,0.9875403500662984,0.8417384419865899,0.08317291574321306,0.699339632477716,0.3355567018725114,0,1,0,0,0,0,0.44390398046523355,0,0,1,0.23191667682747302,0,1,0,3.152882267435372,0.739159107526155,2.664221418598437,0,Confidential,1.2036189612254118
6842,Young adult,1,1,2,0,Normal,0,0.2284526462732859,0.11733648816884887,0.21875558441805687,0.5836390276550215,0,0,0,1,1,Stage 1,Stage 2,Prediabetes,Normal,0.6441848977944665,0.10543436465032706,0.5754749163741066,0.42786694910475737,0.9748076792277818,0.7007743060851483,1,1,0,1,0,0,0.5149946498983603,0,1,0,0.5127587616262289,0,0,0,2.826516502805831,6.007933034097833,0.402461232512098,0,Confidential,0.5903471306565654
6843,Middle-aged,1,0,2,1,Obese,0,0.3869314453845995,0.05824422616479083,0.601984296568463,0.7718261202270812,0,0,0,0,0,Normal,Normal,Prediabetes,Normal,0.3172149547215015,0.3044585091678448,0.3417922076918074,0.6724988556407046,0.869319866604213,0.535006099415368,1,0,0,0,0,0,0.7101511793158825,0,0,0,0.0694763321017782,0,0,1,0.9139491470195528,1.797152658256469,5.003421101764632,0,Confidential,0.3931719736567573
6844,Young adult,1,1,0,1,Obese,0,0.15630010621295537,0.16180654160617788,0.06599064240162601,0.9377283781644673,1,0,0,0,0,Stage 2,Stage 1,Prediabetes,Diabetes,0.4522038524052693,0.661009981641472,0.7564460722400645,0.7754583943961022,0.6802435479742442,0.6477865577816709,0,0,0,1,0,0,0.3301373497345365,0,0,0,0.16321360124083376,0,0,0,2.98734444421262,3.3181306174991643,2.315997807913732,0,Confidential,1.112022413873311
6845,Senior,0,0,1,1,Obese,1,0.6022912461391632,0.5492405620168035,0.4313104394523633,0.21151535468371163,1,0,0,0,0,Stage 1,Stage 2,Diabetes,Diabetes,0.3525265982551743,0.6651867746200143,0.07590211653728596,0.7504007747551367,0.8592134322842311,0.32758772487086407,1,1,1,1,0,0,0.6305278428602222,1,0,0,0.9032007218695554,0,0,0,0.027725120456234,6.49569519710777,6.612159708111159,1,Confidential,0.0883390711612819
6846,Middle-aged,0,1,2,1,Normal,0,0.2393458947855098,0.9373095977661937,0.4498134022053069,0.6567316440996739,0,0,0,0,1,Stage 2,Normal,Normal,Diabetes,0.837616184130919,0.32758390362407513,0.7964598388563109,0.7916601015822795,0.7508000081471073,0.40661370519759077,1,1,0,1,0,0,0.04799008286123697,0,0,1,0.2656279312286836,0,0,0,1.844869645161515,9.605718076447836,4.157060644548652,1,Confidential,1.0608149043869712
6847,Senior,0,2,2,1,Underweight,1,0.9441239843144775,0.09703030254629022,0.1300795488667846,0.962131724502283,1,1,0,0,0,Stage 2,Normal,Diabetes,Diabetes,0.6219901632468006,0.11774866001517485,0.7310670242400548,0.8788461815591844,0.3174879272316745,0.4238468360592509,0,1,0,0,0,0,0.2628492968224465,0,0,0,0.2223429772731856,0,0,0,0.1676429483110135,8.428809172358987,0.0253387083371769,1,Confidential,2.302660862145435
6848,Senior,1,1,0,2,Underweight,0,0.27153163126005025,0.8983303527866625,0.4799434997011961,0.41159001107705906,1,0,0,0,0,Stage 2,Stage 2,Normal,Diabetes,0.23615408953980732,0.8110888622267477,0.9835035465568227,0.38359163569490334,0.34761480737149797,0.578219477592728,0,0,0,0,0,0,0.011433754591707288,0,0,0,0.863125571581911,0,0,0,2.4159507078028075,8.845350828545158,1.5194579434703026,0,Confidential,2.8292912893832707
6849,Middle-aged,1,1,0,3,Obese,0,0.3651565198388681,0.7541951125023005,0.8255691899789253,0.6987484345314642,0,0,0,0,0,Normal,Normal,Normal,Prediabetes,0.8916960376714533,0.08777583318319922,0.8713344722502323,0.6241261954648816,0.3433336316653526,0.4644774345528615,0,1,0,0,0,0,0.9932930220386587,0,0,0,0.04684993268363882,0,0,0,2.241707309119476,1.1221708447142298,8.904090397687881,0,Confidential,2.5378651896809292
6850,Young adult,0,3,1,1,Obese,0,0.6569510013519311,0.7765753784912247,0.8144667580288945,0.7603348648380975,1,0,0,0,0,Stage 2,Normal,Diabetes,Normal,0.993731234124231,0.2953943990417342,0.3335033432826251,0.09531194767298723,0.7415073846040524,0.6387929400599314,1,0,0,0,0,1,0.9708476739150517,0,0,0,0.33641483224863694,0,0,0,0.1117231475106241,9.233011085483373,3.9387555243344297,0,Confidential,0.44976402151504946
6851,Young adult,0,3,0,1,Underweight,0,0.060992975051320536,0.8657223497868799,0.6836592513925059,0.03164777647781869,0,0,0,0,0,Elevated,Normal,Diabetes,Diabetes,0.5748773741321502,0.5403750568491424,0.4620993680832002,0.1496084900797912,0.7613750718176957,0.9632716068451952,0,1,0,0,1,0,0.14740156776872337,1,0,0,0.505403192131084,0,0,0,3.629624242834661,9.0696681693044,4.037446308442668,1,Confidential,0.6069273675850602
6852,Senior,1,0,0,1,Obese,1,0.9849437155386114,0.956152589658925,0.5001760699824326,0.7211830925672619,0,0,0,0,0,Stage 2,Stage 2,Diabetes,Diabetes,0.00901213132156041,0.22349492905130425,0.4922440372516148,0.7831177515968821,0.17589457440457573,0.9935796128392957,0,1,0,0,0,0,0.7195955369326819,0,0,0,0.2664979950474352,0,0,0,1.082569921918779,6.011280336860595,8.578598533618118,1,Confidential,2.798517458073508
6853,Senior,1,0,0,1,Underweight,0,0.11147987861254303,0.31422237367706557,0.5893395586049426,0.8278026858801198,0,1,0,1,0,Stage 2,Stage 2,Normal,Diabetes,0.6301519226195408,0.550290601783528,0.32020253636696383,0.42384899904166146,0.36500836917199597,0.7462955568554543,0,1,0,0,0,0,0.8105091455280137,0,0,0,0.04695760474021239,0,0,0,2.3471591845659,7.829240792231705,9.20314244298696,0,Confidential,0.8772471083151544
6854,Senior,0,0,2,3,Obese,1,0.9480735029804612,0.4728878808400329,0.6240046024510935,0.8043955821936141,1,0,0,1,0,Stage 2,Stage 2,Prediabetes,Normal,0.7735786992046951,0.4113163637006616,0.9742581077152002,0.7267923444529185,0.7601993144023789,0.9541788343615274,0,1,0,0,1,0,0.6494435157052195,0,0,0,0.10035310174258391,0,0,0,1.4770854430260476,2.872878804744261,3.453135552833472,0,Confidential,1.2815824603592294
6855,Middle-aged,0,0,1,2,Normal,1,0.7726375286249573,0.2901175430000549,0.9614555805300892,0.13596156514171276,0,0,0,0,0,Stage 2,Normal,Diabetes,Diabetes,0.08537387289872829,0.05163299001519851,0.2661682166967956,0.39267478388312776,0.37360566841618703,0.311258702066443,0,0,0,0,0,0,0.6252452430569131,0,0,0,0.7197935444363475,0,0,0,1.4875361871128718,8.447946232360465,1.2666020518484056,1,Confidential,0.7124308842131675
6856,Senior,0,0,1,2,Overweight,0,0.8041558743601593,0.27899540637678066,0.09558900409883579,0.04686663447663353,0,0,0,1,0,Normal,Stage 2,Normal,Normal,0.5013724198961284,0.6014294359438802,0.17952602864614087,0.9943529396401738,0.3853551363558234,0.5007026697905042,1,0,0,0,0,1,0.4614339511207192,0,0,0,0.2576170733021778,0,0,1,0.3738215634143782,3.724992853771467,1.1149628711610038,0,Confidential,0.465871638156583
6857,Middle-aged,0,0,1,2,Obese,0,0.9894018449538572,0.8491728793636714,0.1907918629244549,0.9701246899415353,0,1,0,0,0,Stage 2,Normal,Normal,Normal,0.39014786558691783,0.9974827837587524,0.10896191345676809,0.9403784014033469,0.34423903312587056,0.030168308907907476,0,0,0,0,0,0,0.03504111837377326,1,0,0,0.2054551557026807,0,0,0,0.1922659949416183,9.71147220964568,3.780176166137379,0,Confidential,0.3165298033385026
6858,Middle-aged,0,0,1,2,Overweight,1,0.9875295017027972,0.7511887941510303,0.05610379841092374,0.0006263990380749318,1,0,0,0,1,Normal,Stage 2,Diabetes,Diabetes,0.17565336440377066,0.5863377588398686,0.42460804210244363,0.2585294187305169,0.0027359263491008035,0.965391705578077,1,0,0,1,0,0,0.30261807854866335,0,0,0,0.20395802533008994,0,0,1,1.718240783046889,3.843080730420549,7.755137032106028,1,Confidential,155.19717562645513
6859,Young adult,0,0,0,2,Obese,0,0.7033813451366576,0.7042013443587645,0.6581405601450192,0.8805355628754555,0,0,0,1,0,Normal,Normal,Diabetes,Diabetes,0.4349485048705374,0.19774235899856646,0.4473458867440694,0.5455806262783309,0.15788027014262923,0.8505596311406108,1,0,1,0,0,0,0.6353595514916074,0,0,0,0.641927047487147,0,0,0,1.6306370767139162,9.88756927057264,4.307396461192376,1,Confidential,2.8334502236405887
6860,Senior,1,1,1,1,Overweight,1,0.9100059750136803,0.8793426973582378,0.279533975567612,0.44148229272439987,1,0,0,0,0,Normal,Stage 2,Diabetes,Prediabetes,0.12324174178169477,0.6447681824975138,0.7734687824069415,0.11472461800465122,0.85627527380632,0.6445062785214665,1,0,1,0,0,0,0.2764663307101817,0,0,0,0.5139073094829786,0,0,0,0.857327704129732,8.467263778608231,4.94631883132532,0,Confidential,0.9032945433174935
6861,Senior,1,3,0,3,Normal,1,0.19558436322092596,0.6711607576987167,0.46273309247320565,0.45064205861673157,0,0,0,0,0,Elevated,Stage 2,Diabetes,Diabetes,0.9019782209730336,0.9100803374981442,0.7919566209926725,0.2661272008240471,0.7893641285498798,0.4578605291417154,1,1,0,1,0,0,0.2302837080653395,0,0,1,0.4748075626820899,0,0,0,0.9586379139792972,7.047363604660088,8.96754784103207,1,Confidential,1.0032842795219936
6862,Middle-aged,0,0,1,1,Obese,0,0.3227094779268151,0.22374202700895382,0.08496585532522134,0.1774027794313926,0,0,0,0,1,Normal,Stage 1,Diabetes,Diabetes,0.002776509232266536,0.37111793709057406,0.6210684494882623,0.16235235783312418,0.8700923874092479,0.8127726590905411,1,1,0,0,1,0,0.1511932589246628,0,0,0,0.7820652035321104,0,0,0,0.1328104823484439,1.31767712458303,2.104806783411972,1,Confidential,0.7137959812951942
6863,Young adult,1,0,1,3,Obese,1,0.5805998376508542,0.9724501679489738,0.34884019759175916,0.7526647584957903,0,0,0,0,0,Elevated,Stage 2,Prediabetes,Diabetes,0.9985499403201277,0.9791870999998625,0.06735903381981778,0.03876780417047537,0.7975065222661679,0.1865868066707713,0,0,0,0,1,0,0.25191570973619376,0,0,0,0.4345436971195115,0,0,1,1.5530269224339737,0.6524099488703805,2.704131621207721,0,Confidential,0.08446204756847957
6864,Senior,1,0,1,0,Overweight,0,0.6166405367334173,0.7841715999474895,0.2566156055649068,0.7593005896592929,0,1,0,0,0,Stage 2,Stage 1,Prediabetes,Diabetes,0.7187232319325059,0.758854494230414,0.8616375184638809,0.36553934453798914,0.4141518779415394,0.5285033986219436,1,0,0,0,0,0,0.652416915915102,0,0,0,0.806930028936469,0,0,0,3.791500476179515,1.1889530161510176,6.8721717857470255,0,Confidential,2.0804868077539114
6865,Young adult,1,3,0,1,Obese,0,0.3511882779039141,0.5369871617973632,0.3349292129466293,0.605296013233703,0,0,0,0,1,Normal,Stage 2,Prediabetes,Normal,0.569590994484305,0.7616643237697454,0.7272547389471369,0.34184176200364585,0.6291307814337278,0.06676361397475142,0,1,0,0,1,0,0.08915344542132407,0,0,0,0.9927278905136262,1,0,0,3.858092640633085,9.636363013036114,4.855754769063813,0,Confidential,1.1559675037514365
6866,Middle-aged,0,0,0,3,Underweight,1,0.7516953556666257,0.32781214599786,0.23467562883435716,0.31244307814200356,0,0,0,0,0,Stage 2,Stage 2,Diabetes,Diabetes,0.7508651453836931,0.6749574752951463,0.24916014414513543,0.355785937546726,0.25799483885077334,0.7945084513848603,1,0,0,1,1,0,0.6005345142297731,0,0,0,0.4362017123431559,0,0,0,2.2096536990674465,6.763073541904855,2.182301781476628,1,Confidential,0.9657563122386802
6867,Middle-aged,1,1,2,2,Obese,0,0.15631090574922712,0.1344005402164832,0.13510538792545912,0.7847396916134964,0,0,0,0,0,Stage 2,Stage 1,Prediabetes,Diabetes,0.45003481799458855,0.547309260948761,0.9663174641648016,0.5940069863649378,0.7747616588644557,0.5032683018999664,0,1,0,0,0,0,0.155435200861797,0,0,0,0.04688270163484389,0,0,0,2.274881367880924,1.499444078183605,7.728705252741408,0,Confidential,1.2472448179496949
6868,Young adult,0,0,1,3,Normal,0,0.32954944044500883,0.6865723780366505,0.32796099378600896,0.9868415060039656,0,0,0,0,0,Stage 2,Stage 2,Prediabetes,Normal,0.6213094597333427,0.45781153828246823,0.5320554647575728,0.03343181065640094,0.9245922268005664,0.3087191820870443,0,1,0,0,1,0,0.6446381590668362,0,1,0,0.3957547447306816,0,0,1,3.0584327657003763,6.077823207241845,1.3775478545649966,0,Confidential,0.5754487755090512
6869,Young adult,1,2,2,2,Underweight,1,0.7340876633368322,0.48805445113241375,0.6009208908073248,0.6463410417740915,0,0,0,0,0,Stage 2,Stage 2,Diabetes,Diabetes,0.3748639729026025,0.7448206835841039,0.48964063865609275,0.3239183895790562,0.35564132017894723,0.2229301163087705,0,0,0,0,1,0,0.1304088593328034,0,0,0,0.30128279810516356,0,0,0,2.2446379815238533,8.731671038126521,7.510339122766059,1,Confidential,1.3767821984512976
6870,Senior,1,0,0,2,Obese,0,0.09041419421631174,0.5478937441000975,0.3687814365696764,0.5216746885724698,0,0,0,0,0,Normal,Stage 1,Diabetes,Normal,0.25201121214500327,0.10336705030637645,0.7935148379232835,0.37403331300552584,0.5131021764949691,0.6936496065099904,0,0,0,0,0,0,0.9219983208684058,0,0,1,0.14607596215262467,0,0,0,2.863175173522826,8.784040852696917,7.453793342406571,0,Confidential,1.5465045253634073
6871,Senior,1,0,0,3,Obese,0,0.10486938692821379,0.16877036076788257,0.7279071112929413,0.7581122834947668,0,0,0,0,0,Normal,Stage 2,Diabetes,Normal,0.36332960011682336,0.9563871924048667,0.24878719821519502,0.39954146684615227,0.3257611788549343,0.7150901062549574,0,0,1,0,0,0,0.988252873572518,1,0,0,0.518529120460084,0,0,1,2.566128606809494,3.1008048398587507,1.8173917859207576,0,Confidential,0.7637103938833154
6872,Senior,1,0,1,1,Normal,0,0.2272297198564998,0.15118236282878503,0.9826670930563465,0.7517100881164173,0,0,0,0,0,Normal,Normal,Diabetes,Diabetes,0.9932327435130603,0.42639569474793937,0.9356855356102143,0.21620646824120543,0.06422523954499032,0.8460758412970654,0,0,0,0,0,0,0.624506760059342,1,1,0,0.1728005072377228,0,0,1,1.86463696889165,0.4540055945272592,8.915463335133717,1,Confidential,14.568813479547378
6873,Senior,1,3,1,0,Obese,0,0.043642597223753236,0.12246941229445715,0.13874019442555843,0.6576840697838121,0,0,0,0,0,Normal,Normal,Prediabetes,Diabetes,0.07520023063081833,0.45663487400542935,0.8421485069073544,0.8511958017458907,0.927522994304925,0.9796391045233259,1,0,0,0,0,1,0.21846655020943817,0,0,0,0.5887632142041681,0,0,0,2.3933150948085826,9.387938410158847,9.33691668645602,0,Confidential,0.9079543171201386
6874,Middle-aged,1,0,0,3,Obese,1,0.9242061450322425,0.8961068799594119,0.6670703191758705,0.4154232383748596,0,0,0,0,0,Stage 2,Normal,Diabetes,Diabetes,0.31136252602858505,0.7056060387105978,0.5387586509785767,0.3159275224649562,0.16810698156919818,0.3061041424610852,0,1,1,0,0,0,0.833644217400412,0,0,0,0.2879402579971169,0,0,0,3.9282151268276175,4.857483899177275,3.43791439137905,1,Confidential,3.2048558956298105
6875,Senior,1,0,1,2,Obese,0,0.8306072637514262,0.11392484593663242,0.5304192452777917,0.640198772588967,1,0,0,0,0,Normal,Stage 1,Diabetes,Diabetes,0.17159949224193027,0.14725973800255543,0.7036573487705604,0.03763353553035792,0.8552455933583036,0.376785315081115,0,0,0,0,0,0,0.9417171766926091,0,0,0,0.7274465766053572,0,0,0,2.28535272882363,8.58690818458446,5.546584496947381,1,Confidential,0.8227547200886476
6876,Young adult,0,0,1,1,Normal,0,0.7961931918686012,0.7115784011739726,0.04382433787162494,0.4260607727059872,1,0,0,0,1,Stage 2,Stage 1,Normal,Diabetes,0.0870394400001434,0.41206894295970486,0.3349873667606107,0.1226613237586508,0.32064237088069414,0.7001134775340734,0,1,0,0,0,0,0.5722971735588336,1,0,0,0.5206796840724983,0,0,0,0.66826333276981,9.838245588658133,7.398894015121259,0,Confidential,1.0447383040504465
6877,Senior,0,0,2,3,Overweight,1,0.4451966492773732,0.4999209550958243,0.9248926639408475,0.3231105237902223,0,0,0,0,0,Stage 2,Stage 2,Diabetes,Normal,0.06404188273755389,0.49969143048765197,0.41333341524136036,0.5698342814755086,0.9716065403155669,0.3984835648284091,0,0,0,0,0,0,0.9491529545833128,0,0,0,0.18555894997250869,0,0,0,3.977037491810624,1.224367307119394,7.055392852016119,0,Confidential,0.425412343464788
6878,Senior,1,2,0,2,Underweight,1,0.41254459400855253,0.9955791926526817,0.3232586493083381,0.1268153984995567,0,0,0,0,0,Normal,Stage 2,Diabetes,Diabetes,0.889581593917929,0.604096833133783,0.2918567534267986,0.9255375598840323,0.1774727525168896,0.8728503527582079,0,0,0,0,0,0,0.02597900688377947,0,0,0,0.5412847817858484,0,0,0,2.1151995282148603,6.705878804771834,5.6240059321301095,1,Confidential,1.644515844194299
6879,Young adult,1,0,0,1,Normal,0,0.0481467257631095,0.478643479601517,0.12719078284995172,0.24065735738294347,0,0,0,1,0,Stage 1,Normal,Normal,Diabetes,0.021324139494952613,0.6815231529495163,0.06490425696609048,0.7113422719676867,0.6637363361132312,0.9155917105061016,1,1,0,0,1,0,0.26116367580371974,0,0,0,0.32368728422743326,0,0,0,1.872606205312998,0.0658688255514872,2.1515445979871672,0,Confidential,0.09778620430239339
6880,Senior,1,1,0,1,Normal,0,0.3450675560939573,0.9235326697671836,0.24998966916636275,0.8999094667153359,1,0,0,0,0,Stage 2,Normal,Diabetes,Normal,0.5328094317068419,0.6174928828710062,0.2538814026170013,0.14123315564898054,0.7693327185494263,0.5335441546470555,1,0,0,0,0,0,0.1272819112689493,0,0,1,0.5658566635479269,1,0,0,1.6701291564456031,8.624594372791105,5.860464100721897,0,Confidential,0.3300020868678166
6881,Young adult,0,3,2,3,Overweight,1,0.34425553787628455,0.7134117451470675,0.05983705296036629,0.17375591038759097,0,0,0,1,0,Normal,Stage 2,Diabetes,Normal,0.16810028617729672,0.972159020052333,0.3973497027140491,0.28503365359943783,0.8187329890239634,0.13194990012799215,1,0,0,1,0,0,0.7632911618454215,0,0,0,0.45081408883072566,0,0,0,3.793093874178925,0.95736505190531,5.8841819853442185,0,Confidential,0.4853226974373438
6882,Senior,1,3,0,2,Overweight,0,0.5461975571416279,0.03997325900740754,0.5498424111930247,0.8270525548945206,0,0,0,0,0,Stage 2,Stage 2,Normal,Normal,0.16801938168183206,0.0,0.12864071525719178,0.035445930366108935,0.3781731468510362,0.8709060714855088,1,0,0,0,1,0,0.829792584742374,0,0,0,0.39823649240849385,0,0,1,3.104987849399488,0.639940300663141,3.732432736604591,0,Confidential,0.3401635370685477
6883,Senior,1,1,1,1,Normal,0,0.9066226175827188,0.9430762305966207,0.6752549730844692,0.08529420102781748,1,0,0,0,0,Elevated,Normal,Diabetes,Normal,0.332514385536532,0.44323666036445053,0.6531684855986557,0.30029914531390794,0.15110187702136096,0.5041114270829777,1,0,0,0,1,0,0.13966983471704458,0,0,1,0.7894742830839148,0,0,0,2.0967078931297585,5.424623290242442,0.5400763491500582,0,Confidential,4.322702659122617
6884,Senior,0,3,2,3,Overweight,0,0.7080896140441048,0.31158022920646955,0.1737475577740128,0.5470616907816414,0,0,0,0,1,Normal,Stage 2,Normal,Diabetes,0.1962207684183716,0.6239345603429398,0.44365426032055044,0.21811260000703186,0.3160920250149558,0.9088893927442612,0,0,1,0,0,1,0.8004586298488705,0,0,0,0.28188681001326427,0,0,0,3.186612169697576,1.952533148981893,0.7653322703089727,1,Confidential,1.4035604356027618
6885,Senior,0,0,1,2,Overweight,1,0.5396378342173465,0.16968016710537567,0.7210026188311626,0.24737082836450808,0,0,0,0,0,Stage 2,Stage 1,Prediabetes,Normal,0.07757188363736144,0.9905266799882965,0.5148171719792336,0.24551361692306167,0.21694162468648198,0.7600617871396312,0,1,0,1,1,0,0.9357776551321484,0,0,0,0.5395473574681351,0,0,0,2.144281951334288,4.132002172411163,5.387710705936301,0,Confidential,2.373067744483029
6886,Young adult,0,1,2,1,Normal,0,0.3727739162529178,0.38779847936032674,0.5815913554291484,0.41137070071653403,0,1,0,0,0,Normal,Stage 2,Prediabetes,Diabetes,0.8951353432979627,0.045801013354531114,0.17130194035749446,0.2099462148953955,0.7827259912160844,0.529726680375221,0,1,1,1,0,0,0.40116013899500186,0,0,0,0.8585906723443519,0,0,1,3.8281629843108846,8.244203952984874,5.5801542139749785,0,Confidential,0.21885301150067946
6887,Middle-aged,1,0,1,1,Overweight,1,0.9609891876897196,0.8342911868185879,0.7954946485473463,0.864690930398844,1,0,0,0,0,Stage 2,Normal,Diabetes,Normal,0.08474430072386667,0.22693299416862495,0.0773237322312268,0.660131393489892,0.43212327362366065,0.11518047419892216,0,1,0,0,0,0,0.7638986173020043,1,1,0,0.029176945778374846,0,0,0,3.511642998812002,5.343311756411047,2.9976320027792336,0,Confidential,0.17893905964104262
6888,Senior,0,1,0,1,Overweight,1,0.30050404841005074,0.7789658959813579,0.4345571454139617,0.6926021925455982,1,0,0,0,0,Normal,Normal,Diabetes,Diabetes,0.6073613750547412,0.34090831603375316,0.8516650012563234,0.6767805137446126,0.695443679248269,0.736943706883028,0,0,0,0,1,0,0.2466868651939658,0,0,0,0.1629096879876964,0,0,0,0.9032523539088166,4.201107844739539,7.309295196184754,1,Confidential,1.2246354761278726
6889,Middle-aged,0,2,1,2,Underweight,0,0.5910123981099804,0.3821925084174718,0.3329643969350063,0.458974571861014,0,0,0,0,0,Stage 2,Normal,Diabetes,Prediabetes,0.13157710459475852,0.38491793094943555,0.5550202674544882,0.3622171259971743,0.301207650629017,0.5378507424343308,1,0,0,0,0,0,0.688580230618684,0,0,0,0.1967062850189291,0,0,0,2.5082515320745924,2.4076874052916084,6.656457853106989,0,Confidential,1.842649966876439
6890,Senior,1,3,2,1,Obese,1,0.3349520119071991,0.5964786641103614,0.790090618095324,0.06320736557958373,0,0,0,0,0,Stage 2,Stage 1,Normal,Normal,0.03803640984680655,0.4681657481572562,0.45566086810542306,0.622966909271758,0.26803785634078514,0.8863131484305038,0,0,0,0,0,0,0.9267267608038163,0,0,0,0.8414556545579539,0,0,1,2.3463785597537634,7.250832835579778,7.108722909168764,0,Confidential,1.699986988129366
6891,Senior,0,0,1,1,Obese,1,0.12206097785882063,0.5562857378767786,0.4058511896839212,0.858071166560486,0,1,1,0,0,Normal,Stage 2,Prediabetes,Normal,0.32770798058344497,0.6572927915850403,0.035444805402037316,0.29451449048418826,0.9424488940061337,0.04472545934056435,1,0,1,1,0,0,0.862472563413393,0,0,0,0.522632828059795,0,1,0,1.35246751918453,7.207215731256476,7.709805840098588,0,Confidential,0.03760925990519188
6892,Senior,1,0,2,0,Normal,0,0.4548495205356171,0.16459709104476872,0.3368431317147609,0.10764007899668004,0,0,0,0,1,Stage 2,Stage 2,Diabetes,Normal,0.5784107653536413,0.9206824287212317,0.9826877056800185,0.5299701299416999,0.14013795062279738,0.7884481188450493,0,0,1,1,0,0,0.16060456586376742,0,0,0,0.9790620682087858,0,1,0,2.300143894135872,5.477246560796289,8.067577265025708,1,Confidential,7.012288258196897
6893,Senior,0,0,2,3,Overweight,1,0.1993959229987911,0.12948162096240748,0.7676706447687647,0.2957455222545864,0,0,0,1,0,Normal,Stage 2,Diabetes,Diabetes,0.556969778253757,0.2727197981566577,0.12697725651316194,0.8746479951636397,0.5962779088714073,0.5647687534649639,1,0,0,0,1,0,0.6262231631493004,0,0,0,0.3740623078378498,0,0,0,1.918192199888797,2.788669933317509,0.066536604970161,1,Confidential,0.21294979173972003
6894,Middle-aged,0,0,1,1,Underweight,0,0.7535844148499267,0.8817655802663708,0.19255792621323461,0.5864660238237119,0,0,0,0,0,Stage 2,Normal,Diabetes,Diabetes,0.45912933327117034,0.7884953461256557,0.838592538123943,0.29515783426824976,0.8025849636524325,0.055499633157914674,0,1,0,0,0,0,0.28190940254469343,1,0,0,0.0009054494840853749,0,0,0,1.69233698563061,3.7408698060800822,9.308834001687574,1,Confidential,1.044864501706643
6895,Senior,0,3,1,1,Obese,0,0.818018029411955,0.921073377275075,0.1001321195419234,0.9756277322818782,1,0,0,0,0,Normal,Stage 2,Diabetes,Diabetes,0.009694595708350212,0.7658727593614133,0.10372533821894869,0.08368368446269925,0.7334910359098219,0.35676712104027963,0,1,0,0,1,0,0.604221110654464,0,0,0,0.4905084389429063,0,0,0,1.5997305984754644,7.6717022670610335,2.5758602333570413,1,Confidential,0.1414132322561895
6896,Middle-aged,0,0,0,2,Normal,0,0.1443778330887115,0.39651819333366994,0.571258679374168,0.8647868433804718,0,0,0,0,0,Normal,Normal,Normal,Normal,0.23342306576212807,0.5457315282494478,0.28977820177150027,0.8109073729662377,0.4360380540159339,0.4770029230321039,1,0,1,0,0,0,0.8808276344434433,0,0,0,0.951963237838716,0,0,0,0.1426787465264349,5.429567288444758,4.803977720592711,0,Confidential,0.6645708994951873
6897,Senior,1,0,2,2,Obese,1,0.8114776516102519,0.5302942169903615,0.7474358756588662,0.38584268731340965,1,0,1,0,0,Normal,Stage 2,Diabetes,Diabetes,0.36753926708328927,0.9809036224965707,0.09078905676851301,0.7489201141987569,0.2467238497942973,0.7299286926554521,0,0,0,0,1,0,0.7713718273131355,0,0,0,0.5928889711404594,0,0,0,0.4139007355253623,4.172455731914488,8.506749325543097,1,Confidential,0.3679784376103371
6898,Young adult,1,0,1,2,Overweight,0,0.6994450757887939,0.8421475574955276,0.6286329711657012,0.473190700796987,0,0,0,0,0,Stage 2,Stage 2,Normal,Diabetes,0.5085083757449992,0.6246407233358267,0.22855619989374998,0.2881064390286289,0.38367978036450356,0.2201737906007444,0,0,0,0,0,1,0.740609587349879,0,0,0,0.6733707601240051,0,0,0,2.169077188793275,3.956229329247478,7.29917678593165,0,Confidential,0.5956951906003932
6899,Senior,1,1,1,2,Obese,0,0.7135089704126737,0.23982363774514642,0.7845374379951173,0.16305802800431535,0,0,0,0,0,Elevated,Stage 2,Prediabetes,Prediabetes,0.6414973647092955,0.7400432317807347,0.5315713742553811,0.7169493008919636,0.4551313470830718,0.4086618299489243,1,1,0,0,0,0,0.43642781040428436,0,0,1,0.5736591361584655,0,0,0,1.2384208620694976,2.379505049491488,5.351295199080087,0,Confidential,1.1679515763135457
6900,Young adult,0,0,1,1,Obese,0,0.4314594456225035,0.2749745898355605,0.44005899523807585,0.9158206023400431,0,0,0,0,0,Stage 2,Normal,Prediabetes,Diabetes,0.05797779255835757,0.5079881308652902,0.6636767952009801,0.6977278047060804,0.4588198504470232,0.9286538701256173,0,1,1,0,0,0,0.1574314353370309,0,0,0,0.224312147183737,0,0,1,0.4568353263169431,4.2554684625266335,8.33946564369261,0,Confidential,1.446486664764759
6901,Middle-aged,1,0,0,3,Obese,0,0.763963389011492,0.903129220064996,0.11261900787381073,0.7119914985035484,0,0,0,0,0,Stage 1,Stage 2,Diabetes,Diabetes,0.044965271282602845,0.6662934109253253,0.9790376166878523,0.7093179008707091,0.22999090999334965,0.7786120998369834,0,0,0,0,0,1,0.9497895018701973,0,0,0,0.04491378023815876,0,0,0,2.331246803466148,0.7357350264736429,9.048698679959688,1,Confidential,4.256853528324932
6902,Young adult,0,3,1,3,Normal,0,0.7564215933220653,0.8160860281333092,0.867523999291974,0.8798811687006857,0,0,0,0,0,Stage 1,Normal,Diabetes,Diabetes,0.5858216519299242,0.022710061581230886,0.1767947535735228,0.8471992709774345,0.785184312503711,0.42044512263155354,1,0,1,0,0,0,0.006186212638334852,0,0,0,0.6023807404734508,0,0,0,3.3477686238902766,5.156337876405556,2.7075274747641065,0,Confidential,0.22516337980540999
6903,Middle-aged,0,2,1,1,Overweight,1,0.27867805408091817,0.28916280582570175,0.5403296011032247,0.8991743777689832,0,0,0,0,0,Stage 2,Stage 1,Diabetes,Normal,0.8396516018432932,0.717977136080324,0.7859728493358782,0.6453289792407109,0.3311675672925338,0.9752079344111488,1,0,0,0,0,0,0.870503812747388,0,0,1,0.7747258902510741,0,0,0,3.783754468570608,1.92120311875981,6.159096985952543,0,Confidential,2.3733388379834803
6904,Senior,0,1,0,1,Normal,0,0.716272232644713,0.7946066105911356,0.8917576967911695,0.1166532845203827,0,0,0,0,1,Elevated,Normal,Diabetes,Normal,0.23767849030678362,0.6550457381209009,0.7911974414040113,0.6932405154518266,0.647424429770288,0.2237617542689935,1,0,0,0,0,0,0.8411916904876037,0,0,0,0.8181937338516742,0,0,1,1.7795008215360286,0.8310870969782469,8.549515515886762,0,Confidential,1.2220691790773714
6905,Senior,0,3,0,3,Normal,1,0.5265690822837964,0.7690347344442444,0.12427769213326266,0.24477768865680527,0,0,0,0,0,Stage 2,Stage 2,Normal,Normal,0.839176847067492,0.7597904866633154,0.9502960045703563,0.4911976965744445,0.9986211236307299,0.835049632954995,0,1,0,0,0,0,0.8663305960013343,1,0,0,0.9919072552554579,0,0,0,3.984468825162939,9.38110768209137,3.948316151279924,0,Confidential,0.9516081545674943
6906,Senior,0,3,0,2,Overweight,0,0.6241495335426883,0.7836367357241423,0.24982723428752243,0.26695953314934406,1,0,0,0,0,Stage 2,Normal,Diabetes,Normal,0.8529910499835069,0.4838932767544377,0.05844672195108269,0.5537436301300649,0.8096199949628564,0.6044337588582365,0,1,1,0,1,0,0.496034946688768,0,0,0,0.059382645728500875,0,0,1,0.7180130405820049,4.878295989411657,6.9996734737923125,0,Confidential,0.07219031436317738
6907,Senior,1,2,2,1,Normal,1,0.1788505195537316,0.2372664892467327,0.2598931263766251,0.020554052447783078,0,0,1,0,0,Normal,Normal,Diabetes,Diabetes,0.9981182943864688,0.1420927261482015,0.8771763366447516,0.937303384964091,0.9726650475403069,0.875275000434744,1,0,0,0,0,0,0.5575168504218571,0,0,0,0.6851268649629556,0,1,1,2.8773917875814785,6.94298370513538,8.759798448063021,1,Confidential,0.9018277554672814
6908,Young adult,0,0,0,0,Obese,0,0.5485088693598907,0.3546803729159542,0.29464117784876326,0.5672898922483888,1,0,0,0,0,Stage 1,Stage 2,Diabetes,Normal,0.47156496993741237,0.8080583705522516,0.09612939319242897,0.8115117443381308,0.00962109724777721,0.6935533021969875,0,1,0,0,0,0,0.08315747536675105,0,0,0,0.6448544010789233,0,0,0,0.4046557012675653,4.199443399514768,0.7247421265613685,0,Confidential,9.991520791938571
6909,Senior,0,3,1,3,Normal,0,0.4537981983020123,0.1260218431877973,0.028466677396326318,0.3726830025578468,0,0,0,1,0,Normal,Stage 1,Normal,Diabetes,0.6850710929990623,0.989262103227902,0.11272613908985551,0.994273621099792,0.8714198607848562,0.33588098055076465,0,1,1,1,0,0,0.1984075478120015,0,1,0,0.949262988441836,1,0,0,0.7532875057860222,3.6857191914369847,5.582885389925801,0,Confidential,0.12935915758028188
6910,Middle-aged,1,0,0,0,Obese,0,0.17000301710323615,0.8751590896305934,0.8018708918069564,0.6268041435998527,1,0,0,0,0,Stage 2,Stage 2,Diabetes,Diabetes,0.8339592017366605,0.7082820002817277,0.139057888205532,0.9752853408184388,0.9134698350445898,0.2528314928584653,0,0,1,0,0,0,0.612181835570199,0,0,0,0.49949106835698037,0,0,1,1.6308647970871566,4.777192058348518,6.884093264653881,1,Confidential,0.15223041075980803
6911,Senior,1,0,0,3,Normal,0,0.19424793467615425,0.2970278545439871,0.9909350481017565,0.40367984647580857,0,0,0,0,0,Stage 2,Stage 2,Diabetes,Diabetes,0.17309237658914417,0.4665864654899896,0.7438130761529516,0.6017942254777637,0.8164806516078547,0.6417337710079972,0,0,0,0,0,0,0.3182040658979746,0,0,0,0.18105125949381007,0,0,0,3.332592489938766,9.491198225201591,2.6945615417977664,1,Confidential,0.9109990232936904
6912,Middle-aged,1,0,1,1,Obese,0,0.8636918149292677,0.6842725349051272,0.9809985441859757,0.854558537960607,0,0,0,0,0,Stage 1,Stage 2,Diabetes,Diabetes,0.7771462132187662,0.20540993410856212,0.7893072999335398,0.5025768116844924,0.7518542375495376,0.06865234917874102,0,1,1,0,0,0,0.9981627664687854,0,0,0,0.2947842467409878,0,0,1,1.1095878532200292,9.574900687193276,3.620493154875226,1,Confidential,1.0498142598837643
6913,Young adult,1,2,1,1,Overweight,0,0.36938201639019846,0.054875385900383634,0.6188076495524804,0.4920830732234115,0,0,0,0,0,Stage 2,Stage 2,Diabetes,Prediabetes,0.423528287016395,0.3446022633367096,0.6291669188604594,0.42742992934761875,0.06333163994740948,0.22062984874532313,1,0,0,0,0,0,0.3118420521033115,0,0,0,0.73416811258726,0,0,0,0.2182516220804955,3.566031624707424,5.477909319081087,0,Confidential,9.934480133199122
6914,Young adult,1,0,2,1,Obese,1,0.9060499743204038,0.1893826560070238,0.6590336076404478,0.558964903591242,0,0,0,0,0,Stage 2,Stage 2,Normal,Normal,0.9666931451031795,0.5884071522651242,0.4443761956004255,0.10987246082047558,0.22029328257935565,0.588247985895654,0,0,0,0,0,0,0.3251461377561964,0,0,0,0.02980815989770314,0,0,0,0.0281071087157398,6.268167463549288,2.062952321936597,0,Confidential,2.0172026600055273
6915,Middle-aged,0,0,1,3,Obese,1,0.2569593846313524,0.5767205770601082,0.0699035397133023,0.6693203200865495,0,1,0,0,1,Stage 1,Stage 2,Diabetes,Diabetes,0.9888758798696109,0.8864793308443479,0.0787019077112141,0.9341825516198858,0.15739679492168812,0.7000227413766585,0,0,0,0,1,0,0.7114259310535866,0,0,0,0.08999857336388352,0,0,0,3.927281178803256,0.6213212996192474,9.62834154950986,1,Confidential,0.5000223019177219
6916,Middle-aged,1,3,1,2,Overweight,0,0.17343261861077616,0.10594851954909364,0.24495678747797922,0.2832779946035139,1,0,0,0,0,Normal,Normal,Diabetes,Diabetes,0.9759201829761734,0.2978440330499702,0.7844601883586722,0.8966193345611957,0.8873160987462263,0.7853181167533113,1,1,0,1,0,0,0.5500813269614075,0,0,1,0.62146573167375,0,0,1,1.3884020878744172,3.4712499234375582,0.0974288715072702,1,Confidential,0.8840819967845854
6917,Senior,1,0,2,3,Obese,1,0.18594479596246596,0.2563007165726474,0.38368532634919295,0.8152077406302815,0,0,0,1,0,Stage 2,Stage 2,Prediabetes,Diabetes,0.880813945497178,0.21232608844029022,0.6724992384398829,0.5360673030346068,0.5453632260781925,0.894272587071774,0,1,0,0,0,0,0.18600549935802987,0,0,0,0.6238615791266235,0,0,0,1.618789831702777,0.8107009544693411,6.533334093851035,0,Confidential,1.2331217183013032
6918,Middle-aged,1,0,1,1,Overweight,1,0.3668444596038831,0.8410673556758497,0.7519061468967086,0.5213090511658253,0,0,0,1,1,Stage 2,Normal,Prediabetes,Prediabetes,0.4192137209933051,0.0479042636798548,0.41031812233085097,0.7368388610388668,0.39583596104315577,0.6959206505654086,1,0,1,0,1,0,0.25687665214011196,0,0,0,0.19142096955015278,0,0,0,1.767593656658764,9.920342546477128,9.179542404562543,0,Confidential,1.0365862698516073
6919,Young adult,0,1,1,2,Obese,1,0.32121314814502366,0.21422893719045877,0.5786423723572409,0.4388241520712576,0,0,0,0,0,Normal,Stage 2,Diabetes,Diabetes,0.4147705353413188,0.03881377068189788,0.30397684994862284,0.5073671370125306,0.24469359816581654,0.9819411527199537,0,1,0,0,0,0,0.36334847361154665,0,0,0,0.006262481829776369,1,0,1,3.899888120892612,8.311068670887357,2.8780721749636475,1,Confidential,1.2422754507154414
6920,Middle-aged,0,2,0,2,Normal,1,0.26306614646291737,0.9986738930222079,0.6331754825727401,0.9513410093728213,1,0,0,0,0,Stage 2,Normal,Diabetes,Normal,0.8983594960256351,0.0447407953271705,0.0005799812481073197,0.7302683431524088,0.565625632203535,0.8082079997595194,0,0,0,0,0,0,0.5917916597882998,0,0,0,0.1815673481529503,0,0,0,1.9331649803842896,5.872460805884377,9.679900187558047,0,Confidential,0.0010253800660480303
6921,Middle-aged,1,2,1,2,Underweight,0,0.6264703190228312,0.38991354108192394,0.7203336751117675,0.8525272410662555,0,1,0,1,1,Normal,Stage 2,Diabetes,Diabetes,0.5268299838857959,0.6796241880015391,0.1946463643902343,0.04784877096626583,0.6511618079960925,0.16147883870495452,0,1,0,0,0,0,0.4078220170830599,0,0,0,0.9719422174441924,0,0,0,1.284732805630885,9.667261754171246,0.4754743057536159,1,Confidential,0.29892165357370337
6922,Senior,1,0,1,1,Obese,0,0.07665604233278976,0.9699100162484868,0.39626361188651643,0.34461346607942367,0,0,0,0,0,Stage 2,Stage 2,Diabetes,Normal,0.8443332542647639,0.9926970200673936,0.49987967142012035,0.3668856587305109,0.6991217231100467,0.9754044398400692,0,0,0,0,0,0,0.35533003599413415,0,0,0,0.9624101079700663,0,0,0,0.2136950649463682,7.990465222549642,2.1406389395056435,0,Confidential,0.7150109271335512
6923,Middle-aged,1,3,2,2,Overweight,1,0.009308305478851362,0.9715276131214521,0.8390102030593561,0.7868913985237961,0,0,0,0,0,Elevated,Stage 1,Normal,Prediabetes,0.43536988075912164,0.15821536921023693,0.5185430437085257,0.9047960796110004,0.25320544975710013,0.9106023136489318,0,0,1,0,0,1,0.431314229600631,0,1,1,0.5991925513970279,0,0,0,3.7235245070198375,1.956209096375695,4.767715119914278,0,Confidential,2.0479142301477467
6924,Senior,1,0,0,1,Overweight,0,0.5501729839589612,0.4803142706394504,0.6322688151987037,0.6959258148381439,1,0,0,1,0,Normal,Stage 1,Diabetes,Normal,0.8281352506769164,0.3075180015284079,0.12097123595975257,0.8399848686654074,0.2057121773164795,0.3034254603474762,0,1,1,0,0,0,0.9138278173983261,0,0,0,0.4438758449714451,0,0,0,3.987567340114981,3.027257545563006,1.6210209727704683,0,Confidential,0.5880606463741007
6925,Senior,0,0,1,0,Normal,0,0.9883333261522503,0.9740904530644209,0.895286347659035,0.7075430527458039,0,0,0,0,0,Stage 2,Stage 2,Diabetes,Diabetes,0.9061684390612641,0.28215288434788127,0.45257890019160607,0.8232993519739256,0.5512186885075995,0.5852527981377669,0,0,0,1,0,0,0.06574999820812913,0,0,0,0.12538928964361457,0,0,0,2.2886205711331766,0.7933279691571882,3.10560245140594,1,Confidential,0.821051444059242
6926,Young adult,0,0,2,2,Obese,0,0.7860953368664892,0.16170186847143822,0.027058110325069173,0.5523684106877343,1,0,0,0,0,Stage 2,Stage 1,Prediabetes,Prediabetes,0.10019545087037664,0.17668981525666222,0.013944074399742545,0.9707212446189182,0.8613644618681942,0.818192210407194,1,0,0,0,0,0,0.2041863921759877,0,0,0,0.4349265806451281,0,0,0,2.516258773718697,8.653797220205519,9.706775312322632,0,Confidential,0.01618835582036848
6927,Senior,1,1,2,3,Obese,0,0.9314067297422949,0.21066768348571993,0.011358826774027447,0.8784007050037995,1,0,0,0,0,Stage 1,Normal,Diabetes,Diabetes,0.09837494404783813,0.1353370425827209,0.18331654309081946,0.47726859422346696,0.968453239925193,0.5663185285437992,0,0,1,0,0,0,0.4681667833557557,0,0,0,0.782569449806328,0,1,0,3.0261982170606427,2.2114696677261736,5.640872242436163,1,Confidential,0.18928796511123192
6928,Young adult,0,0,1,2,Normal,1,0.47450018150006645,0.13320647136143593,0.060034984764561976,0.3631495531365506,0,1,0,1,0,Normal,Stage 1,Diabetes,Diabetes,0.7376370232467317,0.0039444921846126385,0.1702481971181118,0.5687074513187769,0.08943002788288446,0.7314976018189407,0,1,1,0,0,0,0.29817939970844937,0,0,0,0.3883007785467219,0,0,0,2.908635873681832,8.378618728467297,8.260204270658033,1,Confidential,1.9037028294463352
6929,Young adult,1,0,1,3,Normal,0,0.6666897360999394,0.48480026221304995,0.25511180079751905,0.6128700925345824,0,0,1,0,0,Normal,Normal,Diabetes,Diabetes,0.9111253799235102,0.05970954883976752,0.6060829621449408,0.5182999251923204,0.992447731011713,0.8393802445877296,0,0,0,0,0,0,0.774620024455984,0,0,0,0.9303355399835035,1,1,0,1.1820530645689633,2.465529512416793,0.5239655449264546,1,Confidential,0.6106950957780846
6930,Young adult,1,0,2,3,Obese,0,0.18253791430075714,0.1734712128867982,0.15977916188989286,0.3510254555785387,0,0,0,0,0,Elevated,Stage 2,Diabetes,Diabetes,0.427408552920702,0.9482820069840759,0.36900014399824355,0.2180804706282226,0.8565799002215835,0.43385061466955843,0,0,1,0,0,1,0.27888286768799825,0,0,0,0.4273599161172655,1,1,1,1.5063254742952386,7.888741607829612,2.324013074924398,1,Confidential,0.4307830990463226
6931,Young adult,1,3,1,3,Obese,0,0.08744646854830235,0.6971375564744955,0.04101050338334368,0.9347380496193026,0,0,0,0,0,Elevated,Stage 2,Diabetes,Diabetes,0.9584309123914074,0.6732138859431943,0.2628473028158922,0.6258504791244346,0.6390800712750225,0.6983618936394458,0,0,0,0,0,0,0.8414490216599774,0,0,0,0.1707996764972122,0,0,0,3.883906473442621,8.461840483327315,7.461107044629202,1,Confidential,0.4112900943562331
6932,Young adult,0,1,1,3,Obese,0,0.40714233304319336,0.9134418484482149,0.44624850513511394,0.028391392227720025,0,0,0,0,0,Normal,Normal,Prediabetes,Diabetes,0.5623443801303383,0.276069624179272,0.5241606580308837,0.012213202155592517,0.45395575768709284,0.4054121367324054,0,0,0,0,1,0,0.2579777960443733,0,0,0,0.005501845858763556,0,0,0,1.7858253482586472,0.5855235498990663,3.4611193556530484,0,Confidential,1.154651415154387
6933,Young adult,1,0,0,2,Normal,0,0.4665803526512609,0.035545065457212054,0.13529672732100836,0.582532252494626,0,0,0,0,0,Stage 2,Normal,Prediabetes,Diabetes,0.9975041979549242,0.36764772652841066,0.23959875352339588,0.32313374850524507,0.5333326740433345,0.54700394264489,0,0,1,1,0,0,0.0529831880927743,0,0,0,0.7063174669052538,1,1,1,3.204077293783312,5.316443289161298,3.504342367550165,0,Confidential,0.4492482182029746
6934,Senior,0,0,0,2,Normal,0,0.0015567584568387516,0.2842327272517863,0.777240141976832,0.7718567641693673,0,0,0,0,0,Normal,Stage 2,Prediabetes,Normal,0.43302920498335595,0.9312447423334521,0.8403751317613997,0.06723008717167978,0.46042766910929445,0.9049172038023969,1,0,0,1,1,0,0.3613033302101848,0,0,0,0.3082961503036357,0,0,0,3.2151373530460954,5.545072771066167,4.866409642215041,0,Confidential,1.8252055385531465
6935,Senior,1,0,0,3,Normal,0,0.43982069073984464,0.15668946470365233,0.9406536416656127,0.3782126110300187,1,0,0,0,0,Normal,Stage 2,Diabetes,Diabetes,0.698667065834035,0.7067466093590102,0.5934276164283578,0.09538534961988754,0.20968042326153846,0.5591418303526933,0,0,1,0,1,0,0.8273096482049999,0,0,0,0.2795840151686272,0,1,0,0.9369508414179326,6.234725369286977,5.634350202415924,1,Confidential,2.8301527018960853
6936,Young adult,1,0,0,3,Obese,0,0.9208986127462606,0.979588662624566,0.49983077061201275,0.4359205178739386,0,0,0,1,0,Stage 2,Stage 2,Normal,Diabetes,0.47717468200017044,0.5607313025154352,0.3954518907774569,0.2925374721061182,0.09637132883926902,0.0297891590326044,1,0,1,0,1,0,0.2344585303147684,1,0,1,0.8419935252106733,0,0,0,2.569701926475172,8.54812844390897,6.813195107397327,0,Confidential,4.103418470414613
6937,Middle-aged,0,0,2,1,Overweight,0,0.9392604142931081,0.2277271847317003,0.04921629047573108,0.7334262227181775,0,0,0,0,0,Normal,Stage 2,Normal,Normal,0.27887765581225854,0.3078711768394704,0.44688929763384766,0.5462973940452032,0.1498309348176261,0.7521225408421729,0,1,0,0,0,0,0.5522395029005025,0,0,0,0.5690957756806878,0,0,0,2.843800231487032,2.4712688342345857,1.7076990753973076,0,Confidential,2.9826237030276848
6938,Senior,0,0,1,0,Normal,0,0.38069150811070995,0.47702135759539926,0.950037182127344,0.21666536572384532,0,0,0,0,0,Normal,Stage 2,Diabetes,Prediabetes,0.28499545840210055,0.3306945852818584,0.6826558730261396,0.9049998808513751,0.6209800781890968,0.7773306177260793,0,1,1,0,0,1,0.08925962410802812,1,0,0,0.467567574852483,0,0,0,3.6748806808330254,5.26324002290981,3.970438024222267,0,Confidential,1.099320086107918
6939,Middle-aged,1,0,0,3,Obese,0,0.26218420996885783,0.7622924278156606,0.5064365276372748,0.9405227568439695,0,0,0,0,0,Normal,Normal,Prediabetes,Diabetes,0.8893661471079204,0.3499089328012503,0.44757289826319924,0.7478094620610505,0.3783720372256316,0.9558234362954754,0,0,0,0,0,0,0.050097476449304706,0,0,0,0.31686344965981345,0,1,1,1.2991154745812046,9.182538003000149,7.989194637262007,0,Confidential,1.1828910549124474
6940,Senior,0,0,2,1,Obese,1,0.9198378857908441,0.6645847127187268,0.13990766585356987,0.6250461212501085,0,0,0,0,0,Normal,Stage 2,Diabetes,Normal,0.6899112699988386,0.38091802113635964,0.5895707463689608,0.02799548529732221,0.9639565948863213,0.2951890576457391,0,1,1,0,0,0,0.6183220437986203,0,0,0,0.42056685825366347,0,0,1,1.4765087182030352,9.412130345535063,3.9842588266634857,0,Confidential,0.6116154497998827
6941,Middle-aged,1,0,2,2,Obese,0,0.17350049161872794,0.41208359026731156,0.10929761133702684,0.26722724013293564,1,0,0,0,0,Stage 2,Normal,Diabetes,Diabetes,0.25498007926502886,0.20594800509022176,0.2350600985117166,0.06630424575310323,0.34606681180908494,0.9653423509825039,0,0,1,1,0,0,0.6293435343860688,0,0,0,0.04998899309706722,1,0,1,3.5702875233593154,1.0577853105768231,6.114033739049227,1,Confidential,0.6792332881703562
6942,Young adult,0,1,0,2,Obese,1,0.49300553246735546,0.26220992962766204,0.7609942874741586,0.3737634876050461,0,0,1,0,0,Elevated,Normal,Diabetes,Normal,0.14754723301916528,0.2710288698533597,0.5602724246452071,0.5143644550502804,0.8000839588432347,0.05690227163527292,0,0,0,1,0,0,0.11776829492985726,0,0,0,0.48825711385767673,0,0,1,3.95231773737598,9.60730736806492,0.259148611192147,0,Confidential,0.7002670387933433
6943,Middle-aged,1,0,2,0,Normal,0,0.9058113570980775,0.927802142213426,0.6223832109990576,0.8263403634699368,0,0,0,0,0,Stage 1,Normal,Normal,Normal,0.03497524981379484,0.970193817669507,0.8794180111713292,0.47889144052139615,0.6720890080996892,0.24545669163299597,0,0,0,0,1,0,0.34234714101410585,0,0,0,0.06744684270560014,0,0,0,2.9328316766845504,4.201218370198437,2.182234368349353,0,Confidential,1.3084844426452626
6944,Middle-aged,0,0,1,1,Underweight,0,0.7050064046922773,0.1794202290943301,0.9276696471923259,0.45475068404521857,1,0,0,0,1,Normal,Stage 2,Normal,Diabetes,0.013414193610515102,0.5980607368902837,0.8445617905243221,0.617752921605732,0.2540541452798407,0.41240498924520863,0,0,0,0,0,0,0.8039067681078258,0,1,0,0.26010126763092456,0,0,0,3.696958658900976,9.135596470786847,9.8362064756535,0,Confidential,3.324337768998168
6945,Senior,0,1,1,2,Obese,0,0.4863943203576709,0.9279163195311895,0.9614191723538217,0.17963820868431823,0,0,0,0,0,Stage 2,Stage 2,Diabetes,Diabetes,0.0577805321545425,0.5838008056375925,0.05527663697401142,0.5541407956129327,0.33738688964078045,0.8646734586582119,0,1,1,0,0,0,0.15944279664429842,0,0,0,0.5987183509824104,0,0,0,0.061034454390306,4.24045978345724,6.742846961158076,1,Confidential,0.16383753687899688
6946,Young adult,1,1,1,0,Obese,0,0.31652501207598394,0.35313568298864617,0.957235355237519,0.7196024098260055,0,1,0,1,0,Stage 2,Stage 2,Diabetes,Diabetes,0.6873600893715776,0.6552371607282733,0.29088933484614876,0.324741389218348,0.4388874181628759,0.351996058249609,0,0,1,1,1,0,0.9490977993409223,0,0,0,0.7699244607220893,0,0,0,3.736968729433069,1.7375492542427673,0.2040680793205229,1,Confidential,0.662788047248592
6947,Young adult,0,0,2,2,Overweight,0,0.8330477052809072,0.14116854761857667,0.6277687753926117,0.2959764339697206,0,0,0,0,0,Normal,Normal,Normal,Diabetes,0.2054908916793569,0.8983281472453594,0.5696800651783223,0.20883066959344226,0.23066688091703147,0.47844658268299534,0,0,0,0,0,0,0.19534557383768184,0,1,1,0.2777657820315187,0,0,0,2.552673122548401,8.075119410595406,4.545144508990763,0,Confidential,2.4697089712815354
6948,Senior,0,1,1,1,Obese,0,0.8023701226199946,0.9808004342865547,0.08112407746959444,0.0037315515455511594,0,0,0,0,0,Normal,Stage 2,Diabetes,Diabetes,0.8459595544636697,0.9377956310982923,0.35929144158347515,0.25967039001891595,0.1987413066505449,0.3849600012936014,1,1,1,0,0,0,0.40453776853174667,0,0,1,0.8802848291733562,0,0,0,3.3437720843366407,7.037836438914096,0.2099804144905781,1,Confidential,1.8078347558378098
6949,Young adult,1,0,0,2,Normal,0,0.05224703350411341,0.3873876275896849,0.471765772626493,0.9308604195896916,0,0,0,0,0,Stage 2,Stage 1,Prediabetes,Diabetes,0.7736171793236154,0.3479240315644408,0.4584048457824461,0.09959997932827369,0.22770649847398156,0.26019893225592405,0,0,0,0,0,0,0.9265220175205878,0,0,0,0.2521193258812868,0,0,0,3.281609891506404,6.633545660881511,5.826075367692912,0,Confidential,2.013139057754317
6950,Young adult,1,0,1,1,Overweight,0,0.13317072719219628,0.06926382296419124,0.6488146661351228,0.16533189678939308,1,0,0,0,0,Elevated,Stage 2,Prediabetes,Normal,0.9767382684791477,0.5696583180409323,0.09993061077435161,0.6777046762003331,0.976174048017387,0.3835180912431244,0,0,0,0,0,0,0.12378525468101355,0,0,0,0.5318624254902651,0,0,0,3.86616570122888,9.205445655586871,7.773653460517552,0,Confidential,0.10236966550925118
6951,Senior,1,0,1,2,Obese,0,0.9539154732078583,0.48871735041848374,0.2672747391199731,0.18406638923256036,0,0,0,0,1,Normal,Stage 2,Normal,Normal,0.7218227113390572,0.6511252195728701,0.42732665941382986,0.7110929211701267,0.5110535084339564,0.22054754390536538,0,1,0,1,1,0,0.6075031253391351,0,0,0,0.1122536989919833,0,0,1,0.5192527373041353,7.719328411970336,7.600440873509637,0,Confidential,0.836168135746305
6952,Senior,0,1,1,1,Normal,0,0.7648736170999759,0.5664992910268568,0.4682921639928944,0.7889769914930748,0,0,0,0,1,Normal,Stage 2,Diabetes,Diabetes,0.06896791177201357,0.8931693349845128,0.7117447553677556,0.1776129890987433,0.4106574955947504,0.5954293299953561,1,1,0,0,1,0,0.40247328763245654,0,0,0,0.07046184418866966,0,0,1,3.082964846689164,1.0761288963956317,7.655803954857056,1,Confidential,1.7331834022338837
6953,Senior,1,2,1,1,Overweight,1,0.2829584767491502,0.026359715747718573,0.8626448937909937,0.7167678515117243,0,0,0,0,0,Normal,Stage 2,Diabetes,Diabetes,0.267076270181063,0.185205500722451,0.36794833951706774,0.2676035383473508,0.5604113533156432,0.9000820187539222,0,0,0,0,1,0,0.9723223933694453,0,0,0,0.9168898347143143,0,0,0,3.822331082279497,8.022421635617254,5.881788235513957,1,Confidential,0.6565683177903543
6954,Senior,0,0,2,3,Underweight,0,0.750900524579822,0.19893832585606114,0.6142970067580757,0.504882896321219,1,0,0,1,1,Stage 2,Stage 2,Prediabetes,Diabetes,0.6391584515768267,0.607777280185136,0.17395262139519385,0.2416874868054702,0.16728674450515535,0.6359325667672117,1,1,0,0,0,0,0.4503335938111651,0,0,1,0.4277493050461379,0,0,0,1.2308250186134964,8.063729505713916,2.652245627855629,0,Confidential,1.0398470118463754
6955,Young adult,1,3,1,2,Underweight,0,0.6285700348964475,0.9755714933086657,0.15242935985640702,0.08269925665498656,0,0,0,0,0,Stage 2,Normal,Diabetes,Diabetes,0.7842988800210183,0.6377267135214195,0.34647764670175407,0.45749047004725457,0.5620752058998377,0.5929071818449482,0,1,0,1,0,0,0.3841770594789276,0,0,0,0.7727309782945955,0,1,0,2.9472723298401875,9.547156548383631,4.100219679539911,1,Confidential,0.6164257790860405
6956,Senior,1,2,1,1,Normal,0,0.08198177829817903,1.0,0.7457765441381606,0.6834241141634257,0,0,0,0,0,Stage 2,Stage 1,Prediabetes,Diabetes,0.7303577816506333,0.08279979388015342,0.1253440057143982,0.7816016658836544,0.49786858140096624,0.3526667193499875,1,0,0,0,0,0,0.2589683003840007,0,0,0,0.28908018019682064,0,1,1,1.3248054733148191,3.9397338300427176,1.9629143900393695,0,Confidential,0.2517612285589286
6957,Senior,1,0,0,2,Underweight,0,0.6694149220292487,0.7993769662129564,0.5645807540216632,0.503120863968047,0,0,0,0,0,Normal,Stage 2,Prediabetes,Diabetes,0.2981087001674582,0.5879351949531046,0.03647753989344138,0.5545564502819669,0.840237998404554,0.8634349985598819,1,0,0,0,1,1,0.5300644130898104,1,1,0,0.9321978550791002,0,0,0,0.9109428993657702,5.930487343600412,8.137454245076995,1,Confidential,0.043413342365740445
6958,Senior,1,1,1,2,Obese,0,0.7500831403063785,0.16092969680520142,0.8685467113856618,0.16300393822033932,0,0,0,0,0,Normal,Stage 1,Diabetes,Prediabetes,0.8364354947179319,0.206129964112858,0.8284483510348963,0.18624734903701307,0.35668638427033006,0.11696701511318139,1,1,0,0,1,0,0.5943908647672592,0,0,0,0.09773969252910428,0,0,0,2.8187662402327955,9.18867226072658,3.238078967781035,0,Confidential,2.3226239844552667
6959,Middle-aged,1,0,1,1,Normal,0,0.1570833778012748,0.4106717579316274,0.3780126155116738,0.6627235429542903,1,0,0,0,0,Stage 1,Stage 2,Diabetes,Diabetes,0.8234523695129929,0.36770070086910817,0.9240650878475816,0.6147358311219526,0.26593429649466094,0.7087986326879652,0,1,0,0,0,0,0.03864394182833592,0,0,0,0.313588834656901,0,0,0,1.9213498565999891,6.40017487532365,7.872416549487897,1,Confidential,3.4747871937839117
6960,Young adult,1,0,2,1,Overweight,0,0.9628364433597775,0.5891086014826655,0.9418982117998429,0.12307715689668353,0,0,0,0,0,Stage 2,Normal,Normal,Normal,0.9113985879984674,0.37737677427784116,0.3217104796829713,0.4353797734433444,0.17398692588949505,0.2990697427796899,0,0,0,0,0,0,0.3951119863350482,0,0,0,0.33988395675704663,0,0,0,2.0878647359233358,0.7072093425544201,1.9351253230059464,0,Confidential,1.8490497377216748
6961,Senior,0,0,1,2,Obese,1,0.2490118810644381,0.2822146296095512,0.988535289152877,0.40544949222909576,1,0,0,0,0,Normal,Stage 2,Diabetes,Normal,0.14154801795540162,0.6097930843638566,0.0913787312958616,0.7267727146244778,0.9977996558281266,0.7420205770799176,0,1,1,0,1,0,0.22425097679458986,0,1,0,0.2881613148206279,0,0,0,2.001604528579287,4.938243793011293,9.263540639145658,0,Confidential,0.091580239341756
6962,Middle-aged,1,0,1,3,Underweight,0,0.0884460718451203,0.7882816400241741,0.975175612617847,0.42885323458226654,1,0,0,0,0,Normal,Stage 2,Normal,Diabetes,0.3151790524481975,0.6569470283867013,0.8218203026339432,0.30837255224275945,0.9969938318564457,0.42905759690259926,0,1,1,0,1,0,0.48914684995644453,0,0,0,0.9299491826991206,0,1,0,1.120070705774853,4.402497662331247,8.02994303476844,0,Confidential,0.8242982818696863
6963,Senior,0,0,1,2,Obese,0,0.6105403215777031,0.46026285755520296,0.17379565715286446,0.9581715973803627,0,0,0,0,0,Stage 2,Normal,Diabetes,Diabetes,0.7567634214440536,0.8127465274641009,0.3110558801181762,0.3723608013011486,0.9473953480252608,0.04798747349904203,0,1,1,0,0,0,0.5599440345641672,0,0,0,0.30770832254672875,0,0,0,2.3646343064521496,4.402247857827596,1.938195949150714,1,Confidential,0.3283274303241379
6964,Middle-aged,1,1,0,1,Normal,0,0.4389644851956665,0.28008260807766266,0.17276492152531758,0.10424057470650594,0,0,0,0,0,Stage 2,Stage 2,Diabetes,Normal,0.5074397381106114,0.6200727207820178,0.8888554346218216,0.16523059900436732,0.5038898309875076,0.7858906492531949,0,0,0,0,0,0,0.7906185654049279,0,0,0,0.17808217038783067,0,0,0,0.9614723011283606,8.020520520539083,6.277069535692961,0,Confidential,1.7639876416633977
6965,Middle-aged,0,1,1,1,Obese,0,0.8110541898557696,0.9445843092186451,0.027400821405604025,0.6738248744385343,0,0,0,0,1,Normal,Stage 2,Diabetes,Diabetes,0.8657878003286149,0.31160799832294156,0.34647704469764373,0.3766728988405103,0.862302084183711,0.8395403228124988,0,1,1,0,0,0,0.5496317916909735,0,0,0,0.9057729687427201,0,0,0,3.4238815866442947,7.333906446945892,4.610131572731345,1,Confidential,0.40180471676075386
6966,Senior,1,1,2,0,Overweight,0,0.09386301969878622,0.3907763357955873,0.95731316596923,0.8715537352792512,0,0,0,0,0,Normal,Stage 2,Diabetes,Diabetes,0.911972584938364,0.09856005100713434,0.2448907160924585,0.5717303889449064,0.7983655715384508,0.8708239470483883,1,1,0,0,0,0,0.05212175455134763,0,0,0,0.03843409021916267,0,0,1,3.3991078015201723,7.7304274284974355,5.943202192899816,1,Confidential,0.30674007600372094
6967,Middle-aged,1,1,0,2,Obese,0,0.7451367717309004,0.22346819480819394,0.4909412788065563,0.4215055414719443,0,0,0,0,0,Normal,Stage 2,Diabetes,Diabetes,0.7181208807854356,0.2760628566231231,0.5824241671933377,0.33272429922672225,0.39640408067995214,0.7151537085012322,0,1,0,0,0,0,0.22858695566268641,0,0,0,0.019907083290760696,0,1,0,1.8725635719835272,8.0373619252087,8.49184999744746,1,Confidential,1.469268848580734
6968,Senior,0,0,0,2,Normal,1,0.2687532790209867,0.31987509459591895,0.8896841576633746,0.09504164281970373,1,0,0,0,0,Normal,Normal,Diabetes,Diabetes,0.6260961369637366,0.42757205521222497,0.2825939927684986,0.16522675011964216,0.5015246515833461,0.5266634831823376,1,0,0,0,0,0,0.7981637685592066,0,0,0,0.2359529276797969,1,0,1,2.933339751321254,1.3828535871185654,3.276937080033523,1,Confidential,0.5634697953058357
6969,Senior,1,0,1,1,Overweight,0,0.07753234596273634,0.8008145205096763,0.11931865153141952,0.9679511799277373,0,1,0,0,0,Normal,Stage 2,Diabetes,Diabetes,0.23980857607292305,0.47773562758045895,0.2526809821991407,0.05241758283842246,0.6200999030069545,0.01959643373812303,1,1,1,0,1,0,0.5011016224894133,0,0,0,0.8447904647607122,0,0,0,2.090634690723511,4.410359715910412,9.05822933153572,1,Confidential,0.4074843117598534
6970,Senior,1,0,0,2,Underweight,0,0.2887024996393466,0.7807987672550434,0.23928957814321275,0.8175452300275735,0,0,0,0,0,Stage 2,Stage 2,Prediabetes,Diabetes,0.7206827655483402,0.6341910882322193,0.4385854697963787,0.5564245740392142,0.6729604670407024,0.5893425493935739,1,1,0,1,0,0,0.7775094253644478,0,0,0,0.0019326105189385048,0,0,0,0.6805056960269646,1.3683173515995917,3.1969383078031965,0,Confidential,0.6517254597807628
6971,Senior,1,1,1,3,Normal,0,0.12022605284578713,0.010464413756173645,0.8843265695988635,0.6342728011687199,0,0,0,0,0,Normal,Normal,Normal,Normal,0.2513528820600515,0.20930888735903191,0.5515667136412288,0.30425915326721537,0.09358135969828318,0.36809788254156306,0,0,0,0,0,1,0.9131125181706542,0,0,0,0.6519456262898139,0,0,0,3.3333523790982684,0.126675302681688,4.033809357330929,0,Confidential,5.893980547189545
6972,Young adult,1,3,1,3,Obese,0,0.2285610874153248,0.8968597651732529,0.128840446535722,0.12204611778522256,0,0,0,0,0,Normal,Stage 2,Diabetes,Normal,0.9891774215632945,0.056726218061749836,0.1970301610758216,0.7342800044715596,0.6796016649239092,0.7484375041891139,1,0,1,1,1,0,0.8936058733833853,0,0,0,0.005862310314044201,0,0,0,1.7764742874127477,0.4512678584799767,1.3544877340929884,1,Confidential,0.2899200682474518
6973,Middle-aged,1,0,2,2,Obese,0,0.15535861976014922,0.9339734584316213,0.4531777913926805,0.8429150872932404,0,0,0,0,0,Normal,Normal,Diabetes,Diabetes,0.7076908738271717,0.7790536048126718,0.16241915623282366,0.4766561324986816,0.9193821565302027,0.27236485954335365,0,1,0,0,1,0,0.6759601480804909,0,0,0,0.7426405055878332,0,0,0,2.843434699399658,2.65790924331452,7.135587185608635,1,Confidential,0.17666120130697577
6974,Young adult,0,0,1,2,Overweight,0,0.49085485286917724,0.31791755738322885,0.7433818787073655,0.6939251849239844,1,0,1,0,0,Stage 2,Stage 2,Diabetes,Diabetes,0.47217809092569385,0.7125430564812872,0.5866654040968502,0.5133062891228346,0.2594682035609278,0.2851655041607849,0,0,0,0,0,0,0.846507691048806,0,0,0,0.09752654967050105,0,0,1,3.4551049230751225,7.56513002923408,5.379614280225976,1,Confidential,2.2610300454756516
6975,Senior,0,0,1,3,Obese,0,0.8557562322189859,0.5923077129418007,0.26041363175321264,0.7245581581017365,0,0,0,0,0,Normal,Normal,Normal,Normal,0.4658306148524718,0.6308614249733091,0.6231207748469332,0.8486129603185977,0.18639791814450868,0.7504471918393139,0,1,0,0,1,0,0.8666622221237495,0,0,0,0.5397174313937366,0,0,0,2.882891728001949,6.621123711262529,9.12496529445961,0,Confidential,3.3429599485325068
6976,Senior,0,0,1,1,Obese,0,0.03684222211880403,0.7455384013364003,0.14986126548862147,0.18868942892679896,0,0,0,0,0,Stage 2,Stage 2,Diabetes,Diabetes,0.9553973088466357,0.8972419745195047,0.941368477233159,0.3804965163361396,0.9288785578123417,0.6917992780668891,1,0,0,0,0,0,0.270906117987966,0,0,0,0.7796360350967149,0,0,0,1.2740316816432844,2.2491168864335687,7.373577836682284,1,Confidential,1.0134462350495343
6977,Senior,0,0,1,1,Underweight,0,0.7644892732979801,0.12525812748570164,0.5006817573108551,0.2565588002709349,1,0,0,0,0,Stage 1,Stage 1,Diabetes,Normal,0.5069762489166217,0.9207509021476651,0.9209581831661895,0.40711107937024543,0.6968023096733794,0.12271221368287336,0,0,0,0,0,0,0.9602299559904591,0,0,0,0.9675235815790654,0,0,0,1.3357847091122306,0.7550513997150254,8.506119357666478,0,Confidential,1.3216922079346742
6978,Middle-aged,0,0,2,3,Normal,0,0.02741113529783985,0.8061320250732879,0.9695888135656621,0.05284431831392544,0,0,0,0,0,Stage 1,Stage 1,Diabetes,Diabetes,0.432677228907148,0.2665134915362859,0.899841522790126,0.9061912042218339,0.34959029263446395,0.7028944923489102,0,0,1,0,0,0,0.8617705213098544,0,0,0,0.605321370023695,0,1,0,3.873658563053133,1.7222555279713958,2.8359020586420893,1,Confidential,2.5739888713987025
6979,Middle-aged,1,1,2,2,Overweight,1,0.9902759113564295,0.6096946581085221,0.5260706008910541,0.5246490764481148,0,0,0,0,0,Stage 1,Normal,Diabetes,Prediabetes,0.6919793535394599,0.5541952010821307,0.011620370407079639,0.10386167655545364,0.8402420503780326,0.4381733102918932,0,0,0,0,0,0,0.016082888246559696,0,0,0,0.4704475374137372,0,0,0,2.05936432594647,7.017561087314076,2.372250672003432,0,Confidential,0.013829789168313497
6980,Young adult,0,2,0,3,Overweight,0,0.10238565222881535,0.16111071986612227,0.4221844282345138,0.6700254352473608,0,0,1,0,0,Stage 2,Normal,Diabetes,Diabetes,0.991602627651162,0.15638297709581783,0.5667753054565174,0.26333119717799186,0.6070494127895159,0.9166371516085168,0,0,0,0,1,0,0.11622145255455119,0,0,0,0.3428241699580517,0,0,0,0.5915988754088968,9.812217411519097,9.465317572538694,1,Confidential,0.933655965256715
6981,Senior,0,0,0,3,Underweight,0,0.6695792505870849,0.03749666170361135,0.07071044353508825,0.3835214419395193,0,0,0,0,0,Stage 2,Stage 2,Normal,Diabetes,0.5829290059752087,0.16868465335537336,0.8961957450319766,0.266197629139925,0.5509947621588317,0.9312232971452696,0,1,1,0,0,0,0.8551857707382794,0,0,0,0.9454944765362073,0,0,0,1.5469171486526283,8.278973384382569,3.9422079258422023,0,Confidential,1.626505017072442
6982,Young adult,0,0,2,2,Normal,0,0.1988194690059381,0.5729130539656574,0.3707411566569182,0.7637021889861199,1,0,0,0,0,Stage 2,Normal,Prediabetes,Normal,0.5094947568444976,0.10922678521500707,0.20431565216948355,0.7566312613428403,0.3356400829217048,0.1423025365152397,0,1,0,0,0,0,0.3011941479759238,0,0,0,0.4321188511416694,0,0,0,2.770207129402652,6.5146846273783146,8.221100005143004,0,Confidential,0.6087343632826612
6983,Senior,1,0,0,3,Overweight,0,0.836672204805182,0.21299142556046918,0.20420296010049555,0.7704285829995444,0,0,0,0,0,Stage 2,Normal,Diabetes,Diabetes,0.17999831229645014,0.5272647537138636,0.05031054385469025,0.706381753781101,0.8542329639450694,0.9962702171387814,1,1,1,1,0,0,0.7229689478395954,0,1,1,0.6574824302810771,0,0,0,2.585497153586649,5.270112444763489,5.476451857548943,1,Confidential,0.0588955776447014
6984,Middle-aged,1,0,1,1,Obese,0,0.20955531035134173,0.6246794935277213,0.8448138519192626,0.5405925734123657,0,0,0,1,1,Stage 1,Normal,Diabetes,Diabetes,0.6477921041100171,0.5275013043940083,0.5277297258850604,0.6974822870254058,0.27809151255927633,0.43497001069646457,0,0,0,0,0,0,0.16237776373177504,0,0,0,0.5151834855001142,0,0,0,1.2574723376793455,9.17709022084886,9.607816156259036,1,Confidential,1.897683683433426
6985,Senior,0,0,1,2,Obese,1,0.8186510663202056,0.44412826932591476,0.1810640177943945,0.5787180937400315,0,0,0,0,0,Stage 2,Stage 1,Normal,Diabetes,0.8498311061052957,0.4533965093906752,0.5633791496388134,0.4233490803506739,0.9038226466083161,0.06998507842451232,1,0,1,0,0,0,0.2310950715870981,0,0,0,0.7557011797300714,0,0,0,2.2053735850608005,4.632143597795184,2.060656527678116,0,Confidential,0.6233293132817034
6986,Senior,0,0,0,2,Obese,0,0.22911721569787982,0.9697022179514502,0.6795084763547045,0.1410919904440715,0,0,0,0,0,Elevated,Stage 2,Prediabetes,Normal,0.9305038065302045,0.2175541728399802,0.6999416405250747,0.7371210024809298,0.5988574533132309,0.1856691594273999,0,0,0,0,1,0,0.010611025704554125,0,1,1,0.13422573773893715,0,0,1,3.1438007882833823,3.632637112968472,1.0685101379684503,0,Confidential,1.1687950724376672
6987,Middle-aged,0,2,2,2,Normal,0,0.300862975502761,0.7258917490683894,0.6931806530750328,0.8826718465467421,1,0,0,0,0,Normal,Stage 2,Diabetes,Diabetes,0.1452482174822211,0.24028833259423482,0.6930468153426652,0.4352932728213538,0.47660749298619176,0.08934366651022568,0,0,1,0,0,0,0.8066097280673246,0,0,0,0.6854450598859484,0,0,0,0.7859783950127532,1.1328989723995595,6.007023167719061,1,Confidential,1.4541248837704366
6988,Middle-aged,1,0,1,3,Overweight,0,0.35643197087014716,0.032146028653128336,0.8349437299830406,0.4211324402375437,1,0,0,0,0,Stage 1,Stage 2,Prediabetes,Diabetes,0.09492299146235107,0.27527739299455994,0.9658356310755398,0.07575613552609883,0.5848227387043963,0.4045849542722251,1,1,0,0,1,0,0.5231054035270079,0,1,0,0.27517919950585035,0,0,0,1.987169923339076,1.1351636398305531,5.3285617742477545,0,Confidential,1.6515015014895476
6989,Senior,1,1,2,2,Obese,1,0.3320416046109228,0.0692987441469105,0.5452288274415197,0.7133840292387218,1,0,0,0,0,Stage 2,Normal,Prediabetes,Normal,0.006680826724445865,0.07660044924562413,0.413273630418042,0.22414649448581908,0.9813772173029562,0.8200067234347871,1,1,0,0,1,0,0.20624933550268437,0,0,0,0.6473178371653079,0,0,0,0.9477996539359096,5.889568843673317,9.922452211469698,0,Confidential,0.4211159818380645
6990,Middle-aged,1,0,1,1,Obese,0,0.3381927305258726,0.8298105014858482,0.2905477093453592,0.7381649690421187,0,0,0,1,0,Normal,Stage 1,Diabetes,Diabetes,0.1471933786003516,0.4644907038228976,0.5317113401805893,0.9968275031271574,0.43291062353626353,0.5788957105547958,0,0,1,0,0,0,0.48554712485911444,0,1,0,0.46550280547255,0,0,1,0.9998735126466504,4.987068405327099,1.4627999018939186,1,Confidential,1.2282242829646095
6991,Senior,0,0,1,2,Obese,0,0.04100330387829902,0.8374796356288423,0.8319404957461364,0.1822770534529382,0,0,0,1,0,Normal,Stage 2,Diabetes,Diabetes,0.911407045690888,0.23270114132906766,0.5896722208370682,0.29704751057847617,0.9141818922269278,0.35248403181932253,0,1,1,0,1,0,0.20949139994287977,0,0,0,0.3747032580507769,1,0,0,2.7096392944836603,5.642439982133688,7.383934519482429,1,Confidential,0.6450272378515823
6992,Senior,1,0,1,0,Normal,0,0.07815909953190482,0.961759286268478,0.5631922700009202,0.944297405479653,0,0,0,0,0,Normal,Stage 2,Normal,Diabetes,0.7010267982313892,0.12536089059735422,0.7286683737613926,0.19966098142760497,0.90314452195421,0.04368000991594359,0,0,1,1,0,0,0.8340888792476815,0,0,0,0.5138363432175668,0,0,0,1.1718990664396416,1.2521139480720556,8.91555157442639,0,Confidential,0.8068125931658328
6993,Senior,0,0,2,1,Overweight,0,0.8864250715089098,0.847834642536196,0.6268716507213763,0.24525662061175013,0,0,0,1,1,Stage 1,Stage 1,Diabetes,Diabetes,0.38660669255994967,0.642748986711106,0.7739019152366773,0.5199822559908338,0.27417216824067325,0.08611451059072386,0,0,0,0,0,0,0.03561268083485479,0,0,0,0.20600581749266408,0,0,0,0.2877449400051315,0.6467245823559253,2.810666685745046,1,Confidential,2.822685906460543
6994,Middle-aged,0,1,1,2,Overweight,0,0.8263620985934643,0.9100789936871724,0.686825377815086,0.77628788404079,0,1,0,0,0,Stage 1,Stage 2,Diabetes,Diabetes,0.7972837153490159,0.6589524523637504,0.9616391557721231,0.5500866187710785,0.5980718791457662,0.3531751367609053,1,1,0,0,0,1,0.11212905879253819,0,0,0,0.01497860912455037,0,0,1,1.5024784656078167,3.1788296065323878,8.994797716871625,1,Confidential,1.6078989654983356
6995,Senior,1,0,0,2,Obese,1,0.9074096120712142,0.41769193849712755,0.13251017825142605,0.5777847142046789,0,0,0,0,0,Stage 2,Stage 2,Prediabetes,Diabetes,0.7758008036897993,0.6621894079972103,0.9882900193445139,0.6476681800934418,0.5288059975233185,0.8032481004529833,0,0,0,0,0,0,0.7772991580303199,0,0,0,0.17396086189351193,0,0,0,1.804569309066188,7.368232621236277,8.292587847414683,0,Confidential,1.8689084919104644
6996,Senior,0,0,0,3,Normal,0,0.7162531814226469,0.959026225152964,0.9666251318835551,0.7190720841215833,0,0,0,0,0,Stage 2,Stage 1,Diabetes,Diabetes,0.054310964780008616,0.3639840029155411,0.23840310034517254,0.3301697878701752,0.8783603406553491,0.8540316737169029,0,1,0,0,0,0,0.7954920767256449,0,0,0,0.586343453288189,0,0,0,1.910382969505032,6.092434977129796,9.27336553189657,1,Confidential,0.27141833403737103
6997,Senior,1,3,2,2,Overweight,0,0.9766336469863544,0.7775327954427196,0.030480671145790957,0.9489561337522711,0,0,0,1,1,Stage 2,Stage 2,Prediabetes,Diabetes,0.9737657132338062,0.29987999605286314,0.016136768074610952,0.6414433915965307,0.2621088564501691,0.4798319785687566,0,0,0,1,0,0,0.7622035786141114,0,0,0,0.7681776024955527,0,0,0,2.1671169046797263,8.459624444810416,3.855632429814001,1,Confidential,0.0615651385960657
6998,Middle-aged,0,0,1,3,Overweight,0,0.2751890866882568,0.19765885686243115,0.42255331369933774,0.31470578901435653,1,0,0,1,0,Stage 2,Stage 1,Normal,Prediabetes,0.04260514064442168,0.3765929712509855,0.02392428180360584,0.44179180975899995,0.2574584687940745,0.6392030156604593,0,1,0,0,0,0,0.2879345709559905,0,0,0,0.2355393518343645,0,0,0,1.447816966391616,9.382577903623156,1.0783921605001978,0,Confidential,0.09292481974147616
6999,Middle-aged,0,0,0,0,Underweight,0,0.9524212890412581,0.07021295260585333,0.06748898666012172,0.2707449769526006,0,0,0,0,0,Stage 2,Normal,Normal,Diabetes,0.23119710122388348,0.7796198982261625,0.09867388104898467,0.47787279865674054,0.8953542937396979,0.10526447165712105,0,0,1,1,0,0,0.6683609034479729,0,0,0,0.5323369391379172,0,0,0,3.71047138554492,9.01883747889154,2.292745722216379,0,Confidential,0.11020652018861224
7000,Middle-aged,1,1,0,2,Overweight,0,0.3446130595370199,0.9904116167659678,0.5582548262790251,0.3694024417937861,0,0,0,0,0,Stage 1,Normal,Diabetes,Normal,0.04167416396786906,0.3392732257981029,0.47591152307972373,0.62765973873725,0.1139279183642462,0.7381545562153468,0,0,0,0,0,0,0.8787656950770132,0,0,0,0.6499390276899603,0,0,0,2.2933971530950528,9.651186593129792,7.579085457232949,0,Confidential,4.177303771654606
7001,Middle-aged,1,3,1,2,Obese,0,0.3887475529503151,0.149669727311566,0.9873283650067533,0.8589293476907215,0,0,0,1,0,Normal,Normal,Diabetes,Diabetes,0.2832817105701293,0.9370101474444089,0.6782062029968041,0.7751211435598162,0.8773380025620103,0.06707221830998591,0,1,0,0,0,0,0.8750195704920081,1,0,0,0.09956219245346412,0,0,0,1.2765374310122182,0.3141089558305232,3.7535462176107592,1,Confidential,0.7730272722899273
7002,Young adult,0,1,2,1,Normal,0,0.26239422053196415,0.3369714880737572,0.6467980688741186,0.647115838259302,0,0,0,0,0,Stage 1,Normal,Diabetes,Diabetes,0.49530058767866825,0.23762342458429375,0.8590262476734378,0.41019867890555756,0.83056689482525,0.2569610605303896,0,0,0,0,0,0,0.008922681495235077,0,0,1,0.7258616816193005,0,0,1,0.5374854223032282,6.993337837512311,6.037263312283077,0,Confidential,1.0342649737492555
7003,Senior,0,1,1,0,Normal,0,0.44976524831432996,0.07110609715620189,0.37548179469323756,0.4500555191011225,0,0,0,0,0,Stage 2,Normal,Diabetes,Diabetes,0.7188948644919408,0.5542937414837746,0.41187258342838473,0.6166876761205569,0.8577595850067055,0.586926360193495,1,0,0,0,1,0,0.5899166991516777,0,0,0,0.618856933476826,0,0,1,1.8026229607114868,7.440666771664483,8.790643983358935,1,Confidential,0.4801725222635256
7004,Senior,0,0,2,1,Normal,1,0.4794062042916206,0.89354833950035,0.6935697293688485,0.9333822356444733,0,0,0,0,0,Stage 2,Normal,Normal,Diabetes,0.9071143906492187,0.3445021249569418,0.24982686697609036,0.3842079732759935,0.4621117731471831,0.490015793308049,0,0,0,0,0,0,0.31138431503284136,0,0,0,0.4006245083140005,0,0,0,2.7967147321302,0.5991244790482386,9.226828817177395,0,Confidential,0.5406200003835874
7005,Senior,1,0,2,2,Underweight,0,0.1631789148697855,0.47031204812310967,0.2889820146370509,0.46395628472366035,0,0,0,0,0,Stage 1,Normal,Prediabetes,Diabetes,0.04891389810559986,0.6306593797798704,0.5471769132964659,0.07670124254436778,0.8923599093339645,0.29713170693950774,1,1,0,1,0,1,0.12483136548905786,0,0,1,0.7735372115056612,0,1,1,3.271357146693587,1.49399245526614,5.048909144828807,1,Confidential,0.6131796235723603
7006,Young adult,0,0,2,3,Underweight,0,0.4090209036091203,0.8335488570307956,0.08453133644017174,0.9332100231402735,0,0,0,0,0,Normal,Normal,Diabetes,Diabetes,0.846294346559716,0.46365434698528585,0.2165107633216239,0.31035106849788435,0.2752648331672657,0.666358378275158,0,1,0,1,0,1,0.05632262068082717,0,0,0,0.8234373283021641,0,0,0,1.2216763905925268,1.8726840259783797,5.590129039053499,1,Confidential,0.7865543913851877
7007,Young adult,0,0,1,3,Obese,1,0.9015547126454924,0.7552626868951089,0.3181386190723168,0.11973324008110409,0,0,0,1,0,Stage 2,Normal,Diabetes,Diabetes,0.01994616784777488,0.8662391067825664,0.9377885516265385,0.021118631687174483,0.0019817138202156692,0.24040683746540412,0,0,1,0,0,0,0.7664874533988735,0,0,0,0.0968287116564167,0,1,0,1.7783497694446058,0.5175817310477682,3.543493272928578,1,Confidential,473.22097775171153
7008,Young adult,1,0,0,1,Normal,1,0.8053834492329769,0.27118438392384525,0.9570604641191699,0.7667426440899746,0,0,0,0,0,Stage 2,Stage 2,Normal,Prediabetes,0.3884749478009199,0.8931195995660707,0.15509292295368038,0.4875591255259038,0.25557055055393296,0.9613379769286066,1,1,0,1,0,0,0.8192788946757108,1,0,0,0.012271379618591602,0,0,0,2.145526419445265,4.143043119856847,2.1246041305560914,0,Confidential,0.6068497431238705
7009,Senior,0,1,1,2,Underweight,0,0.6601606900540435,0.4978246198263128,0.6371300377320461,0.077153393024043,1,0,1,1,0,Normal,Stage 1,Diabetes,Diabetes,0.06210621758740652,0.8145268769666876,0.8522039079574848,0.7832491002984598,0.9877382523696421,0.9463300804236927,0,1,0,0,0,1,0.8117141946863522,0,0,0,0.25531344821131896,0,0,0,2.0287268412836523,3.8712315090655713,6.193102392079664,1,Confidential,0.8627831370436424
7010,Young adult,1,1,1,2,Obese,0,0.2091851327527276,0.3050818229622878,0.7637872517464495,0.7518799524241503,0,0,0,0,0,Stage 2,Stage 2,Diabetes,Normal,0.9652364977464265,0.814793872234095,0.4607901556107974,0.4867013494419548,0.31911437029392176,0.73024449084366,1,0,1,0,0,1,0.5768970646438831,0,0,0,0.5791205310981987,0,0,0,3.911424833540301,6.243371443596185,1.1690595159432349,0,Confidential,1.4439655449749396
7011,Young adult,1,0,1,3,Obese,1,0.6086831658107809,0.9226558495418136,0.5012909802416312,0.0855937494715957,0,0,0,0,0,Elevated,Stage 1,Diabetes,Diabetes,0.7738847742833104,0.8968375682248192,0.9013373833679625,0.0641327171651776,0.005684069792599888,0.3537929317504226,0,0,1,0,1,0,0.9180751963799298,0,0,0,0.18964856046149164,0,0,1,3.478873636602376,0.9725421531990108,8.484928289638397,1,Confidential,158.5725397920724
7012,Senior,1,1,2,1,Normal,0,0.8729694544742076,0.07273729202477254,0.9843645206963997,0.7630049458284153,0,0,0,0,1,Stage 2,Normal,Prediabetes,Normal,0.046796655043603544,0.528904307914433,0.5154195269191149,0.6213088832254834,0.0689938770415165,0.9869403153495984,0,0,0,0,0,1,0.47150459527238314,0,0,0,0.562915419951169,0,0,0,0.6904654148494629,0.8284567519769459,4.02869670544932,0,Confidential,7.470511138386461
7013,Middle-aged,0,3,1,3,Overweight,0,0.4372174278421108,0.7235314789844333,0.3324066266257014,0.3499136368630321,0,0,1,0,1,Normal,Stage 2,Diabetes,Diabetes,0.9243275782368543,0.35992833483683706,0.5577825277842998,0.021451270760108943,0.9014852660549006,0.2587401379495803,1,0,0,0,0,0,0.998969416244745,0,0,0,0.08401610088968686,0,0,0,0.4236906456725831,9.413505605341106,1.2120176090662893,1,Confidential,0.6187372648088635
7014,Young adult,1,1,1,1,Obese,0,0.5986349448085093,0.6053929330006417,0.3625930058307059,0.281167364283192,1,1,0,1,0,Stage 1,Normal,Normal,Prediabetes,0.5923895148685904,0.6572232739032985,0.8523172366326912,0.621894279451255,0.6381648288773166,0.7527611100632814,0,0,0,0,1,0,0.6847476894685628,0,1,0,0.15790598039093892,0,0,0,3.5948472152798376,7.841805686590591,4.475727580838971,0,Confidential,1.335575384391082
7015,Middle-aged,1,0,2,2,Underweight,0,0.9661699775560499,0.2572725822581567,0.4728351608250496,0.6297518049377199,0,0,0,0,0,Stage 2,Normal,Diabetes,Diabetes,0.1651438779149612,0.1894002060849428,0.9558382087599635,0.8688944782490631,0.5624310609052232,0.7286990391701935,0,1,0,1,0,0,0.6151581039193497,0,0,0,0.2909868600088612,0,0,0,1.2451068962103975,9.126769023004368,5.275453441378702,1,Confidential,1.6994762117539493
7016,Senior,0,2,0,2,Obese,0,0.44562992242434757,0.7897128538102952,0.2887896229790237,0.022148311734523474,0,0,0,0,0,Stage 2,Stage 2,Diabetes,Diabetes,0.5014970183468763,0.13554245336001103,0.1288368513874456,0.08370427052309298,0.3246203067082968,0.3439286296038231,1,1,1,0,0,0,0.02678502828235542,0,0,0,0.4414845418054391,0,0,0,0.6460433238967416,4.33146507322261,8.627441219693418,1,Confidential,0.39688475651407157
7017,Middle-aged,1,0,1,2,Obese,1,0.44680616405595797,0.6852400027392288,0.7119007657296992,0.953573635488293,1,0,0,0,0,Elevated,Stage 2,Prediabetes,Normal,0.5023328817478646,0.251120099452609,0.103732271670683,0.3828206826124528,0.5954243100841129,0.7494830019753346,0,1,1,0,0,0,0.7094077096832885,0,0,0,0.024764876463367246,0,0,0,2.696026792878243,2.751301665735423,5.419853012654877,0,Confidential,0.17421571459860147
7018,Young adult,1,0,1,1,Obese,0,0.8461978803269892,0.6092936622119961,0.02107969987172224,0.850318862160048,0,0,0,0,0,Stage 2,Stage 2,Prediabetes,Normal,0.37028009266584583,0.38521613995921433,0.6381826490536613,0.7544583954168067,0.9533529193531072,0.7498823677686347,0,0,1,0,0,0,0.6571682094382045,0,0,0,0.10545651735003647,0,0,0,2.038994294984908,9.976061569850147,8.869970942994108,0,Confidential,0.6694086062973373
7019,Senior,1,0,2,3,Obese,0,0.10820167900923014,0.8435773729764693,0.06265328831191833,0.5946397994135942,1,0,0,0,0,Stage 2,Stage 1,Prediabetes,Normal,0.9600224968860467,0.8921784181404312,0.02658943314708484,0.3079890130445729,0.7272190272779289,0.158897971115297,1,0,1,1,0,0,0.4767215648988672,0,0,0,0.7531188324646901,0,0,0,3.307463563968746,0.7940833761908839,3.523809757983958,0,Confidential,0.036563170310067915
7020,Senior,0,0,0,3,Obese,0,0.4597263713202225,0.4569486238555446,0.3456264183170661,0.47680065812455685,0,0,0,0,1,Stage 2,Stage 2,Prediabetes,Diabetes,0.37739853723209776,0.37078478904160866,0.5887063684145737,0.39019849019515845,0.10512815055117253,0.7171212011061197,1,0,0,1,0,0,0.17371520100960064,0,0,0,0.2218846760615923,0,0,0,3.340304925185488,0.0911564202815506,8.311052775867743,1,Confidential,5.5998927530643945
7021,Senior,0,0,2,2,Overweight,1,0.4825795629434153,0.5561607459492134,0.9400115322674302,0.6640405828051347,0,0,0,1,0,Stage 1,Normal,Diabetes,Normal,0.8258807918683317,0.1158830630009595,0.6843831969797181,0.29800877320655533,0.5721194019021408,0.4370453449642755,1,1,0,0,0,0,0.993026882824248,0,1,0,0.1881401044674682,0,0,0,0.6862840584431553,3.63481861524223,2.059037815694019,0,Confidential,1.1962244152257915
7022,Senior,0,0,2,3,Overweight,1,0.5183224306268971,0.045840306952104615,0.14387629177853414,0.11703724071997046,0,1,0,0,1,Normal,Normal,Diabetes,Diabetes,0.6810939962310699,0.1146472471347988,0.9967084375325213,0.07048529761428846,0.1488995642854236,0.3189284307368552,0,0,1,0,0,1,0.3849846224402336,0,0,1,0.05601702973579746,0,0,0,0.1068859306994203,0.3131266039092062,6.400758357624756,1,Confidential,6.693830450853059
7023,Senior,0,0,1,2,Obese,0,0.7887582541112039,0.2879308757708392,0.1901288993012384,0.669894772582773,0,0,0,0,0,Stage 2,Normal,Prediabetes,Prediabetes,0.03528381058265419,0.5259019456707622,0.5804123270188297,0.13142763901704313,0.8161849929528346,0.05019312788502506,1,0,0,0,1,1,0.08248663217383276,0,0,1,0.3665779859033659,0,0,0,3.7302714066605223,5.009679709645534,7.444990841202431,0,Confidential,0.711128398623191
7024,Senior,1,2,0,2,Obese,0,0.7109642574140205,0.7254464156774787,0.559288033338576,0.6727221375545688,0,0,0,0,1,Elevated,Normal,Diabetes,Prediabetes,0.8333982989964106,0.09393412930315985,0.6290590907300031,0.6506930696086068,0.8208403946809362,0.40587975554518607,0,0,0,0,0,0,0.3390043018406941,0,0,0,0.4006401119719351,0,0,0,2.1287353973834744,1.8776201652627469,5.4841429598188265,0,Confidential,0.7663598122196713
7025,Senior,1,3,2,1,Overweight,1,0.2689244010309779,0.5923142080443211,0.866374828380452,0.14139787293676354,1,0,0,0,0,Stage 1,Stage 2,Prediabetes,Diabetes,0.05097326983618582,0.7140544232158365,0.659672639870843,0.2792982387759467,0.8258809988797424,0.8412160704504479,0,1,0,0,1,0,0.4315666707854375,0,0,0,0.8916652295683728,0,0,0,1.5765899167407809,2.108638086992898,8.628251993390402,0,Confidential,0.7987502324979616
7026,Middle-aged,1,0,2,3,Obese,0,0.9982273500849229,0.8070801368761469,0.16207020464846805,0.7140923577369204,0,0,0,0,0,Elevated,Stage 1,Normal,Diabetes,0.43790632520595596,0.5248257379085955,0.022638999660500758,0.344778086271123,0.15544658919019105,0.4363697421393171,0,0,1,1,0,1,0.29937809847481617,0,0,0,0.517343278778613,0,0,0,0.7258104745076124,1.328571852193332,7.861058261832831,1,Confidential,0.14563844583814978
7027,Young adult,0,0,2,2,Obese,0,0.08890544466479888,0.5387815185793079,0.2794281428862203,0.5033022107388453,0,0,0,0,0,Stage 1,Stage 2,Diabetes,Diabetes,0.3452104751734791,0.572249252089465,0.3751199698865859,0.681363802390051,0.8954493718803835,0.4874671780364249,0,1,1,0,0,0,0.42725139179502036,0,0,0,0.9399830278805483,0,0,0,3.86501716692451,5.061393828311287,1.7090243625245738,1,Confidential,0.41891812275088114
7028,Senior,1,0,1,3,Normal,0,0.17371053425265923,0.7181271586662831,0.07098345577283877,0.828403826772469,0,1,0,1,0,Stage 2,Normal,Prediabetes,Diabetes,0.4761858842997134,0.9915829353847331,0.5758160500948057,0.6318865332032326,0.6437542219545568,0.7096406264600547,0,1,1,0,0,0,0.7393533613840036,0,0,0,0.6655086795153768,0,0,0,3.888466159017778,9.335524823144718,9.593044918091548,0,Confidential,0.894465667885675
7029,Young adult,1,3,2,1,Underweight,1,0.0033627080927242864,0.3072870069319555,0.05233893352151948,0.1071058211138477,0,0,0,1,1,Stage 2,Stage 2,Diabetes,Normal,0.2727470755711209,0.19303682466732358,0.20273856074163765,0.26239441025762716,0.06899239535911406,0.7715171875783002,0,0,0,0,1,0,0.3583268565624824,1,0,0,0.8726081932450094,0,0,0,1.7263151463472963,6.0856584502834,9.89595547453957,1,Confidential,2.9385638762990913
7030,Middle-aged,1,1,2,2,Underweight,0,0.7830219349609042,0.9748935112215273,0.10760040996429507,0.7527136878958859,0,1,0,0,0,Stage 2,Stage 1,Diabetes,Diabetes,0.3157616640567361,0.42059451015512717,0.2772101801856124,0.1726943344936594,0.8306730312405788,0.9919828370623727,0,1,0,0,0,0,0.09638987349220719,0,0,0,0.22447619018342593,0,0,0,1.175200629168021,5.49059634483468,6.658065712543162,1,Confidential,0.3337175636623347
7031,Young adult,0,0,0,1,Obese,0,0.46453982664663623,0.9755746228689967,0.691237455339098,0.5407755041336205,0,0,1,0,0,Stage 2,Stage 1,Diabetes,Diabetes,0.7671324828180983,0.8968889535363377,0.8822781252131044,0.5686622248550095,0.08497927040964198,0.2516712499520104,1,0,0,0,0,1,0.69338592363017,0,0,0,0.38936767980953485,0,0,0,1.133069846878409,8.336644589716084,5.93359545022661,1,Confidential,10.382274653101737
7032,Young adult,0,0,1,2,Obese,1,0.7804641565232514,0.45819166528400335,0.2507276385913532,0.4039050647145125,1,0,0,1,0,Stage 2,Stage 2,Diabetes,Diabetes,0.6581571197923515,0.3096996455996223,0.9453302869472497,0.22521311614844014,0.02226359618669188,0.675115094285685,0,0,0,0,0,0,0.18183889580033644,0,0,0,0.0418808988289605,0,0,0,3.066998754474278,8.780168345862887,7.451452107653607,1,Confidential,42.46080817403269
7033,Young adult,0,0,2,1,Overweight,0,0.733460502141278,0.1937557401877543,0.15888869925734386,0.8992611413377015,0,0,0,0,0,Stage 2,Stage 2,Diabetes,Prediabetes,0.4715214529026297,0.12698906331303234,0.8750753801245588,0.1332217858144762,0.07339994250574788,0.27135575171597026,1,1,1,0,0,0,0.04919008115361581,0,0,0,0.4067571666112964,0,0,1,3.6659260714035535,4.604334214710221,8.198066298457988,0,Confidential,11.922017242125666
7034,Middle-aged,0,0,1,1,Normal,0,0.6582844098978321,0.6662394200207714,0.1221908864117429,0.4424371306644067,0,0,0,0,0,Normal,Stage 1,Prediabetes,Diabetes,0.6634021009193578,0.9433513240039629,0.615529906780371,0.6723634204390387,0.953811324230635,0.1952564722483506,0,0,0,0,1,0,0.30073252091451236,0,1,0,0.0015046907920354046,0,0,0,0.7281657009311555,9.291001725443085,6.845940628129055,0,Confidential,0.6453371763822062
7035,Middle-aged,0,3,0,1,Obese,0,0.21847671416665923,0.6249427864980165,0.5951445242307479,0.8019950593165398,0,0,0,0,0,Stage 2,Stage 2,Diabetes,Prediabetes,0.2972577755068996,0.83330141478673,0.8178620795171121,0.5542281822275921,0.7941854974879154,0.4462121338076166,1,1,0,0,0,1,0.45446333555790186,0,0,1,0.2590348584492074,0,1,0,3.824965638185336,7.085690163592617,5.824194238037275,0,Confidential,1.029812407937551
7036,Young adult,1,0,2,3,Obese,0,0.17965682808526987,0.09912399212664011,0.13541826079211705,0.4122435611480665,0,0,0,0,0,Normal,Stage 2,Diabetes,Prediabetes,0.9048133343185369,0.5127608472426889,0.16705432450290347,0.6979834020058253,0.8133204417516546,0.6092677633485022,0,1,1,0,1,0,0.47953319814069006,0,0,1,0.5105712564933728,0,0,0,2.6125574528174944,2.2747250606848057,9.069800994041229,0,Confidential,0.20539791689376116
7037,Middle-aged,0,2,0,2,Normal,1,0.49108190308791383,0.8620120192483958,0.3475616374337643,0.5425341498051878,0,0,0,0,0,Stage 2,Normal,Diabetes,Diabetes,0.4822137534916159,0.3133408413990159,0.9345956323636828,0.6391429975334113,0.07164012063431713,0.5210221080398615,0,1,1,0,0,0,0.5772266061093597,1,0,0,0.07509920592617769,0,0,0,3.792057896242369,2.67260762286172,8.049043252757606,1,Confidential,13.04570154389148
7038,Middle-aged,0,0,2,1,Overweight,0,0.9002107198266749,0.6055503131105112,0.21700367269389698,0.9471664725429335,0,1,0,0,0,Stage 2,Stage 2,Diabetes,Normal,0.004806896253542872,0.2637645594210228,0.8298203089352005,0.36442460065255183,0.662623667358483,0.9952043577698895,0,0,0,0,0,0,0.006630777787969051,1,1,0,0.20313434442990094,0,0,0,2.385947441871507,7.245338079882286,8.84077269902787,0,Confidential,1.2523251882071142
7039,Young adult,1,2,1,1,Obese,0,0.5502627933795238,0.8126951883986959,0.2740949003787315,0.7904410589820757,0,0,0,0,0,Normal,Normal,Normal,Diabetes,0.7446343036123917,0.1494076302456041,0.4264319157764509,0.4366038429806364,0.1888268893828866,0.8599063208630242,0,0,0,0,0,0,0.4103416290567521,0,0,1,0.5813358257092334,0,0,1,1.102988908032935,1.4646308625400395,4.667698916857276,0,Confidential,2.2583219856562358
7040,Middle-aged,0,0,2,2,Obese,0,0.30310847538346075,0.230891875920395,0.03597474487590498,0.4771733393966163,0,0,0,1,1,Normal,Stage 2,Normal,Normal,0.5006882154131866,0.34554998921269775,0.625704457140317,0.157673378115749,0.5703129592720421,0.37191099433391184,1,0,0,1,0,0,0.7625867166016035,0,0,1,0.45681539957981676,0,0,0,1.0485524784077676,6.225514902962787,2.1209999917568148,0,Confidential,1.0971247399655404
7041,Senior,1,3,1,2,Obese,1,0.6888771604683042,0.6568618647790194,0.20071679676054038,0.07836824154780175,0,0,0,0,0,Normal,Normal,Diabetes,Prediabetes,0.31528411898720554,0.45866413125489547,0.12693846825426158,0.218841446175369,0.5533783469385791,0.7636357756716473,0,0,0,0,0,0,0.4041644595491109,0,0,0,0.48744620130849764,0,0,0,2.4509216527439137,4.715500982614985,1.350207845869602,0,Confidential,0.2293882096336357
7042,Middle-aged,0,0,0,1,Obese,0,0.2971403816736215,0.36863562779952797,0.3802642929364148,0.2541609206506903,0,0,0,0,0,Stage 2,Stage 2,Normal,Normal,0.3283345999205479,0.5554773382472945,0.0677568200038301,0.5044136663721575,0.2535615090760315,0.5199599711661348,1,0,0,1,0,0,0.38167529252164817,0,0,0,0.47774528338217526,0,1,0,0.2570530198626568,7.74289261092745,2.3962328925148246,0,Confidential,0.2672204478145495
7043,Middle-aged,1,1,2,2,Overweight,0,0.5446595115251525,0.8324262923448718,0.7353802529069144,0.30766724666785883,0,0,0,0,0,Stage 2,Normal,Normal,Prediabetes,0.9726195315403223,0.6406560727803982,0.95700051332856,0.4951053842961683,0.7260306218099537,0.9452447566412094,1,0,1,1,0,1,0.32166880192813546,0,0,0,0.26614942983845813,0,0,0,1.7926861999341228,4.330670550987305,8.728861422069844,0,Confidential,1.3181269282317751
7044,Middle-aged,0,2,1,0,Obese,0,0.5723673704606346,0.882453706431232,0.4130429168205706,0.7634031636607247,1,1,0,0,0,Normal,Normal,Prediabetes,Diabetes,0.3221555715783317,0.7832662128240176,0.7477738424878035,0.9764914052548677,0.8007667948070045,0.2221624481316475,0,1,0,0,0,0,0.22248862107681225,0,0,0,0.34253815384634434,0,0,0,0.3065206105304461,9.630707184014948,1.7920913949754014,0,Confidential,0.9338222405538519
7045,Young adult,1,1,2,2,Overweight,0,0.41145638718242306,0.4904767969937233,0.33888312943921456,0.004717923191024265,1,0,0,0,0,Normal,Stage 2,Prediabetes,Normal,0.6695766641597809,0.15952852565163522,0.6638826375915057,0.4813869342112052,0.231563769566144,0.7513875284449997,1,0,0,0,1,0,0.8236874960959375,0,0,0,0.339628370116109,0,0,0,3.064581645250512,2.712891489585908,7.726738869760811,0,Confidential,2.8669538366703513
7046,Senior,0,0,0,0,Overweight,1,0.8446999241055737,0.8035122817319933,0.5016104481107017,0.4605687059566844,0,0,0,0,1,Normal,Normal,Diabetes,Normal,0.7636993877699396,0.032891287554992446,0.8570220053151016,0.40060821445673084,0.34643239514259494,0.15167922315938545,0,1,0,1,0,0,0.5331093996104356,1,0,0,0.09459758935156837,0,0,0,1.8840729325218035,4.7952882989636585,5.553725197906234,1,Confidential,2.473850648298474
7047,Young adult,0,0,1,2,Underweight,1,0.23130788567706945,0.4400692294218298,0.93285913190099,0.6426945921971611,1,0,0,0,0,Stage 2,Normal,Normal,Diabetes,0.6754645999722668,0.9199066718333039,0.6676371444015514,0.3830633935824556,0.033020842839678655,0.7069568585767227,0,1,0,0,1,0,0.6010487785755547,1,0,0,0.026316676588202928,0,1,0,2.938734594613317,4.392590075716033,7.322013078034198,0,Confidential,20.218658489216462
7048,Young adult,1,1,0,2,Underweight,0,0.26407286080605596,0.7868627174149593,0.41007804601655096,0.4595242832561267,0,0,0,0,0,Stage 2,Stage 2,Diabetes,Diabetes,0.6359643719960167,0.6843401036904815,0.7777793677415117,0.5712465416268622,0.1255092708671684,0.831469140406492,0,0,0,0,0,1,0.28956832112892533,0,0,0,0.10590163021970381,0,0,0,1.3737326439405195,1.599408167347777,3.850700054384605,1,Confidential,6.196987380833942
7049,Senior,0,0,1,1,Obese,1,0.21552527084739223,0.16802668945014748,0.5007031569816458,0.5510479713305295,1,0,0,0,0,Stage 2,Stage 2,Prediabetes,Diabetes,0.037295412564164784,0.06577124840972111,0.03468893726559652,0.6326826322736299,0.7435423417714665,0.2533303804806927,0,0,0,1,0,0,0.3419292667810619,0,0,0,0.011869041202793359,0,0,1,1.2349385294138968,3.716963050377207,5.468768281344819,0,Confidential,0.04665361381162397
7050,Senior,0,0,1,3,Obese,0,0.9261116984269837,0.26449734985021917,0.934180118548701,0.7063656881552461,0,0,0,0,0,Stage 2,Normal,Diabetes,Prediabetes,0.2947792870351466,0.6218159033063921,0.8717561393222175,0.9809387530064788,0.22262927508687141,0.9531801768865162,0,0,0,0,0,1,0.07749755569140544,0,0,0,0.647475899365543,0,0,0,1.9426069095592056,0.5758433703920818,0.3239182880484204,0,Confidential,3.915730035872652
7051,Middle-aged,0,2,1,1,Normal,0,0.9346349102752345,0.7751376833466942,0.5629133934639993,0.8142902986979436,0,0,0,0,0,Normal,Stage 1,Diabetes,Normal,0.42075441993704543,0.3782979667321707,0.9528192039315149,0.04475196066138315,0.8234749616230661,0.5369378867651754,0,0,1,1,0,0,0.849962774085635,0,1,0,0.46141878780824325,0,1,0,3.668114609396692,1.92021603388834,0.2989816027319125,0,Confidential,1.1570712509018024
7052,Middle-aged,0,1,2,1,Obese,1,0.3410679076962096,0.5508466826979358,0.5075319683711763,0.1600767991875639,0,0,0,0,0,Normal,Stage 2,Diabetes,Normal,0.5264176964492893,0.6946193549675774,0.549797769465346,0.5627733871334195,0.20239727880037778,0.14941364031662477,0,0,0,0,0,0,0.5817701858093915,0,0,0,0.5002930287257534,0,0,0,0.9322494619710732,2.6518885089148494,8.485411312944354,0,Confidential,2.7164286630928745
7053,Middle-aged,0,3,0,2,Obese,1,0.20715801199248693,0.03260756770253248,0.9921086269409911,0.028761156255055043,0,0,1,0,0,Normal,Stage 2,Normal,Prediabetes,0.7210249649024069,0.9829096135038798,0.9242136717789611,0.0012858295935112563,0.9217217096901993,0.14259205097765912,0,0,1,0,1,0,0.5400473117383702,1,0,0,0.36372232261750487,0,0,0,1.4958002804836834,5.43579015455642,1.7750298518555865,0,Confidential,1.00270359487312
7054,Young adult,1,2,1,3,Normal,0,0.4566394508683875,0.8035421431752161,0.659394979657944,0.08904837701932877,1,0,0,0,1,Stage 2,Stage 2,Normal,Prediabetes,0.6586393817868234,0.6263064526841529,0.18321089612637587,0.7972877973053196,0.717185398788143,0.8998413793975353,1,0,0,0,0,0,0.2401389684619895,0,0,0,0.6104139373727122,0,0,1,1.9787437908753855,2.021609051168696,5.969217945932817,0,Confidential,0.2554582070911576
7055,Middle-aged,0,0,1,2,Obese,1,0.8977891429102922,0.6689517365212265,0.2306630717716287,0.5927586614569681,0,0,0,0,0,Elevated,Stage 2,Diabetes,Diabetes,0.14541994568320216,0.6037355628824487,0.13834665679468494,0.40912061395436267,0.07192396871442663,0.15754055915342094,1,0,0,0,0,0,0.579637346753491,0,0,0,0.2769697276790863,0,0,0,1.4206692843415745,0.2729413816441017,3.663078367084587,1,Confidential,1.92351255454199
7056,Senior,0,0,2,2,Obese,1,0.13635999422660836,0.0905574690229686,0.0035409789542664464,0.8515147380862048,0,0,0,0,0,Elevated,Normal,Diabetes,Diabetes,0.9704456583079035,0.364467565019018,0.9958370477096712,0.007103679403168028,0.44538052039569676,0.40312844492964717,1,1,0,0,0,0,0.4010810663650827,0,0,0,0.08341010892476587,0,0,0,1.7238807982682838,0.8951786224302161,3.114726472868632,1,Confidential,2.235924119054249
7057,Middle-aged,0,0,1,2,Obese,0,0.5691250254496133,0.032470834847205296,0.9517159937250996,0.08693359304946713,1,0,1,0,0,Stage 2,Normal,Normal,Diabetes,0.003366397887447886,0.11066093853776164,0.07667898935471062,0.8647477219147559,0.6943234213425908,0.9670335688454379,0,1,0,0,1,0,0.5151698635341545,0,1,0,0.3359400249880953,0,1,1,1.83476293192551,9.33487864180682,6.594284915566901,0,Confidential,0.1104369908859461
7058,Young adult,1,0,1,2,Obese,0,0.9458695859753545,0.6199477620698612,0.17807210058397518,0.17499757979941966,0,0,0,0,0,Normal,Stage 1,Diabetes,Prediabetes,0.3034354328956358,0.337073862625172,0.4308554739471766,0.9743033899551978,0.7951710552454283,0.6894433054117862,1,1,1,0,0,0,0.29075738072004015,0,0,0,0.12000026114110124,0,1,0,1.1374092351330356,4.308898288648759,1.0553159222399466,0,Confidential,0.5418399866355721
7059,Middle-aged,1,3,2,2,Overweight,0,0.9651587754474464,0.7066713008024603,0.38350424913182385,0.12810318689716338,1,0,1,0,1,Stage 1,Stage 2,Normal,Prediabetes,0.5229181617327543,0.178104013170377,0.32276082679301576,0.3436586905992403,0.0822101673908236,0.867334221315383,0,1,1,0,0,0,0.2576055500695719,0,0,0,0.145897489632618,0,0,1,0.5885169266118275,8.521042202317059,4.222209622402175,0,Confidential,3.9260451235748577
7060,Senior,0,0,2,2,Normal,1,0.6919058413654899,0.42564780064806046,0.1276026892809565,0.8246585200152036,1,0,0,1,1,Stage 2,Stage 1,Normal,Diabetes,0.00945952366341854,0.8578175682814576,0.6833063806243418,0.5249640703280831,0.24905527856893334,0.7168096427097429,0,0,1,0,0,0,0.23576808707570523,0,0,1,0.6962917011322892,0,1,1,2.945745037218196,8.796381819387177,0.7306672271047066,0,Confidential,2.7435932478548803
7061,Young adult,0,2,2,1,Obese,0,0.7808707577468288,0.6048593143520603,0.4669902122348258,0.7940336843820558,0,0,0,0,0,Stage 2,Normal,Prediabetes,Diabetes,0.57386040427266,0.5512766275242914,0.234719514429643,0.20384378082912363,0.33143411627377517,0.1996257712347985,1,1,0,0,0,0,0.21456980334884382,0,0,0,0.566394804348326,0,0,0,1.0018677079216207,4.857610235314674,8.120617602714212,0,Confidential,0.708193583293511
7062,Senior,0,0,1,3,Obese,1,0.8856988019558292,0.3682159738736832,0.817312362463292,0.6158509440423595,1,1,0,0,0,Stage 1,Stage 1,Diabetes,Normal,0.6715906388479752,0.7476031642855165,0.9951759026643976,0.8285139239516919,0.4264545376431953,0.43747199345806187,0,1,0,0,0,0,0.4235343548542424,1,1,0,0.38008243391758445,1,0,0,2.437450348216884,4.768625024367118,9.446631839201146,0,Confidential,2.3336037369053355
7063,Middle-aged,1,0,0,3,Overweight,0,0.48839749876251964,0.3219887349121811,0.6301465754047603,0.40803206745362164,0,1,0,0,0,Normal,Normal,Diabetes,Diabetes,0.037525694614021346,0.8205925791790576,0.9836413539049476,0.6488529652000239,0.6831920942802958,0.6731372584525396,1,0,0,0,0,0,0.045551710962714737,0,0,0,0.6145500991241469,0,0,0,0.5490823799455549,6.42160125477265,0.6341494524759861,1,Confidential,1.439772740551335
7064,Middle-aged,0,2,0,3,Overweight,0,0.20475528162576276,0.8144523444927556,0.5174074025626676,0.6903078406265216,0,0,1,1,1,Normal,Normal,Diabetes,Normal,0.2558219795345808,0.888537556028399,0.7188620030497066,0.11420462752279292,0.3232812606094272,0.821969492198067,0,0,1,0,0,1,0.18554929720281943,0,0,0,0.8474979403024376,0,0,0,1.966905270265563,9.740309409154468,3.9919554920966895,0,Confidential,2.2236426624127805
7065,Middle-aged,0,0,2,2,Underweight,1,0.26409167066435957,0.33747064748609945,0.8831321622934893,0.6626945875542077,0,0,0,0,0,Stage 2,Stage 2,Diabetes,Normal,0.49124548866447426,0.5259134498774602,0.9651712296748325,0.15280682622499264,0.5482982175072386,0.6022001246029984,0,1,1,0,0,0,0.7181061799025592,0,0,0,0.7915715941680536,0,0,0,1.6702823583974116,1.8933024500919315,1.385156330661378,0,Confidential,1.7603034240433042
7066,Young adult,0,1,1,1,Normal,0,0.8529884781020279,0.03710717034079276,0.5286523515941572,0.13736974688962333,0,0,0,1,0,Stage 1,Stage 2,Diabetes,Diabetes,0.8963692113403328,0.06270941877184887,0.36286809699826383,0.136246315111828,0.7236349777763771,0.6322106267374201,1,0,0,0,0,0,0.4118985695602985,0,0,0,0.9975209392392664,1,0,0,3.0518990501938497,0.4364497432513159,0.7636772898923039,1,Confidential,0.5014518481587272
7067,Middle-aged,1,0,1,1,Obese,0,0.24242272128936154,0.5331450084942375,0.8366078169568537,0.4904372879839528,0,0,0,1,0,Stage 1,Stage 2,Prediabetes,Diabetes,0.06820668679271093,0.06509581954006828,0.016724862225497628,0.7206303191614143,0.8618703142285775,0.7472428581581008,0,0,1,0,0,0,0.7924072669002229,0,0,1,0.8991472884263519,0,0,0,2.814137852538848,9.057807523890354,2.250614209473208,0,Confidential,0.019405311854217094
7068,Senior,1,0,0,1,Normal,1,0.15943840794976927,0.808410755313382,0.2961972697634077,0.4907570938424165,1,0,0,0,0,Normal,Normal,Diabetes,Diabetes,0.4927969547098767,0.1762733859512256,0.0002874183478036585,0.017082357564044914,0.9100456264484171,0.19792181858811556,0,1,1,0,0,0,0.7970626154023858,0,0,0,0.7601607283253394,0,1,0,1.0401539392795351,7.915011632455899,8.241484684939554,1,Confidential,0.0003158285029349018
7069,Young adult,1,2,0,0,Obese,0,0.7695848885071296,0.005547105496171748,0.5181753775158874,0.7169207516991815,1,0,0,0,0,Stage 2,Stage 2,Diabetes,Prediabetes,0.9638091843511272,0.2688753400926952,0.26682266384940756,0.5026097470893067,0.900102204095397,0.4571244457189062,0,0,0,1,0,0,0.7787384647050775,0,0,0,0.5359271433719494,0,0,0,0.9288357184150712,7.424623978727277,1.2291839161882212,0,Confidential,0.29643596319993953
7070,Senior,1,1,0,1,Obese,0,0.39157057266659695,0.7331975684043512,0.6873466120522534,0.3166302151899574,0,0,1,1,0,Stage 2,Stage 2,Diabetes,Diabetes,0.6576889986569718,0.40426295946905,0.33225477140687665,0.4761721006438681,0.13826024109596724,0.22671515760229502,1,1,1,0,0,0,0.1356147262355433,1,0,0,0.4302788614913832,1,0,0,1.720796257580174,5.068048461929799,6.758901556874668,1,Confidential,2.4031114713322155
7071,Young adult,1,0,2,2,Normal,0,0.842248521554526,0.7997018541981945,0.7972446519206952,0.7523783339534206,1,0,0,0,0,Stage 2,Normal,Diabetes,Prediabetes,0.8955043331530601,0.696906169018586,0.7071347536168424,0.5414907698740059,0.031129993165893266,0.02819716899840885,0,0,0,1,0,1,0.5855543065509203,0,0,0,0.18532673726587354,0,0,1,3.7617773856498182,5.228904517892799,7.784499966621321,1,Confidential,22.715544775371022
7072,Middle-aged,0,0,0,2,Normal,0,0.3464896922214264,0.46435982967401646,0.22378569974266435,0.34955983302246196,0,0,0,0,1,Stage 2,Stage 2,Diabetes,Diabetes,0.6940771961133884,0.48735100497064143,0.1732954137572702,0.21997975524049568,0.3669209113384726,0.8978018332355799,0,0,1,1,0,0,0.10911859731973102,0,0,1,0.8444707986613753,0,0,0,0.7733083717486622,8.75328843096715,0.0991758584648927,1,Confidential,0.4722963679696381
7073,Middle-aged,1,0,0,3,Overweight,1,0.1332244255847873,0.025879211332373284,0.347263164290675,0.5963625533118898,0,0,0,1,0,Stage 2,Stage 2,Normal,Normal,0.2575016017038417,0.4767728313521282,0.2172357151707951,0.11125805917388204,0.10913275309161458,0.17513235350664405,0,1,1,0,1,0,0.32207181911916016,0,0,0,0.3202236913056026,0,0,0,2.3385737385820407,3.7840904939381073,8.009414683955288,0,Confidential,1.99056386846972
7074,Senior,0,2,1,2,Normal,1,0.7064033235638131,0.6999731591736681,0.6682084552423256,0.2895852821683289,0,0,0,0,0,Normal,Stage 2,Prediabetes,Diabetes,0.7627641567015413,0.011571284476124821,0.022176337182388872,0.9831935412699602,0.5885216790102009,0.6234596686692851,0,0,0,0,0,0,0.6008028600026067,0,1,0,0.15806037551076121,0,0,1,2.417590344195147,2.235320794474369,8.197040706117471,0,Confidential,0.03768142784423152
7075,Senior,1,1,0,3,Obese,1,0.055233841767054294,0.17954781985383592,0.5435306389971225,0.4770722224878413,0,0,0,0,0,Stage 2,Stage 2,Normal,Normal,0.6622434172755989,0.09248243027928556,0.623567144136209,0.9675148193433036,0.9058637859402365,0.9774076023460929,0,1,0,0,0,0,0.09430051382474282,0,0,0,0.6141750097198847,0,0,0,0.0547697737088825,7.269212148289069,0.2965741375627195,0,Confidential,0.6883674497363649
7076,Senior,1,0,1,2,Normal,0,0.14260193780093483,0.8333638518898946,0.18494923349469175,0.8506562639081027,1,0,0,0,0,Stage 2,Normal,Prediabetes,Diabetes,0.8768038581698947,0.5551011194752412,0.28776970282376424,0.871441522397034,0.9569776616250323,0.26795805370330406,1,0,0,0,0,0,0.5229432943970771,0,0,0,0.6774214475409076,0,0,0,1.7457507579070013,0.570742683145512,4.630441312072026,0,Confidential,0.3007068130880986
7077,Middle-aged,0,0,0,1,Obese,0,0.5638492137755544,0.9042623145771009,0.9107186850640698,0.7330735682473565,1,0,0,0,0,Normal,Stage 2,Diabetes,Diabetes,0.06440890922187963,0.3394634703437324,0.3489883445115838,0.6777238814133211,0.43210618535055745,0.5475438970019971,0,0,0,0,0,0,0.9779644047773599,0,0,0,0.9405007257355692,0,0,0,0.3110321744268329,0.3391885099088487,2.857333240731154,1,Confidential,0.807644871430058
7078,Senior,0,0,2,2,Obese,0,0.5809133535030083,0.2023167641750001,0.4142071538635887,0.641224483862923,0,0,0,0,0,Stage 2,Normal,Diabetes,Diabetes,0.5076795122098401,0.0113201059913038,0.04516495469489845,0.7700102825143427,0.20928677393763184,0.11436313674724116,0,0,1,1,0,0,0.5501013339694238,1,0,0,0.18137468730343975,0,0,0,0.8732630324762232,3.598974907889457,9.864250731045368,1,Confidential,0.21580415162000519
7079,Young adult,1,3,0,3,Underweight,1,0.0047641572713243395,0.7038526884576715,0.34389807300680497,0.7668027454791658,0,0,0,0,0,Normal,Stage 2,Diabetes,Diabetes,0.21499994876915668,0.5270064204007862,0.8218105619725917,0.932871358354616,0.17556773153651467,0.05438565723761404,0,1,0,0,1,1,0.9592065413848743,0,0,1,0.14389308133771697,0,0,0,0.647526518884042,5.910026435504824,9.571860497042664,1,Confidential,4.680874752896554
7080,Middle-aged,0,0,0,1,Underweight,0,0.8328033659323597,0.9435807898477406,0.6976182400134024,0.5174969178827254,0,0,0,0,0,Stage 1,Stage 2,Diabetes,Normal,0.34290929833963,0.35839542121521456,0.7889191742586539,0.01819587972338832,0.25836374804901774,0.43177570876333526,0,0,0,0,0,1,0.4443889505944726,0,0,0,0.5083432582735219,0,0,0,0.2597075932201367,1.2916686587701989,8.506890461847508,0,Confidential,3.0535211701177873
7081,Senior,1,0,2,0,Obese,1,0.6117616695081602,0.4260540479807997,0.18597108421107889,0.9910026661936019,1,0,0,0,0,Stage 2,Stage 1,Diabetes,Normal,0.014587103883050026,0.576744987391609,0.19908692036604325,0.7436361435819068,0.6205273391681948,0.12755896539898468,0,0,0,1,0,0,0.5383326400140114,0,0,0,0.5843466146310985,0,1,0,1.2489596143283856,5.011120083441481,8.70337739474486,0,Confidential,0.3208350507697461
7082,Senior,0,3,1,2,Obese,0,0.8726648976371032,0.7908159813452459,0.06310129371102435,0.8321172182187347,1,0,0,0,1,Elevated,Stage 2,Normal,Normal,0.6435302080265455,0.7760963473614308,0.5278847341569568,0.5714086540111682,0.7491502467931247,0.7779090418746898,0,0,0,0,1,0,0.25866241995447664,0,0,0,0.6805343505116459,0,0,0,1.2805192229739015,4.590469678429048,1.965477503246843,0,Confidential,0.7046446776419876
7083,Young adult,0,2,1,2,Overweight,0,0.07509884044979175,0.4135121621074376,0.4524260968636311,0.3554419642348322,0,0,0,1,0,Stage 2,Stage 1,Diabetes,Diabetes,0.5422680955156857,0.7677630086772617,0.2198504895643747,0.706341523145652,0.6544188811205931,0.5266369346903866,0,1,0,0,1,1,0.5710815741920053,0,0,0,0.796287586610908,0,0,0,0.4418092977679104,2.819036195706283,0.7912879752123625,1,Confidential,0.3359476566261567
7084,Middle-aged,1,1,0,1,Underweight,0,0.6047161936168715,0.8367802451083749,0.4388080087317856,0.4279349486796459,0,0,0,0,0,Normal,Stage 2,Prediabetes,Normal,0.6843366725409482,0.2717492626524273,0.5522140006401051,0.27524291094618875,0.15270346473330704,0.4137429185960284,0,0,1,1,0,0,0.777066578540998,0,0,1,0.5728340027149352,0,0,0,2.25199369320039,6.716579866286835,7.619392570186884,0,Confidential,3.61625063062278
7085,Middle-aged,1,0,2,3,Obese,0,0.8912594081645593,0.1603032769855107,0.8723337863263247,0.8088152556631752,0,0,0,1,0,Stage 1,Stage 1,Prediabetes,Diabetes,0.9283395985723362,0.5908076332046026,0.7898263772441811,0.6874523753433173,0.647163998038111,0.6067214136075213,0,0,0,0,0,0,0.09369673671044307,0,0,0,0.6620679698370207,0,0,1,1.00789977481098,5.214717717406753,3.783892000619924,0,Confidential,1.2204423911690911
7086,Middle-aged,0,0,1,2,Obese,0,0.876603018797025,0.08567042950484852,0.30197793097363934,0.8852962976165178,0,0,0,1,0,Normal,Normal,Diabetes,Prediabetes,0.72392450664681,0.37389702878499487,0.3785629450128307,0.5452639233229353,0.11221851837858088,0.6876971476025822,1,1,1,1,1,0,0.9787069037367386,0,0,0,0.8480600839210651,1,0,0,1.9845515294294,0.0567519374040526,1.235140858965711,1,Confidential,3.37344451239063
7087,Senior,1,0,0,2,Normal,1,0.3420432628231762,0.4368317002886873,0.23542142353974543,0.5384675617989926,0,1,0,0,0,Stage 2,Normal,Prediabetes,Diabetes,0.7151499507892477,0.08217655164039527,0.1190109762061915,0.3288375087567266,0.47317299374651345,0.690747701035735,0,1,1,0,1,0,0.11295133615767383,0,0,0,0.7239005387711541,0,0,0,1.0141390085575672,1.375602916115943,5.830404645846339,0,Confidential,0.2515168400966426
7088,Senior,0,0,2,3,Normal,0,0.9923270383361138,0.13596832416667645,0.11644174747876586,0.5971805595251959,0,0,0,0,0,Stage 2,Normal,Diabetes,Diabetes,0.7260366783771692,0.3020599967336513,0.8836369762488554,0.8510582386320467,0.9136149134016813,0.8122655370645999,0,0,0,0,0,0,0.4563868335215262,0,1,0,0.8004009301336443,0,0,0,3.4615167262613142,6.870931738286004,5.993054729751128,1,Confidential,0.9671875571281904
7089,Senior,1,2,1,2,Underweight,0,0.3906873593307926,0.3968828237137655,0.9140102415927126,0.9383469691650278,0,0,0,0,0,Stage 2,Stage 2,Diabetes,Normal,0.4863234162945722,0.26543708078651296,0.7333599420878778,0.719855903224623,0.0773372284061965,0.27675972794660475,0,1,0,1,0,0,0.938390054025107,0,0,0,0.08285924945570958,0,0,0,3.63203178469904,1.3510912182605497,2.640302763464705,0,Confidential,9.482625084985832
7090,Young adult,0,0,1,2,Obese,1,0.6258132692671394,0.6838825017730287,0.6601090237263924,0.4868978660991067,0,0,0,0,0,Stage 2,Normal,Prediabetes,Diabetes,0.3283706381415023,0.0947309420177432,0.2440830570296335,0.596683423818489,0.013245232603534884,0.9014078908884298,1,1,1,0,0,0,0.3152563350920733,1,0,0,0.1751764041055735,0,0,0,0.9100617194402908,9.574262777936484,6.669820143447858,0,Confidential,18.42799325128444
7091,Senior,1,3,2,1,Obese,0,0.11468613211617742,0.45680710551277776,0.8821138638085583,0.9614768930896268,0,1,1,1,0,Stage 2,Stage 2,Diabetes,Diabetes,0.27587504949613917,0.7405063131983756,0.14394983214996726,0.9277479952448444,0.5240991365786766,0.949262584203638,0,0,0,1,0,0,0.023122508515383455,0,0,0,0.3215717658953538,0,0,0,2.0801689827155645,0.3203003949075489,6.620948414190245,1,Confidential,0.2746614563986366
7092,Senior,0,2,0,2,Obese,0,0.2892335532615975,0.2700058632134021,0.5018698884386034,0.4716966438371232,0,0,0,0,0,Normal,Normal,Prediabetes,Normal,0.20080770102950612,0.18236233237276822,0.2022357892585036,0.8487175667301801,0.6622874004586273,0.14088876651382357,0,0,0,0,0,0,0.35435682474077534,0,0,0,0.03291853543537808,0,0,0,1.0626434109257734,6.290356876252766,4.967578522699902,0,Confidential,0.30535956009197424
7093,Senior,0,1,1,2,Normal,0,0.7068393183815718,0.5331055422029202,0.2110477991771304,0.04440120324596997,0,0,0,0,0,Elevated,Stage 2,Normal,Diabetes,0.5321105755371763,0.9584398328304348,0.6108825513436078,0.28002668846304696,0.7665758788297405,0.6004288031421757,0,1,0,0,0,0,0.4265229261792118,0,0,0,0.8142134829449247,0,0,0,3.6788103840029662,2.044547692323102,9.73498373190423,0,Confidential,0.796897695602143
7094,Senior,0,0,2,2,Obese,0,0.8538558151316407,0.14502117832816777,0.4458453783628423,0.30819571142422597,0,0,0,0,0,Stage 1,Stage 2,Normal,Prediabetes,0.9350926462642544,0.4219590796880158,0.1527338911052274,0.4458604978616782,0.9329550058143883,0.35205232350172233,0,1,0,0,0,0,0.45403898224614736,0,0,0,0.29560945833148616,0,0,0,1.1039388299465749,1.5211401594172402,8.963046310685401,0,Confidential,0.1637098146784732
7095,Senior,0,0,1,2,Overweight,0,0.6734758508712315,0.46037968730327394,0.6120397488097798,0.26329342144994106,0,0,0,0,0,Normal,Stage 2,Diabetes,Diabetes,0.5764820904539865,0.8417838685723084,0.4757950777520028,0.4384966043482848,0.09618842346382289,0.370876944444007,1,0,0,0,0,0,0.7724008014940665,0,0,0,0.23943326979911872,1,0,0,0.6596533731849545,5.571887252790835,9.560691277884043,1,Confidential,4.946490030902238
7096,Middle-aged,1,0,2,1,Overweight,0,0.7202167910038001,0.9228462414714701,0.5130994382800217,0.8894279627235392,1,0,0,0,0,Stage 2,Stage 1,Diabetes,Diabetes,0.7711064701133346,0.2816061876109474,0.21448588695452342,0.9402996676374571,0.04346787024470039,0.4809245015510656,0,1,1,0,0,1,0.5505379788021089,0,0,0,0.8099967088906596,0,0,0,3.5904217846801303,3.1317832046604845,2.703692379467661,1,Confidential,4.934354633596836
7097,Senior,0,1,1,2,Normal,0,0.557427215902253,0.9960249424213342,0.15333395864942562,0.23173878767529443,0,0,0,0,0,Stage 1,Normal,Diabetes,Normal,0.6615897466996828,0.8964373765908001,0.28095801898071393,0.9309342848567024,0.5117008803927536,0.5116759254214458,0,0,0,0,0,0,0.1587347999559984,0,0,0,0.4680543896523318,0,0,1,0.0401277677255698,7.926983484620073,4.977923027717264,0,Confidential,0.5490669055817647
7098,Senior,1,0,1,1,Overweight,0,0.5760925596790485,0.21431938484894006,0.6489427034559206,0.016658301617699767,0,0,0,0,0,Stage 2,Normal,Diabetes,Diabetes,0.3384924710666011,0.9527131601784021,0.33980695841266395,0.9826868097776993,0.2685005449207871,0.9219466804271066,1,1,1,1,1,0,0.798801701081237,0,0,0,0.1624202534789282,0,0,0,3.891386754034588,5.697318953659542,8.31656092401367,1,Confidential,1.2655726956267952
7099,Young adult,0,0,1,1,Obese,0,0.8968193802981488,0.997565410162375,0.2736196786612007,0.15986801170026366,0,0,0,0,1,Stage 2,Normal,Diabetes,Normal,0.11019198530602355,0.11267651486749174,0.2616061720789813,0.515154496286284,0.6569386609173156,0.5806831453882064,0,0,0,0,1,0,0.15206678285897898,0,1,0,0.6874003069243773,0,0,0,1.6404930075653317,1.9776691224867535,5.380577725059425,1,Confidential,0.39822008909277434
7100,Senior,1,3,0,2,Normal,1,0.5715378342016427,0.17467509390423283,0.11504975606143118,0.4583466704412643,0,0,0,1,0,Normal,Stage 2,Normal,Diabetes,0.5425060393663952,0.7663685174410261,0.64655762369966,0.9021962511046735,0.18587172684399378,0.1811444830548686,1,0,1,0,0,0,0.24154238955750046,0,0,1,0.48916264220396966,0,0,0,0.5411328454837023,7.12957184744151,4.789216563185361,0,Confidential,3.4785151818292945
7101,Middle-aged,0,1,1,1,Obese,1,0.56498957837644,0.19045545936290603,0.8707011223304719,0.957566115988182,0,0,0,1,0,Stage 2,Stage 2,Diabetes,Diabetes,0.005844855280227865,0.6467782050890156,0.2023965440457891,0.9070353025833524,0.5157616495760227,0.8131215193202593,0,1,0,0,1,0,0.08805216501650387,0,0,0,0.18079228813855291,0,0,0,3.536385343932086,1.6385575755092496,4.799403663313814,1,Confidential,0.3924226320669003
7102,Middle-aged,1,3,1,2,Overweight,1,0.798358698744179,0.23906149949854094,0.35146696735686017,0.40202177911817827,0,1,0,0,0,Stage 2,Stage 2,Prediabetes,Normal,0.7862657280525513,0.2778327895186886,0.14349112824752974,0.8515702318179847,0.803526125038512,0.26536655380931773,0,0,0,0,0,0,0.539016922100331,0,0,0,0.6471914768969953,0,0,0,1.2112207553967391,8.767653369780655,8.708687328887622,0,Confidential,0.17857680512958107
7103,Middle-aged,1,3,0,0,Overweight,0,0.31404022784573743,0.1907582224260687,0.6810866298186314,0.7839384352360811,0,0,0,0,0,Normal,Normal,Diabetes,Normal,0.37314779240141355,0.6841562565406497,0.8102876393781595,0.6159709603148087,0.13036184161631914,0.9528779959987108,0,1,0,0,0,0,0.8624000386784653,0,1,0,0.8222742092950167,0,0,0,0.1577298654609871,2.2518378695267263,9.98717432670962,0,Confidential,6.2156811328501895
7104,Middle-aged,1,0,1,2,Obese,0,0.9026771564415645,0.6410532184855392,0.8575084779404282,0.1719444948869372,0,0,0,0,0,Stage 2,Normal,Diabetes,Normal,0.59038367154403,0.5339514503947496,0.5532796498424919,0.3777782756446873,0.6512763526789135,0.5676448442010562,0,0,0,1,1,0,0.6996869197437179,0,0,0,0.35650984925969015,0,0,1,2.4340043533179783,9.980028513796077,6.8038108117299885,1,Confidential,0.849531305054561
7105,Young adult,1,1,0,2,Obese,1,0.26690027377960684,0.529070903970392,0.5732774338176623,0.1863298617267427,0,0,0,0,1,Normal,Stage 2,Diabetes,Normal,0.4697890401160416,0.6138702317985472,0.09506725278331474,0.6801020951953207,0.28558513246986983,0.5723191174333323,0,1,1,0,0,0,0.20603158086807796,0,0,0,0.49160512117003546,0,0,0,2.029715400876881,7.612413054479383,0.8625824956645223,0,Confidential,0.33288586125310515
7106,Senior,0,2,1,1,Normal,0,0.47779721910252015,0.09869218532197994,0.9389392025036043,0.38281151876645414,1,0,0,0,1,Normal,Stage 2,Diabetes,Diabetes,0.45096222727048596,0.6084785848006989,0.39465068480861354,0.4149563299302928,0.0230502432143162,0.3113932536497859,0,0,0,0,0,1,0.9255396588323873,0,0,0,0.6653040689142105,0,1,0,1.936774176036277,1.0488827784332588,0.5308555040547647,1,Confidential,17.12132410661512
7107,Senior,1,0,2,2,Obese,0,0.34555155935760146,0.7235331435617177,0.671343460490269,0.5684710040255984,1,0,1,0,1,Stage 2,Stage 2,Diabetes,Normal,0.7771796805862224,0.7446564174410079,0.39686837729255275,0.18426395938278667,0.13205489273251142,0.9204785991100588,0,0,0,0,0,0,0.8475610948926576,0,0,0,0.6667077756105814,0,0,0,0.9491440647795052,8.984590664338556,1.77973606170719,0,Confidential,3.005328837731472
7108,Senior,0,0,2,2,Underweight,0,0.7125607165443826,0.5243660267076766,0.998509079680607,0.7017992720678897,0,0,0,0,0,Elevated,Stage 2,Prediabetes,Diabetes,0.3647445886003365,0.17837343542229817,0.2221687078971366,0.47505022470486696,0.42833405273198877,0.086048276219266,0,1,0,0,0,0,0.9142330064600332,0,0,1,0.7353678723289097,0,0,0,1.6003475842312795,0.1798648432929039,1.0951035976735068,0,Confidential,0.5186809371800026
7109,Young adult,0,2,1,1,Normal,0,0.5224319713740808,0.6019725519572989,0.4019734198655502,0.2341644727081692,0,0,0,1,0,Elevated,Stage 1,Normal,Diabetes,0.393904482506912,0.9927566986163711,0.051258728222216554,0.7197260228928715,0.7803740120076237,0.17613078981610822,1,0,1,0,0,0,0.48493610572691875,0,0,0,0.47290266329591857,0,0,0,2.620816141037537,2.4872303015462807,1.51662455642252,0,Confidential,0.06568482219230513
7110,Middle-aged,0,0,2,3,Overweight,0,0.09014548913187091,0.6940766194257473,0.37888132134900093,0.2523774573555678,0,0,0,0,0,Stage 1,Stage 2,Diabetes,Normal,0.6583397418561238,0.2334895941858618,0.0816841022581134,0.2315410998142315,0.6497790972629801,0.03678491994741631,0,1,0,0,1,0,0.5775229049440833,1,0,0,0.1407289165205469,0,0,0,0.2634598551845784,5.995293289331046,8.521197418939076,0,Confidential,0.12571057241174075
7111,Middle-aged,1,0,2,2,Underweight,1,0.20619100730079815,0.6773907389739023,0.1430452342131008,0.35667380889060174,0,0,0,0,0,Stage 1,Normal,Diabetes,Diabetes,0.5583799967727971,0.9556252296496427,0.6669040073215744,0.11427382469079528,0.5462322216000769,0.9294477536965113,0,0,0,0,0,0,0.9666196481258523,0,0,0,0.6530931188886089,0,0,0,1.4667718662184193,9.670530921808274,9.140914879393828,1,Confidential,1.2209166375575828
7112,Young adult,1,0,0,2,Normal,0,0.6544060628989176,0.1950397964677529,0.7440533820956837,0.04046151631941053,1,0,0,1,0,Stage 2,Normal,Diabetes,Diabetes,0.14762336589127517,0.1920541608602862,0.006414161286888653,0.11788269152507896,0.1785829657016345,0.8430209354358825,0,0,0,0,0,0,0.7593953146548917,0,1,0,0.6174278553537214,0,0,0,3.5887114098871904,6.158417811181131,6.059671227650884,1,Confidential,0.035916982684703766
7113,Middle-aged,0,0,2,0,Obese,1,0.11286996788411813,0.7679249417699158,0.6913078289494546,0.7967803380022161,1,0,0,0,0,Normal,Normal,Diabetes,Diabetes,0.9887764964928074,0.37407404518370047,0.48199258394405486,0.26401365898968715,0.3466287790105488,0.3795037623608353,0,1,0,1,0,0,0.7043243285375846,0,0,0,0.8458171076115409,0,0,0,3.991925053462055,3.808885475234948,0.3690335362372743,1,Confidential,1.3905151941506468
7114,Middle-aged,0,1,0,3,Obese,0,0.6292049579556862,0.407803793469473,0.7290008740325911,0.08191207982780524,0,0,0,0,0,Stage 2,Normal,Diabetes,Normal,0.25652445615958436,0.9262814575943027,0.8095561888473253,0.40656330490112297,0.15534024897069798,0.4836192064287558,1,1,0,0,1,0,0.07247241989551036,0,0,0,0.4157599854878575,0,0,0,1.2106862214700826,0.7039187902884925,2.7505019421913515,0,Confidential,5.21150309859509
7115,Middle-aged,1,3,2,1,Underweight,0,0.3454418790970021,0.12350382486764468,0.377037099858032,0.09521324601797088,0,0,0,0,0,Stage 1,Normal,Diabetes,Diabetes,0.7010884962886973,0.8984150365245932,0.28025161150961875,0.8128668153239154,0.27652452375075265,0.581639720401154,1,1,1,0,0,0,0.5918945404789604,0,0,0,0.5369541214838603,0,0,0,3.682769847362596,8.861468367527362,6.101483118609172,1,Confidential,1.013478326292049
7116,Middle-aged,0,0,0,2,Obese,0,0.4212936157013126,0.43184864941917295,0.6582391337826674,0.2681428113503933,0,0,0,0,0,Stage 2,Normal,Diabetes,Diabetes,0.01895615659681317,0.7152297849648057,0.5562900909312081,0.46360432521260136,0.9400696854505932,0.6856543331826688,0,1,0,0,0,0,0.08658639950298788,0,0,0,0.8584581425453623,0,1,0,2.326133623752778,4.288846867569228,4.247646770706829,1,Confidential,0.5917541002979664
7117,Middle-aged,0,3,0,2,Obese,1,0.7067769487235027,0.04393764324982673,0.4232278690473655,0.1660004031520107,0,0,0,1,0,Stage 2,Stage 2,Diabetes,Prediabetes,0.19225041733238585,0.08590338002707275,0.6243170314562572,0.6552102220188047,0.22070043025501873,0.3273275240810378,0,1,1,0,1,0,0.9790502653348967,0,0,0,0.5592588449648563,0,0,1,2.327733020903352,1.1435706721147865,2.705732793898239,0,Confidential,2.8287984338538017
7118,Middle-aged,0,0,0,3,Normal,1,0.8370771026483599,0.4247168865671763,0.9421286707198234,0.8304435274054861,0,0,0,1,0,Stage 2,Stage 1,Prediabetes,Diabetes,0.965735137281956,0.18764428770618297,0.5108354414854148,0.41627711854499777,0.920710124428614,0.5428923902794907,0,1,1,0,0,0,0.21750561966299867,0,0,0,0.2977286975096818,0,1,0,3.5056657038201933,4.081348481914196,0.5795305770994419,0,Confidential,0.5548276574045882
7119,Young adult,0,2,1,2,Overweight,0,0.7513316923139539,0.5550654361754277,0.5359994702458808,0.9307997636498698,0,0,0,1,0,Stage 1,Stage 2,Normal,Diabetes,0.2078644639190781,0.14150175712212126,0.6515104685571891,0.9564852978536049,0.01509773624967048,0.9590940197900435,1,0,0,0,0,1,0.2544163037971787,0,1,0,0.00455529156797173,0,0,0,0.7476614217456894,0.5624556961455551,4.650051599649554,0,Confidential,43.15285800355724
7120,Young adult,0,2,2,3,Normal,0,0.6325247551292275,0.3138982972136906,0.39677528593336187,0.5007325540136215,0,0,0,0,0,Elevated,Normal,Diabetes,Diabetes,0.0873811283262129,0.7717907161729145,0.5663155520235363,0.18488515942075295,0.7112472887592838,0.24375968311463939,0,0,0,0,0,0,0.31810175621542797,1,0,0,0.9479108991621586,0,0,0,2.9462920064972598,1.9817407264602904,5.2370415651868285,1,Confidential,0.7962287673692652
7121,Senior,1,0,0,2,Underweight,0,0.8850812634016794,0.696538791991113,0.630325823193287,0.24494471341795165,0,0,0,0,0,Stage 2,Normal,Normal,Normal,0.3831501449469537,0.8392974934684392,0.8235795378173671,0.5902686670813424,0.029851008873492624,0.8213021899557048,0,0,1,0,0,0,0.2832863621570506,0,1,1,0.5103867152155469,0,0,0,3.999714985055156,5.397135638583881,6.2129891348026725,0,Confidential,27.58967180331037
7122,Senior,0,1,1,1,Underweight,0,0.232110814918541,0.7334699980067286,0.2939971961000986,0.10144598081525891,0,0,0,1,1,Normal,Stage 2,Prediabetes,Diabetes,0.06993390670738607,0.6256237392396926,0.9183724670868332,0.5655159430991388,0.1799324444944313,0.30936453425598986,0,1,1,1,0,0,0.28571367714349455,1,1,0,0.9872690351251201,0,0,0,0.5335788392083978,3.575277326263673,4.487488854351317,1,Confidential,5.103984829791249
7123,Senior,0,0,0,1,Underweight,0,0.969898361347065,0.14634129176128735,0.8986143879507753,0.7219729365114959,0,0,1,1,0,Stage 1,Stage 2,Diabetes,Diabetes,0.6250519633982693,0.8248802957923653,0.09930191528937371,0.3978464536637409,0.324848948418374,0.5776657645988141,1,1,0,0,0,1,0.17998977921807352,0,0,0,0.06048822416601548,0,0,1,3.5167707719506964,8.985477214714905,0.1795364881913286,1,Confidential,0.305686429871038
7124,Senior,0,1,0,1,Obese,1,0.7233132974362826,0.7330851795478688,0.8113741182724563,0.43266670354835346,1,0,0,0,0,Normal,Normal,Diabetes,Diabetes,0.574519998374512,0.16088999601800558,0.2802377764009818,0.600741715709352,0.4079190660354671,0.049110539587194524,1,1,1,0,0,0,0.6371504402895024,0,0,0,0.6642093090802274,0,0,1,0.5791432439000412,8.31973857124084,4.66179761552559,1,Confidential,0.6869935723392152
7125,Senior,1,0,2,3,Normal,0,0.441016118307122,0.4874895617634656,0.392107892639151,0.4955893338590712,0,0,1,0,0,Normal,Stage 2,Diabetes,Normal,0.7493539627207091,0.05571995390422481,0.986392176657841,0.6584686242631981,0.46182879779938113,0.0537468326702423,1,0,0,0,0,0,0.7978034172419105,0,0,0,0.7644071491606115,0,0,0,3.8104521127255975,6.7978431890441335,0.4313863613456226,0,Confidential,2.135839474190457
7126,Senior,0,1,2,2,Underweight,0,0.406156965589363,0.5984640097752321,0.09353570262932621,0.4392143550675326,1,0,0,0,1,Stage 2,Stage 2,Diabetes,Diabetes,0.8070309560094936,0.9887230870399774,0.4676787394773032,0.5941410484368095,0.5697577795763453,0.006425452012891408,0,1,0,0,0,0,0.8022386649069793,0,0,0,0.9579416262921272,0,0,0,0.7789897325552633,7.104983250253506,1.9808961519255253,1,Confidential,0.8208378301127455
7127,Young adult,0,0,1,3,Underweight,1,0.050078094571014614,0.9912237790307354,0.2883422976515963,0.17944201829715156,1,0,0,0,1,Normal,Normal,Diabetes,Diabetes,0.5188277960052076,0.6731649650202389,0.18982291148078012,0.8014853130974466,0.4239498380502501,0.5337357898573444,0,0,0,0,0,0,0.5704798026827043,0,0,0,0.5910932488055333,0,0,0,1.741399889224717,8.127598516372466,0.8518947393907395,1,Confidential,0.44774851749862143
7128,Senior,1,1,2,3,Obese,0,0.6697267829343698,0.788163150625881,0.6369211681391701,0.21685169628425205,0,0,0,0,0,Stage 1,Normal,Prediabetes,Diabetes,0.25707547821942617,0.2742140675519413,0.7727289497579632,0.965865934653944,0.6380789931005103,0.24550995452310884,0,1,0,0,0,0,0.6294912214042258,0,0,1,0.8479910793435634,0,0,0,2.4067715905188822,1.3293910141203558,9.03134726635096,0,Confidential,1.2110239611606253
7129,Middle-aged,0,1,0,2,Obese,0,0.6721910596497889,0.30540329753757994,0.8407159056066767,0.28905930339978747,1,0,1,0,0,Stage 2,Normal,Normal,Diabetes,0.5024101765707392,0.3301480714980697,0.8759810177095444,0.12540112905463685,0.37955666915104547,0.2967439938145514,1,1,1,0,0,0,0.24343182678179798,0,1,0,0.2833699188342464,0,0,0,1.6499511640195474,0.7515174204175645,9.476362600808969,0,Confidential,2.3079057461138843
7130,Senior,0,1,2,2,Normal,1,0.02315362933486345,0.663367451381433,0.9252356078480185,0.5222687714667028,0,0,1,0,0,Normal,Stage 2,Diabetes,Diabetes,0.9902805345368402,0.5788633919098739,0.46138401891830627,0.7466683857015299,0.6082545217038421,0.7220258319610906,1,0,0,0,0,0,0.662681848522616,0,0,0,0.013441218291715486,0,0,0,1.92715662605874,2.5438862612611555,8.326674057763498,1,Confidential,0.7585377542708235
7131,Senior,0,2,2,1,Obese,1,0.21006399692226732,0.5205739280342513,0.39116363654125785,0.26085725442580665,1,1,0,0,0,Normal,Stage 2,Diabetes,Diabetes,0.08668096605956234,0.3053799375487767,0.4157778103564027,0.21568086666268688,0.6226380511466995,0.6334436955861035,0,0,1,0,0,0,0.7727126328528343,0,0,0,0.937679876205188,0,0,0,1.6116149614764912,6.826373916717192,2.8765016140325583,1,Confidential,0.6677680710176216
7132,Young adult,0,0,0,2,Overweight,0,0.7152911853518167,0.312630076162992,0.015966535485556873,0.14445543238416836,1,0,0,0,0,Stage 2,Normal,Diabetes,Diabetes,0.030169882102913673,0.5346187592603344,0.8972694581340619,0.7934125313400173,0.803516370302003,0.5022338066197319,0,0,0,0,0,0,0.7704661133980084,0,0,0,0.7971579272363243,0,0,0,1.4358208766072351,8.349625216954136,3.160664054104214,1,Confidential,1.1166785037582019
7133,Senior,1,0,0,0,Underweight,0,0.9102183251121364,0.8303247652850492,0.626992961035099,0.2975484367632345,1,0,0,1,0,Elevated,Stage 2,Prediabetes,Diabetes,0.2035484911934189,0.6220163150745901,0.801372031756642,0.8542802456184695,0.11465727315886903,0.49146196301302914,0,1,1,0,0,1,0.1775978967505341,0,0,0,0.21034216501409864,0,0,0,0.9550392372465856,7.774053252342995,6.243056414237127,0,Confidential,6.989282142147768
7134,Young adult,1,1,1,1,Normal,0,0.5260123830167737,0.7431002283839233,0.3349467958698024,0.8872800703929457,0,1,0,0,1,Stage 1,Stage 2,Diabetes,Diabetes,0.13793517887255263,0.7126353946897043,0.7579366271819874,0.6394332547883628,0.1190481522195368,0.10087706359314913,0,0,0,0,0,0,0.9472074426111448,0,0,0,0.15443206682755134,0,0,0,0.1069365779020286,2.580733064613745,6.397410440202775,1,Confidential,6.366639154417751
7135,Middle-aged,1,0,1,1,Obese,1,0.31321903996359673,0.6413789698804838,0.466533672850324,0.3838761000629135,0,0,0,0,0,Elevated,Stage 2,Normal,Normal,0.3009835627800593,0.5287819453661656,0.6266217981628013,0.5552046585313206,0.275600044834191,0.9795844033586296,0,1,1,0,0,0,0.3147865728339056,0,0,0,0.8846733269816031,0,0,0,3.9481994022738207,3.7609251588636416,9.27007228797939,0,Confidential,2.273663629263178
7136,Senior,0,1,0,1,Obese,1,0.28569385769894173,0.5786735201314012,0.26156714059014663,0.8485745572142275,0,0,0,0,1,Normal,Stage 2,Prediabetes,Diabetes,0.5824372829658447,0.9370558791480522,0.3453580789005972,0.7061844188874886,0.018621165634017167,0.4133714323069241,1,1,0,1,0,0,0.03931741387942689,0,0,1,0.39755797762147344,0,0,1,3.624751367009383,6.256123110695732,5.264843123369025,1,Confidential,18.5465338576709
7137,Middle-aged,0,0,2,2,Normal,0,0.2911069944143806,0.35966064990676183,0.43210978770887565,0.9683307798715476,0,0,0,0,0,Elevated,Normal,Normal,Diabetes,0.8289894814364873,0.5780940776631796,0.09644576369155389,0.559877662808947,0.015855617453333415,0.19331981565949066,0,0,1,0,0,0,0.11315194988653757,0,0,0,0.828954988261916,0,0,0,2.5397395656247497,9.079732796834268,0.2194922042255287,0,Confidential,6.082750417977419
7138,Senior,1,0,2,2,Underweight,0,0.32435621453451263,0.5533137793846924,0.10700078882465267,0.04951278824064853,1,0,0,0,1,Stage 2,Stage 2,Normal,Diabetes,0.07654531438249552,0.4534212473250041,0.7548194224884988,0.8586663229060854,0.5766405245533549,0.8646200156107542,0,1,0,0,0,1,0.8613635455911947,0,0,0,0.6751026141513965,0,0,0,1.1508244712019322,7.632703605234528,8.302056185725036,1,Confidential,1.3089947555683064
7139,Young adult,1,0,2,1,Obese,1,0.6296649153330595,0.558365836657453,0.32272264157458014,0.611991968681954,0,0,0,0,0,Stage 2,Normal,Diabetes,Normal,0.6132116319252594,0.9737182535563665,0.7954813513312744,0.499351687061155,0.6360977941664588,0.40816945972658125,1,0,0,0,0,0,0.6529102298910243,0,0,0,0.5263966047918693,0,0,0,1.9861772889948828,3.1525189967768874,7.398262035040818,0,Confidential,1.2505645493923956
7140,Middle-aged,1,1,1,2,Underweight,1,0.7669002356212473,0.7152304994238041,0.08716902664634646,0.5310651224004054,0,0,0,0,0,Normal,Normal,Normal,Normal,0.7588456042027039,0.37390329527816973,0.052294388299491956,0.628449976331666,0.6087092853217371,0.25394859676146,0,1,0,0,0,0,0.6801679337065039,0,0,1,0.5551115310697442,0,0,1,0.7028576985302815,9.775810946162418,3.4595631739001256,0,Confidential,0.08591028518950788
7141,Senior,0,1,0,1,Overweight,0,0.1942496722134699,0.9975493700064926,0.9551919205238937,0.9942321457637237,0,0,0,0,0,Normal,Stage 2,Normal,Prediabetes,0.8995246782696347,0.804450596058812,0.25270565918204446,0.07884772143361346,0.05771824565609296,0.5897651991317387,1,1,0,0,0,0,0.43486714462754705,0,0,0,0.9651729427757556,0,1,0,2.0646187938805496,9.264258316438486,7.133901991327111,0,Confidential,4.37826299655329
7142,Young adult,1,2,2,3,Normal,0,0.8111404370650349,0.5114495798136249,0.9547310687998265,0.477759676616322,0,0,0,0,0,Stage 2,Normal,Prediabetes,Normal,0.15554853778573502,0.9325082507945025,0.6311153597284225,0.8131868011803864,0.6471032858240671,0.3216627644943377,0,1,0,0,0,0,0.41942867350906626,0,0,0,0.3467287696628774,0,0,1,0.2998641197308189,3.2052350354024077,3.90856774663121,0,Confidential,0.9752930846653259
7143,Young adult,1,0,2,2,Normal,0,0.15056116172006279,0.6124287219630218,0.9931843483345588,0.4083133318099409,0,0,0,0,0,Elevated,Normal,Normal,Diabetes,0.657916340301596,0.7031063663700585,0.4744460276313449,0.0804474654790201,0.39988616287696677,0.8164465880948493,1,0,0,1,0,1,0.16606200652462197,0,1,0,0.6935737148441333,0,0,0,3.431620021024708,4.252746654458656,9.538749029837335,0,Confidential,1.186452724990432
7144,Senior,1,0,1,3,Normal,1,0.2666969554797435,0.557257034588926,0.6244643541389485,0.1570745037850222,0,1,0,0,0,Stage 2,Stage 2,Normal,Diabetes,0.9132014561418182,0.5903225348120625,0.03491492683841413,0.5733865729779504,0.08801622991292624,0.3809003557237264,0,1,0,0,0,0,0.7860886994480583,0,0,0,0.4669605412206835,1,0,0,3.4862163870094305,4.0177123101275285,4.322832789927007,0,Confidential,0.396687370874158
7145,Young adult,0,0,1,0,Obese,1,0.30847315577917545,0.6303972592819723,0.5214362091084721,0.05623785984162566,0,0,0,0,1,Elevated,Stage 1,Prediabetes,Diabetes,0.5509390406683893,0.5687203991217146,0.5840936410206279,0.03652954656116009,0.06289767220982073,0.9360655246156993,0,0,1,0,0,0,0.6243179105383933,0,0,0,0.6247321310333233,1,0,0,1.9053735428823064,6.232805932504228,7.0760794531619,0,Confidential,9.286411094390685
7146,Senior,0,3,0,2,Obese,0,0.5553650185511122,0.6342027673780513,0.5992351006459927,0.5096616890614277,0,0,0,1,1,Stage 2,Normal,Normal,Normal,0.8901719411157358,0.9847774468787972,0.6474182660786729,0.44943574000291747,0.053341342638334566,0.9785048918802493,1,1,0,0,0,0,0.34992303580702533,0,0,0,0.830566470762583,0,0,0,0.1538733608571738,9.977493886245394,5.839767234619211,0,Confidential,12.13726978093341
7147,Senior,1,3,1,3,Overweight,0,0.0005915860138311626,0.06483319054869342,0.11500912067435748,0.7109789147673556,1,0,0,0,0,Stage 1,Stage 1,Diabetes,Diabetes,0.8781211506642725,0.6479737319585938,0.4684432663071849,0.3216704602181801,0.18855980901525576,0.3284181553930391,0,0,0,1,1,0,0.4515616240826074,0,0,0,0.40889886814010473,0,0,1,1.640495788711604,4.531502916951974,8.93160595180199,1,Confidential,2.4843219175581828
7148,Middle-aged,1,0,1,1,Obese,0,0.19992933189226783,0.9281743574643271,0.04915390012708887,0.8831303236793538,0,0,0,0,0,Normal,Stage 2,Diabetes,Diabetes,0.4190688374928411,0.5852406610135331,0.9781504425508445,0.48268891623672633,0.42675655788421285,0.5270778423906752,0,0,1,0,0,0,0.019611295370815466,0,0,0,0.32339284690749864,0,0,0,2.2865432847790155,6.941840144563995,0.247322047171612,1,Confidential,2.292057203292551
7149,Senior,1,0,2,1,Overweight,1,0.46769431869422173,0.064157612569755,0.7498528248131097,0.2632581075455134,0,0,0,0,0,Normal,Stage 2,Prediabetes,Diabetes,0.5382277202983629,0.32384662407501813,0.24229834602515776,0.8794307276673561,0.28912215187389967,0.5056604970881474,0,1,0,0,0,0,0.6247288624163952,0,0,0,0.5421632594530452,0,0,0,1.908801526776021,1.695618719649149,4.845105349953,0,Confidential,0.8380483627931627
7150,Young adult,1,0,1,1,Obese,0,0.3423795899051183,0.22816413984817058,0.779123150263023,0.1631183265959809,1,0,1,0,0,Stage 1,Normal,Diabetes,Normal,0.2081703550302742,0.46838470228463747,0.5263377743895403,0.30223161137112303,0.2687944655903991,0.664724447497257,0,0,0,0,0,0,0.5626536901779456,0,0,0,0.18002200408315128,1,0,1,2.903330230986809,4.183942018148382,5.771528855528558,0,Confidential,1.9581421560650625
7151,Senior,0,3,2,0,Normal,0,0.9030711019867186,0.9794184943612506,0.7624743146613691,0.03542178621168102,0,0,0,0,0,Stage 2,Normal,Diabetes,Diabetes,0.026198726839139694,0.6371788661138456,0.8882838941588898,0.5944683312291508,0.401773670574045,0.8198763668050824,0,0,0,0,0,0,0.2119028190335563,0,0,0,0.8297829731853572,0,0,0,2.529373730274257,2.9604819659073534,0.6025181797320822,1,Confidential,2.210906187281337
7152,Young adult,1,1,1,0,Obese,0,0.885459487607966,0.7689387089365732,0.9591781224121754,0.2668488067385535,1,1,0,0,0,Stage 1,Stage 2,Diabetes,Diabetes,0.9344669921400841,0.6355704753263622,0.8602214009220619,0.9477852348403912,0.6117401963524621,0.07784617583847558,0,0,0,0,1,0,0.965337634810168,0,0,0,0.14252467819222084,0,0,0,1.4239465605578476,4.163860530886608,4.169686419225164,1,Confidential,1.4061874731318686
7153,Senior,0,0,1,3,Obese,1,0.49749253906834795,0.37994200732021965,0.7748868458050359,0.6498541409336759,0,0,0,1,0,Stage 1,Normal,Normal,Normal,0.21621987227222422,0.9355432472748392,0.35312087242169277,0.1145114325557835,0.9752764073998954,0.6058419539035281,1,1,0,0,0,0,0.3730442207627821,0,0,0,0.093940823896177,1,0,0,2.911151788255837,3.374360452875077,9.51611947510479,0,Confidential,0.3620726080754065
7154,Middle-aged,0,0,0,3,Obese,1,0.49140303686629616,0.9369146626272555,0.8745183094975578,0.9799857934227155,0,0,0,1,0,Normal,Normal,Normal,Diabetes,0.054768846182006156,0.6466927051598699,0.599988947195961,0.021565361026853136,0.7339614171449378,0.9405900104200893,0,0,0,0,0,0,0.18482893289358687,0,0,0,0.5288180593708163,0,0,0,1.21699624891339,9.81659220177823,8.059480188234375,0,Confidential,0.8174666040755644
7155,Senior,0,0,1,3,Overweight,0,0.23467903534625537,0.6888329563515911,0.690204361577973,0.0560247210423892,0,0,0,0,0,Normal,Normal,Diabetes,Diabetes,0.24217928600659194,0.25702339615548636,0.5410991562768261,0.595515356988507,0.00955701012990351,0.3604666666793399,1,1,0,1,0,0,0.5796717513744518,0,0,0,0.7975301359256016,0,0,1,2.999365443869208,7.60420978176848,6.145140745108258,1,Confidential,56.618037327777664
7156,Senior,1,0,0,0,Obese,0,0.08441269527619108,0.13337572729240035,0.44860162267331843,0.5035547119287623,0,1,0,0,0,Normal,Normal,Diabetes,Diabetes,0.409155762444282,0.6528935346063295,0.15244793038147408,0.1973058470831463,0.3312347426250062,0.4351810323455372,0,0,1,1,0,0,0.1300240068269807,1,0,0,0.019796319177732374,1,0,0,0.5209621584499855,1.962035920980948,3.892112643310841,1,Confidential,0.4602413659066608
7157,Middle-aged,0,0,0,2,Obese,0,0.49582617941758184,0.424130840549204,0.25597706652345764,0.19597544978414205,1,0,0,0,0,Stage 2,Normal,Normal,Prediabetes,0.348010699774952,0.6067543021165831,0.9912481276332588,0.7364393271106937,0.44915608146660957,0.4551497403162824,0,1,1,1,1,0,0.6745372245459006,0,0,0,0.29544042905414364,0,0,0,1.0505518076100189,2.585230203771427,1.2584428045563067,0,Confidential,2.206912404250611
7158,Middle-aged,0,0,1,1,Obese,0,0.7441754782789832,0.5197503841895648,0.4869014751787949,0.5662680567260406,0,0,0,0,0,Normal,Stage 2,Normal,Normal,0.2885415967390638,0.17024945367604533,0.3498717549817767,0.7916558772456188,0.49829064390720434,0.4395399082099669,0,1,1,0,0,0,0.3626584438736867,0,0,0,0.3288228722041623,0,0,0,2.687343559219304,5.267384821983464,8.628651269328335,0,Confidential,0.7021439380004345
7159,Young adult,0,0,2,1,Normal,0,0.33887606756945576,0.5692709857988348,0.5627319396324583,0.338207697102778,0,0,0,0,0,Stage 2,Stage 2,Diabetes,Normal,0.4517243583984891,0.13522510024235262,0.08313208437466368,0.5515673893911186,0.6359227334618216,0.42490369649543847,0,0,0,0,0,0,0.46134833703824746,0,0,0,0.6940640009851086,0,1,0,3.5365515494174,0.6213148975518268,3.894235581570892,0,Confidential,0.1307267062495331
7160,Middle-aged,1,2,0,3,Underweight,0,0.8830187230812959,0.17846729682659296,0.25906340204492917,0.4811393053936893,1,0,0,0,1,Stage 2,Stage 2,Normal,Diabetes,0.30197188021962923,0.2532201712821456,0.3578209129318344,0.37750075273759637,0.20362077249468313,0.891934217661108,0,1,1,1,0,0,0.11768743206747247,0,1,0,0.49167910180998287,0,0,0,3.4000204929598747,0.4105477782947497,2.854119037125896,1,Confidential,1.7572908134467355
7161,Middle-aged,0,0,1,2,Normal,0,0.5060341679750843,0.06910035822442222,0.9817521666275371,0.23433043954378818,1,0,0,0,0,Stage 2,Normal,Prediabetes,Diabetes,0.06799051845253591,0.5900195612932859,0.15393563292433932,0.0754032105870438,0.4593870826960438,0.6025324565684455,1,0,0,0,1,0,0.5231426113375383,0,0,0,0.9281262011117299,0,0,0,2.3284510769229056,6.585692839374749,8.120230900586424,0,Confidential,0.33508916276209655
7162,Young adult,1,0,1,1,Normal,1,0.4496496257391562,0.6128514826848855,0.46071607761097183,0.15567758598854875,0,0,1,0,0,Normal,Stage 2,Diabetes,Prediabetes,0.5970114468884924,0.07874931966926153,0.2898533637067544,0.6063551826199829,0.5996740625476658,0.26311765707041956,0,0,0,0,0,0,0.6190610920689499,0,1,0,0.07439549525474252,0,0,0,1.289817172434906,1.4360413523567783,6.464887997938661,0,Confidential,0.4833515101109031
7163,Young adult,0,0,1,2,Obese,1,0.5242200398841615,0.5281233996957189,0.5356947938334277,0.6904383920202736,1,0,0,0,1,Normal,Stage 1,Prediabetes,Diabetes,0.20963475499503698,0.7526160823931803,0.8279070303903981,0.7768544242822135,0.10897629526886132,0.7766202050229887,1,0,0,0,0,0,0.9450480594806909,0,0,0,0.947543993659538,0,1,0,1.9797854155621968,0.9616760762811116,7.085608412466416,0,Confidential,7.597129525717715
7164,Senior,0,1,2,0,Overweight,0,0.21499529825091598,0.774227467530878,0.46238604571958364,0.8089009844961444,0,0,0,1,0,Elevated,Stage 2,Diabetes,Normal,0.5904630914731325,0.6419098851819093,0.02112856836463961,0.4720511971851002,0.8906758987990107,0.1734486869575684,0,1,0,1,0,0,0.36225255356255576,0,0,0,0.7191189626241434,0,0,1,3.866852586777677,0.5694237123367141,8.908463713915697,0,Confidential,0.023721949132259466
7165,Young adult,1,0,0,2,Obese,1,0.5230532182421668,0.7719417719596663,0.8598795679386362,0.547572098334954,0,0,0,1,0,Stage 1,Stage 2,Diabetes,Diabetes,0.759720351390455,0.993454941277791,0.5606730607871631,0.26479098999596523,0.9922173860486962,0.16847625381184753,0,1,0,0,1,0,0.7696984668753597,1,0,0,0.0739364453624378,0,0,0,3.6675270706684726,1.9500299905891092,2.343853339212705,1,Confidential,0.5650707885899171
7166,Senior,1,0,0,3,Obese,0,0.16603683377341089,0.5769053483721066,0.3737118430952277,0.050415319351486354,0,0,0,0,0,Stage 2,Stage 1,Prediabetes,Diabetes,0.7702718015682141,0.9330018732986766,0.7453612366688063,0.8865336340290315,0.4810451894153509,0.6589557547698757,1,0,0,0,1,0,0.7713904527575506,0,0,0,0.404587420429509,0,0,1,3.118787273972204,4.705998031173074,7.932794786833926,0,Confidential,1.5494619904102935
7167,Senior,0,1,0,3,Obese,0,0.15331637604291742,0.07942788065151211,0.6912199697503045,0.9369926474415992,1,0,0,0,0,Stage 2,Normal,Normal,Diabetes,0.3557268723922692,0.7861250822127888,0.9443554254433351,0.8742630137807739,0.2527348389540207,0.9993331125599043,0,0,0,0,1,0,0.6402118376489536,0,0,1,0.06499992192817583,1,0,0,1.4321918935465945,6.844699079557227,7.409337936770205,0,Confidential,3.7365462923579713
7168,Senior,0,0,0,1,Normal,0,0.4457877509398648,0.9719860530694081,0.5159989617603247,0.9512436641475156,1,0,0,0,0,Stage 2,Stage 2,Diabetes,Normal,0.40369267118244156,0.09573052868167369,0.19072362536698795,0.11323303016059932,0.6318656454115723,0.3979956283245364,0,0,0,0,0,0,0.7885285512485213,0,0,0,0.2091355263324681,0,0,0,3.679659096450671,2.8037835208888358,6.526760891378938,0,Confidential,0.30184205574708545
7169,Young adult,1,0,1,3,Underweight,0,0.8364406754541736,0.030086819200667587,0.4684118765236431,0.17596107830162466,0,0,0,0,0,Normal,Normal,Diabetes,Diabetes,0.8980803776674195,0.24736808008686,0.07169805376219873,0.6668992994857594,0.8403284884729285,0.8622225092132061,0,0,1,1,1,1,0.5080415550152565,0,0,0,0.8874703932950094,0,0,1,1.0969032172682662,5.90282869891122,3.1102185178200816,1,Confidential,0.08532146029285607
7170,Middle-aged,1,1,1,1,Normal,0,0.6473689228281628,0.5879283418003424,0.8500060115165095,0.9240834678055708,0,0,0,0,0,Normal,Normal,Diabetes,Normal,0.6459675473671538,0.4470834341326644,0.4439781464352157,0.3686568847615604,0.3883407981074086,0.6143734940426524,0,0,1,0,0,1,0.9164309823085833,0,0,0,0.7541677832082583,0,1,0,1.259641529139306,7.699001177190028,8.10307578319836,0,Confidential,1.1432693876073734
7171,Young adult,0,0,1,1,Normal,0,0.7997224047405959,0.03124440562838318,0.053617174119022636,0.9513779352711199,0,0,0,0,0,Stage 2,Stage 1,Diabetes,Diabetes,0.7445029364968826,0.1928286990968785,0.18909455511276474,0.4073458481720949,0.12958487011282255,0.9497141110735823,0,0,0,0,0,0,0.3558292323496961,1,0,0,0.06392310613849349,0,0,0,1.582455040551603,4.627515557413123,1.470367600998077,1,Confidential,1.459233280460368
7172,Middle-aged,0,0,2,2,Obese,1,0.19270014935024557,0.15148904909640182,0.006594902786489192,0.6903231575616616,0,0,0,0,0,Normal,Stage 2,Diabetes,Diabetes,0.10706458698909267,0.45181925961306324,0.5550846220015682,0.15980153210675707,0.9766465219060452,0.4312280347000106,0,0,0,0,0,0,0.810371002419976,0,0,0,0.9912824751656016,0,0,0,1.6596648484670355,1.9173163542826643,5.967900704814332,1,Confidential,0.5683577523199004
7173,Middle-aged,1,2,1,1,Obese,1,0.40031726417720737,0.7245460455032839,0.5253161415086779,0.8598261907269092,0,0,1,0,1,Normal,Stage 2,Prediabetes,Diabetes,0.033296829397342506,0.09046889202835344,0.054807867299955015,0.33776613413915985,0.7053889976131216,0.08553010914426351,0,0,1,1,0,0,0.5641096667659667,0,0,1,0.07844237236373605,0,0,0,1.6395866727073138,2.6762133522427947,8.82280482436456,1,Confidential,0.07769878391272414
7174,Young adult,1,0,1,2,Underweight,0,0.6325530737430117,0.36335887761593894,0.7904379056258606,0.2711430467671343,1,0,0,0,1,Stage 2,Normal,Diabetes,Prediabetes,0.12450982299562276,0.7786873304215195,0.5461704933317986,0.06280544307550195,0.45358653261980764,0.4129893213164516,0,0,0,0,0,0,0.7615862097858802,0,1,0,0.9227702966420221,0,0,0,3.1295403745181294,3.610995023956046,1.930359819337064,0,Confidential,1.2041153210110715
7175,Young adult,0,3,2,2,Obese,0,0.9903790644899421,0.026997451286380092,0.4011639372537743,0.6791318681996444,0,0,0,1,1,Stage 2,Stage 2,Diabetes,Diabetes,0.9172982587083334,0.0021427220748568843,0.5700736184221837,0.9568025408993501,0.08452321915907701,0.4181993586708618,0,0,0,0,0,0,0.6695307010789041,0,0,0,0.22240522173231694,0,0,0,1.4225413296692633,4.758946817366637,7.657388539829487,1,Confidential,6.744580058519495
7176,Young adult,1,1,2,0,Obese,1,0.6863957333986235,0.9116088805214682,0.5272195328111429,0.39916979341891345,1,0,0,0,0,Stage 2,Stage 2,Normal,Diabetes,0.5472049142803141,0.4004037343045851,0.768441879225868,0.6120928697447225,0.8650986605884232,0.3805685720322951,1,0,0,0,1,0,0.9173810480097792,0,0,0,0.7931444336887474,0,0,0,1.5961888873842378,6.645605153872227,2.9443189695323744,0,Confidential,0.8882707998914122
7177,Young adult,1,0,0,3,Overweight,0,0.8983628322622693,0.0945633893080415,0.20947455364721984,0.01748938188968574,0,0,0,0,0,Stage 2,Normal,Prediabetes,Normal,0.7624675242427799,0.2136217528122773,0.19359135431098884,0.8022640349766808,0.4031276932311634,0.49217663127043687,0,0,0,0,0,1,0.06413154223777276,0,0,0,0.3802816491290228,0,0,0,3.692911222195349,3.448050526856601,9.644585575145172,0,Confidential,0.48022340702844935
7178,Middle-aged,1,2,1,1,Overweight,1,0.7756947889627616,0.7683759442126917,0.7724301340466541,0.36757196034358397,0,0,0,0,1,Stage 2,Stage 2,Diabetes,Diabetes,0.02825125000009547,0.5623330831742172,0.12263275270425411,0.3799611896131056,0.4560318681258657,0.8909649734330343,1,1,1,0,1,0,0.17480424286890162,0,0,0,0.1498353022280868,0,0,0,1.5943581339760509,5.003770803013286,3.4582850026682346,1,Confidential,0.26891268193214785
7179,Senior,0,0,2,1,Underweight,0,0.9745733515006116,0.6444600600400913,0.9152047957426432,0.8328095160079289,0,0,0,0,0,Stage 2,Stage 1,Prediabetes,Diabetes,0.902566649117553,0.14106210190139679,0.8684567634209854,0.9486634821371469,0.7299108811355413,0.17185191688929316,1,1,0,0,0,0,0.05662970505748038,0,1,0,0.2828790464844855,0,0,1,3.02533874643629,9.569030965210706,9.60859385575905,0,Confidential,1.189812052219176
7180,Young adult,0,2,1,3,Normal,0,0.43732453356183343,0.11321470477474234,0.6392361503376078,0.41634580677425415,0,0,0,1,1,Stage 1,Stage 2,Diabetes,Diabetes,0.8845415479326707,0.5917209126924008,0.6743869919690682,0.19473307572396775,0.4663172406496826,0.021369940541512977,0,0,0,0,0,0,0.4092234068891933,0,0,0,0.8610672204040762,0,0,0,3.797457681844437,3.319204151408993,0.2868261255406412,1,Confidential,1.4461978524094425
7181,Young adult,1,0,0,2,Obese,0,0.7370893503637687,0.6213342240215698,0.698658457086584,0.6112713255322592,0,1,0,1,0,Stage 1,Stage 1,Diabetes,Normal,0.08522634041827855,0.3875499360964364,0.06672657700203732,0.9260382802516529,0.006460323026641623,0.9083886274390129,0,0,0,0,0,0,0.9117057741328125,0,0,0,0.2211555743424244,1,0,0,1.3665024596142534,2.795190066812255,6.478756877300463,0,Confidential,10.328675010036596
7182,Senior,1,0,0,1,Obese,0,0.9793036444817378,0.3380104041822575,0.5012305934807881,0.20107757414220362,0,0,0,0,0,Elevated,Normal,Prediabetes,Diabetes,0.10567221295633682,0.7976929982324785,0.44646713320083276,0.09146636057703328,0.5126366107191028,0.813259386954911,0,0,1,0,0,0,0.447924001919276,0,0,0,0.24548508162602134,0,0,1,0.8268321091506263,4.144672231006531,4.815235719969094,0,Confidential,0.8709232307356071
7183,Young adult,1,0,2,1,Obese,0,0.34054098771619634,0.819144201983324,0.5055035013859505,0.9259133650369101,0,0,0,1,0,Stage 2,Stage 1,Diabetes,Normal,0.5825583663655927,0.8876226403207447,0.6371388225443104,0.9128356496273493,0.17128714243616122,0.772293552230289,0,1,1,0,0,0,0.16323100332160403,1,0,0,0.8007182099200312,0,0,1,2.6139732527840582,3.2408890002823485,0.464588123387426,0,Confidential,3.719711902963016
7184,Senior,1,0,0,3,Normal,0,0.029834908098151963,0.35057602007396144,0.5830872578164068,0.4160958220594523,0,0,0,1,0,Normal,Stage 2,Prediabetes,Diabetes,0.7204415564890594,0.6736202982370686,0.02248903714921413,0.33761636722663274,0.591312950070358,0.8750505694148771,0,1,1,0,0,0,0.9461392364901137,0,0,0,0.33100172879395434,0,0,0,0.4188894584184277,1.467377809116488,9.725299216184792,0,Confidential,0.038032377181217235
7185,Middle-aged,1,0,1,2,Normal,0,0.5229375529533752,0.9887290592087186,0.40695168708852636,0.18573370406351897,0,0,0,0,0,Stage 2,Normal,Normal,Diabetes,0.8463830208392988,0.2825982409092523,0.5285248465841661,0.16051518347009003,0.5766546900398815,0.9660499007611527,0,0,1,0,0,1,0.2425620808770568,0,0,0,0.22959884655390317,0,1,0,0.3810146345780665,7.324355886542643,7.008200844551324,0,Confidential,0.91653611028051
7186,Middle-aged,1,0,1,2,Normal,0,0.42858531590665666,0.4370806923753418,0.3800571047574983,0.7455620545332774,0,0,0,0,0,Normal,Stage 2,Normal,Normal,0.26599228477564246,0.44027786026278726,0.18835432153254406,0.6344187952655556,0.35079242167218805,0.7421322998372858,0,1,0,1,1,1,0.7150881949642945,0,0,1,0.1193203923382417,0,0,0,3.3115706783621057,0.8499168837799009,1.029726756851408,0,Confidential,0.5369395400125242
7187,Middle-aged,1,1,2,2,Underweight,0,0.9694427994192263,0.15696757953074217,0.9634786451776017,0.6675164077558254,0,0,0,0,1,Stage 2,Stage 1,Diabetes,Normal,0.5430756146630845,0.29466925717407816,0.06498108997246077,0.7786094525853475,0.8689198156021802,0.07910657072428323,0,0,0,1,0,0,0.6553415778142999,0,0,0,0.44295096764547465,0,0,1,0.7938628364818778,7.285488321310592,0.9702381727368914,1,Confidential,0.07478375887587219
7188,Young adult,0,0,1,2,Obese,0,0.7071986257875524,0.9873696939002905,0.5793611992399396,0.280742074452737,0,0,1,0,0,Stage 2,Normal,Diabetes,Prediabetes,0.10876590507168184,0.9554930099495637,0.033240598180028114,0.13848169940712907,0.12256724512754585,0.8067243099897448,1,1,0,0,0,0,0.30555417004775154,0,0,0,0.1347492609458996,0,1,0,1.9859812152081524,4.293428544336399,2.982529990401619,0,Confidential,0.2712029477813367
7189,Senior,0,3,0,1,Normal,1,0.7236673204570806,0.5057205836872777,0.6485867710605139,0.7347613672375256,0,0,0,0,0,Stage 1,Stage 1,Prediabetes,Diabetes,0.11481553423569617,0.20697265464944525,0.7709376275929005,0.9642816497230702,0.7496092718495116,0.2871760148313044,0,0,0,0,0,1,0.08943649221204332,1,0,1,0.9100682479760592,0,0,0,3.5228529619684315,5.35401563742059,1.407595944337039,0,Confidential,1.0284526306495188
7190,Middle-aged,1,0,1,1,Normal,0,0.7264466456431576,0.3583862511628199,0.2682062336217398,0.6400590118340391,0,0,0,1,0,Normal,Stage 2,Diabetes,Prediabetes,0.30088566593213645,0.048565155320408185,0.07690741499043341,0.18357438766861417,0.07848657666633413,0.2577231966972424,0,0,0,0,0,0,0.36286575055383957,0,1,0,0.35338966657705034,0,0,1,3.419625718172772,4.1058176579515,6.800056911515152,0,Confidential,0.9798798502498826
7191,Senior,1,0,0,2,Overweight,0,0.20207809627942228,0.8537952736029749,0.9469294601351347,0.4256988813165282,1,0,0,1,1,Stage 2,Stage 2,Diabetes,Diabetes,0.46375362493210426,0.7865701709607762,0.4185348812021046,0.07624687060315061,0.5583222468514043,0.6506105994452672,0,1,0,1,0,0,0.3370417272300558,0,0,0,0.015183394764076267,0,0,0,0.9428854349995972,7.7971407538524655,5.275438174988086,1,Confidential,0.7496295975350886
7192,Middle-aged,0,2,2,3,Underweight,1,0.03533454869599372,0.48244782929475816,0.7258980064734231,0.5144369206753882,1,0,0,0,0,Stage 2,Stage 2,Prediabetes,Prediabetes,0.024554136632765275,0.09508348286169237,0.923199290437386,0.8294151583938745,0.3303381422980576,0.25100896749179036,0,1,0,1,0,0,0.6658015493982974,0,0,0,0.9040580384792639,1,0,0,1.001071781447635,1.4522674432374982,3.8289508684426554,0,Confidential,2.7947099418038186
7193,Senior,1,0,1,2,Obese,0,0.840041360309484,0.9966635228623488,0.6528056748263433,0.2564358617280551,0,0,0,1,0,Normal,Stage 2,Diabetes,Diabetes,0.7944532583424415,0.8757378888047159,0.39660004854574327,0.979104272520827,0.8285349736374856,0.4601785133242614,1,1,0,0,0,0,0.16435093066886325,0,0,1,0.22324844902010896,0,0,0,0.5736395471156266,1.8896563845890857,5.317200385772455,1,Confidential,0.4786762914841906
7194,Senior,0,2,0,1,Normal,0,0.6603765279381555,0.42384480623429843,0.8056766957480185,0.1015034699180627,0,0,0,0,0,Normal,Stage 2,Diabetes,Diabetes,0.8619140381690523,0.21132704996320767,0.23693029095539586,0.7271272438610086,0.29180695709547677,0.372371787404279,0,1,1,0,0,0,0.14691511608545677,1,0,0,0.24265556243721062,0,0,1,1.198208209454445,6.531041761578383,7.833727968477563,1,Confidential,0.811941885531791
7195,Young adult,0,0,1,2,Overweight,0,0.41559516477376063,0.7437539059457353,0.4444010507757064,0.42573000501042035,1,0,0,0,0,Normal,Normal,Prediabetes,Diabetes,0.3641829305748296,0.027462261031082777,0.7167448880194895,0.3497310168897357,0.0904670243532284,0.5569980427609853,0,0,0,1,0,0,0.9999617659732178,1,0,0,0.7115817173286632,0,0,0,1.666685263265386,3.3735499658729937,1.4387582166912216,0,Confidential,7.922719832377375
7196,Senior,0,0,1,2,Overweight,0,0.6772116136306331,0.9929147292463149,0.4932292564866781,0.9049490210430292,0,0,0,0,0,Stage 2,Stage 1,Normal,Diabetes,0.8895838801485689,0.10978953111506519,0.9721622690436431,0.7673277792207174,0.5385372622574102,0.9245569250800287,1,0,0,0,1,0,0.5957270988899063,0,0,0,0.8862858982376515,1,0,1,0.4954289561113203,4.958189254260535,0.1786797153087493,0,Confidential,1.8051903501878181
7197,Young adult,0,0,2,3,Obese,0,0.24622873253041425,0.4768341044805568,0.8701451848788369,0.988746446147248,0,0,0,0,0,Stage 2,Stage 2,Diabetes,Normal,0.25096094157794857,0.038642385058459586,0.7096447448485519,0.36125256969896963,0.15590855000252407,0.897533843622556,0,0,0,1,0,1,0.333589650888496,0,1,0,0.6947419264461845,0,0,0,1.208559145074542,8.505420720706695,2.1955803951308583,1,Confidential,4.551673047033425
7198,Senior,0,0,0,2,Underweight,0,0.6055336119335232,0.3838795038859352,0.8489767284572081,0.7000444431418763,0,0,0,1,0,Stage 2,Normal,Prediabetes,Diabetes,0.10372747073763545,0.04173658149420438,0.6193266342680679,0.7904438825372442,0.6096715805978125,0.5929245582940499,1,0,0,0,0,0,0.8393971263714273,0,0,1,0.80462161750235,0,0,1,2.7365029039460413,5.42039920037773,9.236391945877672,0,Confidential,1.0158364830796085
7199,Senior,1,0,1,2,Obese,0,0.35363603045984726,0.11676133331792872,0.7760191771586064,0.4595145453259616,1,0,0,1,0,Stage 2,Stage 2,Diabetes,Diabetes,0.8019022579347364,0.872841150094149,0.23220436280692325,0.3027660937920769,0.18432615882251513,0.07583677911427733,0,0,0,0,0,0,0.3144776739377969,0,1,1,0.42386077151250523,0,0,0,0.5504906471136106,5.873717917452663,2.12611823107131,1,Confidential,1.259747201863569
7200,Senior,0,0,1,1,Obese,0,0.16074079963943508,0.6111783991754428,0.34636486271951233,0.3460690759574011,1,0,0,0,0,Stage 2,Normal,Diabetes,Diabetes,0.5123908824166247,0.579708816992692,0.15629439837010262,0.3351310269574301,0.06933326831529968,0.7832179388694512,0,0,1,0,0,0,0.13230302678705347,0,0,0,0.8099598163162782,1,0,1,0.7428915650783079,2.979346937932764,3.6564471929689946,1,Confidential,2.2542482442820795
7201,Young adult,0,0,2,2,Normal,1,0.8604573589508091,0.27658957840622644,0.36136197745052373,0.7681295291426998,0,0,0,1,1,Stage 1,Normal,Diabetes,Diabetes,0.9432891699572141,0.7835756747941822,0.6161396912856341,0.9743419114972565,0.6559437393454493,0.7852247447764069,0,1,0,0,0,0,0.22649585530165536,0,0,0,0.8603683789836516,0,0,1,0.4355757997361045,5.586913054730523,8.050473034312615,1,Confidential,0.9393178931785603
7202,Middle-aged,1,0,1,3,Normal,0,0.2867483717158375,0.501990565085182,0.5393671804744282,0.8723314843099078,0,0,0,0,0,Normal,Normal,Prediabetes,Prediabetes,0.1734607112378484,0.4719223174669681,0.9625021132378775,0.12129483432891897,0.4015563048562314,0.24170802808803651,0,0,0,0,0,0,0.966788738862165,0,0,0,0.3797929089262796,0,0,1,3.821154442039048,6.705661140704788,6.447971671710555,0,Confidential,2.396929400927924
7203,Senior,1,0,1,0,Underweight,0,0.08428802780976842,0.23477662594575463,0.9312161519877743,0.12213902980072633,0,0,0,0,1,Normal,Stage 2,Normal,Diabetes,0.8958968157209046,0.8818032265364287,0.697091297043922,0.15253429464852325,0.7929207413937698,0.7593568927482897,0,1,1,0,0,0,0.29340273425562025,0,0,0,0.08821338776728845,0,0,0,1.2985667300351469,1.4803345340128204,4.982464579453568,0,Confidential,0.879143728563082
7204,Senior,1,0,2,2,Overweight,1,0.1779526857816657,0.35859457076042983,0.9547741633242721,0.14547912311704936,0,0,0,1,0,Normal,Normal,Diabetes,Diabetes,0.010452454195682706,0.8809139842289636,0.98850554747992,0.3998364033132488,0.6865931871930164,0.887009313528816,0,1,1,0,0,0,0.0773192908533254,0,0,0,0.6259034242084587,0,0,0,2.669467238488859,0.5303621541363979,6.163968434662519,1,Confidential,1.4397252491263497
7205,Senior,1,1,1,2,Obese,0,0.12854287271996778,0.3968300363869761,0.48574924668814173,0.4044997525582491,0,0,0,1,0,Stage 2,Normal,Normal,Diabetes,0.7047976619100322,0.1462110080019553,0.5023231391157577,0.5321897749078479,0.035478876528075465,0.6086127887279272,0,1,0,0,1,0,0.8122543912572446,0,0,0,0.7672025430550742,0,0,0,3.4832370636131142,4.812090086350997,5.371658172089965,0,Confidential,14.158372199814579
7206,Young adult,0,0,1,1,Obese,1,0.21650600007120982,0.6036335704129331,0.1475336308479955,0.18709588455272874,0,0,0,0,0,Normal,Stage 2,Diabetes,Diabetes,0.9866958051792651,0.8066691829252699,0.10506930067991838,0.9487759400298776,0.10107762172403811,0.8299519546346648,0,0,0,0,0,0,0.5339809873680756,1,0,0,0.6515194220530914,0,0,0,2.6783948937404336,5.910380190046012,5.641623047278791,1,Confidential,1.039491223554689
7207,Middle-aged,1,3,1,1,Obese,0,0.19787285494702903,0.7379775030981723,0.8219644035896286,0.41697979206936553,0,1,0,1,0,Stage 1,Stage 2,Diabetes,Normal,0.20857527517796653,0.10249576171087012,0.02962149154313054,0.8345741062509453,0.35999575811355267,0.8936340241126095,0,0,0,0,1,0,0.4676101652584112,0,0,0,0.17793553350391375,0,1,0,2.169310479490816,1.6063352610802395,2.2986933897276,0,Confidential,0.0822828904939127
7208,Senior,0,0,2,2,Overweight,0,0.08562623324560283,0.6322974916031343,0.8408488709784699,0.7468401482916295,0,0,0,0,0,Stage 1,Stage 1,Diabetes,Prediabetes,0.4750888589907285,0.3052203784607144,0.8733001774262836,0.8601297039870797,0.4698028319646166,0.5003843801512862,0,0,1,1,0,0,0.268564094178355,0,0,0,0.7682866181548663,0,0,0,1.945066676283218,8.098195799861859,3.328951390366571,0,Confidential,1.8588652898798546
7209,Young adult,0,1,2,3,Normal,0,0.6306610427037872,0.9950040323487183,0.46074275879879606,0.07438485565844832,0,0,0,1,0,Stage 2,Normal,Diabetes,Diabetes,0.5426760800840565,0.17039638835179693,0.7045186259934333,0.8994713261412153,0.46740072692515955,0.13410637613861368,1,0,0,0,0,0,0.12798616393745102,0,0,0,0.5802589466527257,0,0,0,1.9174131301415012,0.5056073556448448,4.37441469233694,0,Confidential,1.5073117892395602
7210,Senior,1,0,0,1,Obese,0,0.9703735097167997,0.384460781086028,0.7513117111693578,0.029193947740297377,1,0,0,0,0,Stage 2,Stage 2,Normal,Diabetes,0.24753316944611586,0.6895304552881943,0.11367051403767192,0.43257145678176373,0.9155476871286823,0.09830232525446583,1,0,1,0,0,1,0.9591647815819361,0,0,0,0.22155219242431223,0,0,0,2.544063793743412,3.4668981966428856,2.3401495531188266,0,Confidential,0.12415575467637578
7211,Middle-aged,1,3,1,3,Normal,0,0.9632776677330603,0.3346318404494627,0.3496073651209854,0.1808232303614037,0,0,0,0,0,Stage 2,Stage 2,Normal,Normal,0.16895549161183904,0.23748694084640315,0.8706565719507693,0.06073354023714189,0.5751876136060474,0.6163207139939553,0,0,0,0,0,0,0.3022151396465271,0,0,0,0.8462217511855571,0,0,0,3.886291844915241,7.030722929636491,1.0279881576714711,0,Confidential,1.5136914484168498
7212,Middle-aged,1,3,2,0,Obese,1,0.4168938947604551,0.17714820711143386,0.7519378351036615,0.34376909064419114,1,0,0,0,1,Stage 2,Stage 1,Prediabetes,Normal,0.4442834305765253,0.67769232107949,0.10469286578558279,0.03908715447632588,0.6384750306322747,0.13460813649079048,0,0,0,0,0,0,0.608164571201837,0,0,0,0.06790321989941592,0,0,0,2.485073758699089,5.657271844822565,1.089225424563861,0,Confidential,0.1639733126006613
7213,Middle-aged,1,1,0,3,Obese,0,0.9627781069493827,0.671283177881377,0.19592582685383175,0.9363982311350115,0,0,0,0,0,Stage 2,Stage 2,Prediabetes,Diabetes,0.49311466083225564,0.24428294887779678,0.9055250083175652,0.25311412824446805,0.880969384645371,0.08570562650715269,0,0,0,0,0,1,0.9361194223448174,0,0,0,0.45999437437733104,0,0,0,2.047439847288323,5.917249716930907,4.662340100167832,0,Confidential,1.027873413197076
7214,Young adult,0,0,1,1,Normal,0,0.6256483325147109,0.5202690040947183,0.7047515474177329,0.3691462813343124,1,0,0,0,0,Normal,Stage 2,Normal,Normal,0.8864995687237053,0.7360502239601225,0.9624450202639958,0.09141191599456672,0.8297273301409274,0.1099299698876082,0,0,0,0,0,0,0.3990426487301943,0,0,0,1.0,0,0,1,3.8042206216521177,4.840568403584803,0.1895358618256137,0,Confidential,1.1599533790221501
7215,Middle-aged,1,3,1,2,Overweight,0,0.7535102748905489,0.6847341045471683,0.8242057434783028,0.5263217866121929,0,1,0,0,0,Stage 1,Stage 2,Diabetes,Diabetes,0.6034781785425246,0.8294006974517857,0.14334857855984984,0.06672558328122058,0.5393596170607111,0.19101212109689533,1,1,1,0,0,0,0.8588504122027955,0,0,1,0.5472244007548047,0,0,0,1.0122071308588874,7.271625246459374,5.500015457177748,1,Confidential,0.2657755123400614
7216,Middle-aged,1,0,2,2,Obese,0,0.8630427689341533,0.7193964852535457,0.07868292715129437,0.29135594836508616,0,0,0,0,0,Elevated,Stage 2,Normal,Diabetes,0.27043281041629075,0.1592041095243802,0.5650064072454688,0.7588408355166327,0.48320540844813,0.6726715440590099,1,0,0,0,0,0,0.8168678411837392,0,0,0,0.40842108774339636,0,0,0,2.8556957482938685,9.27400647358666,0.2819759396525678,0,Confidential,1.1692882516775882
7217,Middle-aged,1,2,0,3,Overweight,0,0.3783688085152276,0.8868233141502577,0.08555869240896233,0.9416340925972736,0,0,1,0,0,Normal,Stage 2,Normal,Diabetes,0.8045691567317362,0.989604225262609,0.15930576074939262,0.6380759545663677,0.1354584245910409,0.3409726719109909,0,1,0,0,1,0,0.7247533201688425,0,0,0,0.44578002010773343,0,0,0,0.2127402190753979,5.552502869967849,8.092140271718879,0,Confidential,1.1760491178776706
7218,Senior,1,0,1,3,Underweight,1,0.19859865490663436,0.9693936796670384,0.9022573050657459,0.48235120349574967,0,0,0,0,0,Stage 2,Stage 2,Prediabetes,Diabetes,0.9119316829118647,0.09605170093426645,0.778530273117491,0.6692843199801204,0.6751174450326167,0.18813692915524874,0,1,0,0,0,0,0.22051954174376812,0,0,0,0.9107735578481384,1,0,1,0.7448699440665698,0.704122011797107,1.1213704066170185,0,Confidential,1.1531775379910056
7219,Middle-aged,0,0,0,2,Obese,0,0.5214393314669465,0.3521866916695155,0.3010188980414088,0.5955024679349042,0,0,0,0,1,Stage 2,Normal,Prediabetes,Prediabetes,0.2784097970177319,0.6901601274890332,0.7050451200904087,0.5656926943404352,0.726564342169902,0.9014041577367085,0,0,1,0,0,0,0.2337415041256517,0,0,0,0.9649756097677084,0,0,0,2.8225041427829654,3.3254005055081315,1.7596374315695351,0,Confidential,0.9703822210497894
7220,Young adult,0,1,2,2,Obese,1,0.372638190267566,0.16051837676402356,0.3198056779818809,0.2567875491721785,0,0,0,0,0,Stage 2,Normal,Normal,Diabetes,0.3340971641445363,0.9520056222120327,0.16922198767901375,0.6307392119855442,0.6647252629040661,0.5463312114349862,1,0,0,0,0,0,0.6431865098244797,0,0,0,0.5938116696341474,0,0,0,2.0943963329167734,7.265047695634177,4.387350048908231,0,Confidential,0.2545743288583814
7221,Middle-aged,1,0,0,3,Normal,0,0.09173555975057346,0.8876963040908271,0.9949016812993909,0.53059367975227,1,0,0,0,1,Normal,Stage 2,Diabetes,Normal,0.1388749712079655,0.08644413310955253,0.06804394500611122,0.46689760243544803,0.6886038810622379,0.45560567772639093,0,1,0,0,0,0,0.3413256001779064,0,0,0,0.9164650598494606,0,1,0,0.2744024347313121,7.594632740791754,1.0028342857677508,0,Confidential,0.09881435013283235
7222,Senior,0,0,0,3,Overweight,0,0.769829879902584,0.3624423372616074,0.5261103740006411,0.040266346022449384,0,0,0,0,0,Stage 2,Normal,Diabetes,Normal,0.31332517899097306,0.4170597499497636,0.2743981450149655,0.5280761562709848,0.10124032016890566,0.41726430868807485,1,1,0,0,0,0,0.0426013990659346,0,0,0,0.24062923211739298,1,0,0,3.940645216179548,5.62405187864754,4.6755242313423935,0,Confidential,2.7103642556361898
7223,Senior,0,0,1,3,Overweight,1,0.14364507256161377,0.7119457879223838,0.28894062937277126,0.4431509032772013,0,0,0,0,0,Normal,Stage 2,Diabetes,Diabetes,0.3511213014248826,0.24577481661209277,0.2905481516621873,0.28793725136050946,0.7533864984670395,0.17644639844019847,0,0,1,0,0,0,0.3105666418294015,0,0,0,0.43477745874376383,0,0,1,0.7165971309957757,7.333925697974827,1.3414281449625165,1,Confidential,0.3856561701774361
7224,Middle-aged,0,1,0,3,Obese,0,0.6039659930159851,0.453684930373123,0.35415025745813167,0.45443904948019986,0,0,0,0,0,Stage 2,Normal,Normal,Normal,0.40299571071996576,0.31031902702311737,0.4320437904393384,0.37674104787486645,0.5389950574102552,0.7942445820910791,0,0,0,0,0,0,0.9167626765426716,0,0,0,0.028225666639758062,0,0,0,0.2294139562161792,9.3308852383189,0.2980187092878905,0,Confidential,0.8015728242763625
7225,Senior,0,0,0,1,Overweight,1,0.03801318233520695,0.7235284455370419,0.391204253290212,0.4896985221423288,0,0,0,1,0,Stage 2,Normal,Diabetes,Normal,0.9535244986328255,0.5624889108303099,0.08901903104457598,0.8888915243154683,0.9059980996737889,0.4900528710130829,0,0,0,0,0,0,0.4121334986125884,1,0,1,0.593868032319723,0,0,0,0.4004733269186493,0.6331282785325087,7.061667838957519,0,Confidential,0.09825520724229767
7226,Young adult,1,0,2,2,Normal,0,0.31433388849854915,0.5303916301357208,0.3806893011285981,0.1525843643920708,0,0,0,0,0,Stage 2,Normal,Diabetes,Normal,0.8713613163154615,0.6268330455042987,0.26728873164866673,0.47745406182618216,0.25588084133180167,0.9054483124838302,0,0,1,0,0,0,0.7240360286636345,1,1,1,0.6509124945753126,0,0,1,2.6939738423236386,4.883865590667709,6.279392213409691,0,Confidential,1.0445828232293186
7227,Middle-aged,0,0,1,0,Normal,1,0.49191661924985186,0.43435061003951875,0.7653331873983857,0.598967422966972,0,0,0,0,0,Normal,Stage 2,Diabetes,Prediabetes,0.9928956883227595,0.7344244874720888,0.5536840614734699,0.6035467170128532,0.7740256613701053,0.9783258448586001,0,1,1,1,1,0,0.03493934601121109,1,0,0,0.30208362669472083,0,0,0,0.3227180692396416,3.974243721399209,7.744657222980445,1,Confidential,0.7153303683671055
7228,Middle-aged,1,3,1,1,Overweight,0,0.4297250989060015,0.7078541106591751,0.34956990342196154,0.7584042837277775,1,0,0,0,0,Stage 2,Stage 1,Prediabetes,Diabetes,0.30702551968585656,0.9684815278659255,0.35115918582968786,0.316079080568548,0.9856650457759153,0.8582412950928138,0,0,0,0,0,0,0.45588445600031813,0,0,0,0.4879494719937521,0,0,0,3.761112737523576,4.434069150376611,7.988322920858595,0,Confidential,0.35626624615997765
7229,Young adult,1,1,0,2,Obese,0,0.2245053404615773,0.4649962158365656,0.0175805631046061,0.2101009972161283,1,0,0,1,0,Normal,Normal,Prediabetes,Diabetes,0.6676192522236243,0.9603581464659524,0.4061672153434295,0.628355326984027,0.6615808261391499,0.2296160387595044,0,1,0,0,0,0,0.5046771967920838,0,0,0,0.10626894068686425,0,0,1,3.4288909307543025,4.989756763361632,6.759695634272932,0,Confidential,0.6139343815535557
7230,Senior,0,1,2,3,Obese,1,0.17207389011686067,0.07618084731280576,0.023363217668958276,0.6827981025955411,0,0,0,0,0,Normal,Normal,Normal,Normal,0.9441122894523248,0.926590210359895,0.07757850726280369,0.5829637170569937,0.42285744266136527,0.2407237007754707,0,0,0,0,1,0,0.43000377684123997,0,0,0,0.9344931489131503,0,0,1,0.2813443479097453,6.885391828908466,8.835178698079865,0,Confidential,0.18346255602016323
7231,Senior,1,2,2,2,Overweight,0,0.17789766919294067,0.34767445194671537,0.14015220440968604,0.9899171861720696,0,0,0,1,0,Normal,Normal,Diabetes,Normal,0.17499896386217295,0.04006047822166166,0.8364469570203921,0.12638942763851002,0.3435576455434949,0.9215178869177034,0,0,0,0,0,0,0.39145374295790614,0,0,0,0.2834115216008069,0,0,0,3.1726864601347216,4.28235527633233,7.05910009083909,0,Confidential,2.4346626188369798
7232,Young adult,1,3,1,1,Obese,0,0.15901421163176702,0.5087977936698342,0.5900522593142589,0.3209067810984333,1,0,0,0,0,Stage 2,Stage 2,Prediabetes,Diabetes,0.6118117605742595,0.7623184946002205,0.6235389395976421,0.8967048694879411,0.07830038248238935,0.1312842890894602,0,0,1,0,1,0,0.7615802594657655,0,0,0,0.25386629468342126,0,0,0,3.31225492602766,2.2041916469101643,5.437643965776403,0,Confidential,7.963421375851939
7233,Young adult,0,0,1,2,Underweight,0,0.9181169561549616,0.8524231597577049,0.39416797063124476,0.1462983654284712,0,0,0,0,0,Stage 2,Normal,Prediabetes,Normal,0.015905037796492036,0.46566883939245496,0.6238263451761878,0.765160728577525,0.08329200372498419,0.3738232825553157,0,0,0,0,0,0,0.9439184495010439,0,0,0,0.5914322186562715,0,0,0,2.9093873980573037,1.683286609020227,0.7565352787426682,0,Confidential,7.4896306641385975
7234,Young adult,1,2,0,3,Overweight,0,0.8589094778861616,0.8773138053860791,0.8348219523049809,0.26074571134540636,0,0,0,0,0,Normal,Stage 2,Diabetes,Normal,0.5961381754623858,0.9813839655479247,0.010124709363383833,0.06495363988808567,0.5983808020225148,0.6226498335631356,0,1,0,0,0,0,0.6619483735324395,0,0,0,0.895810076669212,0,1,0,3.697867650834549,1.926112566173636,2.564571095485344,0,Confidential,0.016920177467529916
7235,Senior,1,0,0,2,Overweight,0,0.6544114861782317,0.12545862605855423,0.6449300157428937,0.038527529848938036,1,0,1,0,0,Normal,Stage 2,Diabetes,Diabetes,0.07619935542625113,0.19748955905354437,0.008217269755468326,0.8082795604991702,0.5863535283642168,0.1405412216885252,0,1,1,0,0,0,0.1592312046573846,0,1,0,0.09884730315104195,0,0,0,3.3310087559367365,5.487357790226019,1.2578268146438287,1,Confidential,0.014014190003072894
7236,Middle-aged,0,1,1,2,Obese,1,0.12613647650948087,0.4606732735958355,0.14101674752044527,0.7411464917160923,0,0,0,0,1,Stage 2,Normal,Diabetes,Diabetes,0.7082072883092451,0.21596222908849594,0.6894166093481586,0.5564627582553177,0.7011330019065085,0.8964291890082499,0,0,1,0,0,0,0.2107577101965824,0,0,0,0.24478337960816096,0,0,0,2.022577367797777,9.223683810265245,4.123923763118706,1,Confidential,0.9832893437814354
7237,Senior,1,0,0,1,Normal,0,0.16806292573294596,0.7973395837993194,0.7076335214111761,0.8548161500613646,0,0,0,0,0,Elevated,Stage 2,Diabetes,Diabetes,0.9708165724421332,0.35644134058783417,0.0753522173424983,0.4822984652968639,0.3209221336256226,0.4575061136865751,1,0,0,0,0,0,0.8792890733599358,0,0,0,0.26757135407478005,0,0,0,1.369832734410171,4.968311771645779,8.884277460333013,1,Confidential,0.23479906633801012
7238,Senior,1,0,1,2,Obese,0,0.6816725200280896,0.5285740558890681,0.723840358027652,0.02138541136517136,0,1,0,0,0,Stage 2,Stage 1,Prediabetes,Normal,0.06751445230505664,0.20994788451549745,0.4027704834699186,0.7400963880655156,0.9972887193897526,0.5413761727527209,0,0,0,1,0,0,0.6224421472430965,0,0,0,0.20654634272116393,1,0,0,0.5835637468341326,3.96031467101566,8.259833921881318,0,Confidential,0.4038654761044289
7239,Senior,0,0,1,2,Normal,0,0.6099724070374741,0.08373425597904331,0.2921559605442209,0.05284052526083416,0,0,0,0,0,Normal,Stage 2,Normal,Normal,0.9006799296874748,0.6144663043831529,0.030451412412767942,0.011337443756731014,0.4597708012938416,0.4122440417783606,1,1,0,0,0,0,0.07453436912310628,0,1,0,0.7162789636877122,0,0,0,3.7742189969835023,0.7029633404067004,7.997791601296324,0,Confidential,0.06623172312611976
7240,Young adult,0,1,0,2,Normal,0,0.4164041968140257,0.9261239533718062,0.02207526287965156,0.9840369330847093,0,0,0,0,0,Stage 2,Stage 2,Diabetes,Normal,0.8690602680476377,0.713316885734341,0.19198667609090414,0.49431281078093475,0.3282721985188728,0.6655290830406393,0,0,0,1,0,0,0.8819888711399582,0,0,0,0.9510023194638283,0,0,1,0.1017400545956674,9.316795694458754,8.925807722711962,0,Confidential,0.5848398888395862
7241,Young adult,0,3,2,1,Normal,1,0.19718105275682782,0.7313261962326769,0.265698422541769,0.986606071755742,0,0,0,1,0,Normal,Stage 2,Prediabetes,Diabetes,0.7285789512950109,0.6205994917752157,0.8304554849799606,0.6763625323223907,0.4732484327191373,0.7576273491158287,1,0,1,1,0,0,0.5190580618868362,0,0,0,0.431852630338987,0,0,0,3.5227707083037725,9.312081662085983,4.527302320679779,0,Confidential,1.7547981727238342
7242,Middle-aged,0,1,2,2,Overweight,0,0.09689721527318892,0.4146831683786211,0.9557181218206663,0.8884001306651915,0,0,0,0,0,Normal,Normal,Diabetes,Diabetes,0.02092542244155156,0.8260963397004363,0.5132397009147875,0.898457467430104,0.3489834205900898,0.7135435226968728,1,1,0,0,0,0,0.5018864844177806,0,0,0,0.3721798863334343,0,0,0,3.090749168032332,0.7698526894077962,8.760940120684577,0,Confidential,1.4706707271278383
7243,Senior,0,0,0,2,Overweight,0,0.18258548688387136,0.8799023986186505,0.5896899751861154,0.29314598166406114,1,0,0,0,0,Normal,Stage 1,Diabetes,Diabetes,0.2797505151606898,0.28365404508564546,0.5573795888855066,0.765447367890419,0.5437130612479497,0.062204584814337716,0,0,0,0,0,0,0.786266035738862,0,0,0,0.13234993415843618,0,0,0,0.8823868829268315,5.92043191019675,1.804023290140886,1,Confidential,1.0251355514730307
7244,Middle-aged,0,0,1,2,Underweight,0,0.39310483032085874,0.8023961783424458,0.09752037720139661,0.1347348473182436,1,0,0,0,1,Stage 2,Normal,Prediabetes,Diabetes,0.7858344051569991,0.0353762748600847,0.789045842960457,0.13795428285434974,0.6649984118936474,0.5378693073293705,0,0,0,0,0,0,0.0011796197667860745,0,0,0,0.7783950167330992,1,0,0,0.8679130789933502,9.824818166779558,3.658121541538178,0,Confidential,1.1865379358028427
7245,Middle-aged,1,0,0,3,Obese,0,0.740813395760846,0.3734156612474973,0.3670735010794074,0.6120651853641096,0,0,1,0,0,Elevated,Stage 2,Diabetes,Diabetes,0.48506850855404804,0.8701656085718197,0.025311642206972795,0.7559620627186543,0.8727990895318747,0.18310239810278564,0,0,0,0,0,0,0.331718514110233,0,0,0,0.4184241162327595,0,0,0,1.5997405360375914,3.8971159703661016,5.452093209883744,1,Confidential,0.029000536905404748
7246,Middle-aged,0,0,0,1,Obese,0,0.5839066204534314,0.886665604770582,0.7214218485909519,0.34574731736119413,0,0,0,0,1,Stage 2,Normal,Normal,Diabetes,0.13509841145279672,0.44781506221308054,0.9408291672722295,0.8519536463707682,0.9622720596646168,0.36428987497991216,0,1,0,0,0,0,0.47314914290012683,0,0,0,0.30829225064869875,0,0,0,3.5824858254805823,1.9615650955084352,5.441480570257879,0,Confidential,0.9777163930127403
7247,Senior,1,3,0,3,Obese,1,0.8938849042732049,0.7306579789738153,0.22428585082299193,0.5386817227656132,0,0,0,0,0,Normal,Stage 2,Prediabetes,Normal,0.40461693094139906,0.972009074932019,0.5842393457367792,0.6780954506763286,0.8876228248145568,0.04572926420320564,0,1,0,0,0,0,0.3848888931358488,0,0,0,0.07279539333247169,0,0,0,3.294338231563061,7.880044740928741,3.784919376138128,0,Confidential,0.6582067623811264
7248,Senior,1,3,2,1,Obese,1,0.5465698668075268,0.8153125274448512,0.6240663331075726,0.03052573652491064,0,0,0,0,0,Normal,Normal,Normal,Diabetes,0.906007197395079,0.37279063751822694,0.15993347246775413,0.6780474316468028,0.43061165554564307,0.2962273753020942,0,1,0,0,0,0,0.6473373006412438,0,0,0,0.8141398554490099,0,0,0,0.5078427525897435,0.1404137153229478,9.927285840450228,0,Confidential,0.3714099941514515
7249,Senior,1,0,1,2,Overweight,1,0.486868925720399,0.8813602770606151,0.1512372874229283,0.9731540295146665,1,0,0,0,0,Stage 2,Normal,Diabetes,Diabetes,0.3775407507651934,0.8237094969115609,0.8145936302419898,0.9440856029529754,0.36385120783544256,0.6498279536734058,1,0,0,0,1,0,0.8342238508286759,0,0,0,0.47619141662639564,0,0,0,0.538977000676049,6.931024028021369,1.4499919038212006,1,Confidential,2.238809746126781
7250,Senior,1,0,0,1,Overweight,0,0.9178078980229105,0.6714659336867145,0.9365815103817907,0.012102804047869342,0,0,0,0,0,Stage 2,Normal,Normal,Diabetes,0.5750452521166959,0.401284384288499,0.46059663879251045,0.569320357789934,0.008821193771223812,0.08366306891738329,0,0,0,0,0,0,0.7557665005022013,0,0,0,0.33678987749706507,0,0,0,1.0132168681388518,5.977883416996513,3.2796910886011577,0,Confidential,52.21477395667836
7251,Young adult,0,2,1,1,Obese,0,0.004542720725550927,0.11786504071436574,0.5798717912822982,0.13179889993853988,0,0,0,0,0,Stage 2,Stage 2,Diabetes,Diabetes,0.5861178225005477,0.1255981215481689,0.7819600817771899,0.5032640913176851,0.06350938130406136,0.8880718818039726,0,0,1,1,0,0,0.2738733960865536,0,0,0,0.4937977088553129,0,1,0,1.4428391466493973,5.612249431799221,7.4471151042734975,1,Confidential,12.312512981876338
7252,Senior,0,0,0,2,Overweight,1,0.5366253771442143,0.34954980836254973,0.550502481667556,0.29269781189610444,0,0,0,0,0,Stage 2,Stage 2,Diabetes,Normal,0.3698962719755513,0.10918145914339052,0.7188474079579823,0.713166873866335,0.6793630532398794,0.5983354399605487,1,0,0,0,1,1,0.8359717603431022,0,1,0,0.8520237921411082,0,0,0,2.732172156166353,3.1610793420442573,9.371293040531423,1,Confidential,1.0581196674293696
7253,Senior,1,0,2,3,Obese,0,0.8920616906027379,0.32815533928332724,0.38000540881794453,0.6757835666937365,0,0,0,0,0,Stage 2,Stage 2,Diabetes,Normal,0.04967779811553692,0.6064626272648697,0.5583527721183918,0.006607937688054788,0.47271988844029633,0.6188224233644919,0,1,1,0,0,0,0.3368479621608187,0,0,0,0.001539363113024733,1,0,0,2.362836628244898,2.628652716564261,5.472376710286278,0,Confidential,1.1811493143659235
7254,Senior,0,1,1,1,Obese,0,0.9187743165034659,0.6388077120263227,0.2501316610754677,0.49172502374853455,0,0,0,0,0,Normal,Stage 1,Diabetes,Prediabetes,0.20700815572689524,0.6314245865782736,0.7247665930348162,0.4183959997874717,0.8966736116842104,0.516670338218219,0,0,0,0,0,0,0.05878939186938645,0,0,0,0.7786320309708927,0,0,0,2.751615324032096,3.264324655080752,0.2994853132416453,0,Confidential,0.8082836202500667
7255,Middle-aged,0,2,1,2,Overweight,0,0.261435733812316,0.9721806172601835,0.9999999999999999,0.6984710329078277,0,0,0,0,0,Normal,Normal,Diabetes,Diabetes,0.6413653769675102,0.9272703433767505,0.4128550191499665,0.2987549077077886,0.5686029834575532,0.37813122798916166,0,1,0,0,0,0,0.5400093914106154,0,0,1,0.6940697471514581,0,1,1,2.978599774826731,9.662336055879688,2.520029460545552,1,Confidential,0.7260866213530631
7256,Middle-aged,1,1,0,2,Overweight,0,0.7716515245014427,0.9355498888141013,0.12752970170220024,0.6263887360808252,0,0,0,0,0,Elevated,Stage 1,Diabetes,Diabetes,0.9922014324683384,0.860975883095953,0.05529850365651523,0.018499799454597565,0.33373764216648416,0.18323943737033746,0,0,1,0,0,0,0.18442794713943297,0,0,0,0.31825357317700803,0,0,0,0.9290863701254004,3.02511293098128,6.454768986701734,1,Confidential,0.1656945356764093
7257,Middle-aged,1,2,1,0,Underweight,0,0.7174136658653361,0.8870858666252835,0.13407528387605178,0.45607981101462236,0,1,0,0,0,Stage 2,Stage 2,Normal,Diabetes,0.23444766955253082,0.6272951119981869,0.7646061648773386,0.1958280010177314,0.2846162076039993,0.9398447455652419,0,0,0,0,0,0,0.04933706134351002,1,0,1,0.010268525104886943,0,0,0,0.8674216236525947,4.327345252612693,6.438260429176319,0,Confidential,2.686446324733457
7258,Senior,1,0,0,1,Overweight,0,0.0017905093338345345,0.23487021561594798,0.6610779973803457,0.6264109237323566,0,1,0,0,0,Stage 2,Stage 1,Diabetes,Diabetes,0.7195447711472863,0.3341454140724488,0.8650292473357362,0.5357089990291581,0.5913508502870978,0.1270935358816452,0,0,0,0,0,0,0.7992395584322753,0,0,0,0.4973885209184531,0,0,0,3.360053295487237,1.5789027842168502,7.959728192604832,1,Confidential,1.4628020690521861
7259,Middle-aged,0,0,1,0,Obese,0,0.8158507755252561,0.3103473235211571,0.4145099050901381,0.35128174918665145,0,0,0,0,0,Normal,Stage 2,Diabetes,Diabetes,0.8973012720252131,0.698700100048282,0.3312913478248918,0.5636364772614824,0.6876031763938272,0.4654857691757932,1,1,1,0,1,0,0.2120635171347971,0,0,0,0.7911021102704342,0,0,1,2.0693520570737807,8.921917824254418,7.946726526632867,1,Confidential,0.48180601718911126
7260,Middle-aged,1,1,2,3,Obese,0,0.6347717507201146,0.35756290357640647,0.9750726032265928,0.04269185826403865,0,0,0,0,0,Stage 2,Normal,Diabetes,Prediabetes,0.8366911540559445,0.9348604284543455,0.8780707393900813,0.15060703818040377,0.8864196020522686,0.8648514816427484,1,0,1,0,1,0,0.6482859551050814,0,0,0,0.3499658552663105,0,0,0,1.88995420436802,0.4768538895434204,2.3464887340406326,0,Confidential,0.9905813650297696
7261,Senior,1,2,0,3,Normal,0,0.21232555537692419,0.8885553967328302,0.9394803391710816,0.5887982056470503,0,1,0,0,0,Normal,Stage 2,Diabetes,Normal,0.8619884851846252,0.545120101240058,0.26233486279852736,0.3010703333401486,0.6249655630742239,0.3037733738104986,0,0,0,0,0,0,0.5760107206194303,0,0,0,0.13827724637419295,0,0,1,0.5370915928303779,2.9188188243119253,0.175826267861715,0,Confidential,0.4197589088078621
7262,Young adult,0,1,0,2,Normal,0,0.7784465412046059,0.6711269016536988,0.4682962406866367,0.647706506002652,0,0,0,0,0,Stage 2,Stage 2,Diabetes,Normal,0.2373650619371992,0.47644525897514334,0.909066867459414,0.4469869874534573,0.49066473307260894,0.8784959349656931,0,0,0,0,1,1,0.048754900453549105,0,0,0,0.28942523700839284,0,0,0,0.3039457119921271,2.005523085826568,1.5825700343232183,0,Confidential,1.852725101652842
7263,Senior,1,3,1,1,Obese,1,0.32351274016507625,0.20639858610697054,0.18488013806377854,0.2323558637232822,0,0,0,0,1,Stage 2,Stage 2,Normal,Prediabetes,0.1243935705056891,0.9469268431131822,0.09593577900128514,0.9287062087037716,0.8616197200608224,0.2503140154513206,0,1,0,0,1,1,0.17092333974410298,0,0,1,0.9260272777355393,0,0,0,3.2793828030706598,0.998739109114346,1.153111998108467,0,Confidential,0.11134352750713848
7264,Young adult,0,0,1,1,Obese,0,0.3638143764331525,0.6283855786138692,0.2477606667765709,0.9529743981184055,0,0,0,0,0,Normal,Stage 1,Diabetes,Normal,0.8694119356109093,0.13152565464758076,0.4941072222219183,0.0032843052565889597,0.2484060921635471,0.05764671067318522,0,0,0,0,0,1,0.7583755495802569,0,0,0,0.8362132408551649,0,0,1,0.810319598216819,0.387745103234417,0.3451351249375378,0,Confidential,1.989110725579971
7265,Senior,1,1,1,2,Obese,0,0.04787920376205586,0.7989775732830353,0.230361948748209,0.7046803369608653,0,0,0,0,0,Stage 2,Stage 2,Diabetes,Diabetes,0.18908196843437558,0.49228987630142673,0.3105533909739804,0.4199983783927295,0.1405207544259649,0.45442420048955723,0,0,1,0,0,1,0.5768785047131145,0,0,1,0.8746640032513402,0,1,0,3.889196075502426,0.8912317542152937,2.7394723577688493,1,Confidential,2.2100179595719385
7266,Senior,0,0,1,2,Overweight,0,0.09662076326676546,0.9808639151772691,0.3279534411042587,0.8069706961293951,0,0,0,0,0,Stage 2,Normal,Prediabetes,Diabetes,0.024040220620752215,0.22655939429963362,0.7665782239033501,0.030877103673040585,0.9831168389123814,0.1973886502785316,0,1,1,0,0,0,0.7076242553586712,0,0,1,0.44591239333371585,0,0,0,2.4321962211756327,0.9739134848171715,6.302260978022824,0,Confidential,0.779742746295967
7267,Young adult,0,3,1,1,Obese,0,0.9578804834130727,0.38353738850532426,0.6008603720697432,0.5347505947389223,0,0,0,0,0,Normal,Normal,Diabetes,Normal,0.33494147892941895,0.6036194241899419,0.49011938000311006,0.6415824624887561,0.6905880626308409,0.748058999006583,0,0,0,0,0,0,0.5970562716207877,0,0,0,0.5184037379476665,0,0,1,2.7210430114073927,8.428402694802577,2.380219595931694,0,Confidential,0.7097130786419444
7268,Young adult,0,2,2,1,Obese,0,0.7254682906040484,0.8581880372677909,0.11328495610093008,0.45164961951630034,1,0,0,0,0,Elevated,Normal,Diabetes,Diabetes,0.5419241144373869,0.3590652752911506,0.6056650170782545,0.43148410710384605,0.2803980084099884,0.9987380914644952,1,1,0,0,0,0,0.3239297876629876,1,0,0,0.6070137189907029,0,0,0,1.9487230973678693,0.7378501267592752,9.303005595710594,1,Confidential,2.160018969152847
7269,Young adult,1,0,0,2,Obese,0,0.6567545102609799,0.14928770024044202,0.8515327534891768,0.4514631119903775,0,0,0,0,0,Stage 1,Normal,Normal,Diabetes,0.1435055295012596,0.9537812151819153,0.12533207316314532,0.5369258719292251,0.9298607478638872,0.07968878701079135,0,1,1,0,1,0,0.030647394893595553,0,0,0,0.5135311589720445,0,0,0,1.9880713105310293,4.707839335897392,7.132047642993905,0,Confidential,0.13478585202253468
7270,Middle-aged,0,0,1,1,Overweight,1,0.24492442565497702,0.26929323010154943,0.80963259747875,0.7072924605481604,0,0,0,0,0,Stage 2,Normal,Diabetes,Prediabetes,0.9357338248189644,0.9267827463009729,0.7881113921575016,0.5003878632917584,0.3228088197944007,0.7597904484203364,1,0,1,0,0,0,0.07196645600093031,0,1,0,0.4770640046751537,0,0,0,0.1034426455677124,5.0298106995966485,8.851546521854747,0,Confidential,2.441418399470794
7271,Senior,1,1,1,0,Normal,0,0.4417090896157698,0.974897367538108,0.7316809161197722,0.04350713477703949,1,0,0,0,0,Normal,Stage 1,Prediabetes,Prediabetes,0.15706760303322903,0.8954825509413539,0.9827068295091812,0.9560689222567054,0.553585678677454,0.09391411498648031,0,1,0,0,0,0,0.38225196038737075,0,0,0,0.1182518136214975,0,0,0,2.2532057568098387,8.792947939017367,7.280207501978722,0,Confidential,1.7751666406127427
7272,Senior,0,0,0,1,Obese,1,0.9393367910811893,0.3780407355761507,0.22300270910625447,0.3630171464454831,0,0,0,0,0,Stage 2,Normal,Prediabetes,Prediabetes,0.6158881249307223,0.22489006456027288,0.6217247238403241,0.23200743666003304,0.154278740704556,0.5685822784970921,1,0,1,0,0,1,0.7561828518926704,0,0,0,0.5759811089939268,0,0,0,2.018320776461834,8.959761276395119,8.763094205077964,0,Confidential,4.029879431223306
7273,Middle-aged,1,1,2,0,Overweight,0,0.6032446392517431,0.1796164858120526,0.6592512528585177,0.5024493130564579,0,1,0,0,0,Stage 2,Stage 2,Normal,Normal,0.5298415469864206,0.11956044658449984,0.5309039016057582,0.3257850826922675,0.6638768760136833,0.5196323363852571,1,0,0,0,0,0,0.4776236802035058,0,0,0,0.6683293507164889,0,0,0,2.9752352508627524,3.4415342219427822,5.431851638330796,0,Confidential,0.7997023556440541
7274,Middle-aged,0,0,0,2,Overweight,0,0.07163589945074643,0.6761390617205055,0.7166630494812453,0.3598556308769688,0,0,0,1,1,Stage 2,Stage 2,Diabetes,Normal,0.7311723116924889,0.5902582985149654,0.5621229938375114,0.5184345714199168,0.9533711709455024,0.007301451103920054,1,1,0,0,0,0,0.617426774680286,1,0,0,0.05575986908619757,0,0,0,2.0043150762265385,3.072686206345836,2.4646063302938748,0,Confidential,0.5896161022784315
7275,Senior,0,2,0,1,Overweight,0,0.23249755193137292,0.25341454862223617,0.35089956582061765,0.6458483230289388,0,0,0,0,1,Normal,Normal,Normal,Normal,0.7978981100792968,0.39666844732078743,0.22940672541104812,0.8481300116645578,0.8368735854057274,0.05395163595951155,0,0,1,1,0,0,0.7166219463940632,0,0,0,0.8343645197018799,0,0,0,0.9682233538100192,7.337322565965412,6.527318320973233,0,Confidential,0.2741235109001901
7276,Senior,0,2,2,2,Normal,0,0.687063837080208,0.5066509041676496,0.12001155650961871,0.7985411236985517,1,0,0,0,1,Stage 2,Stage 2,Normal,Diabetes,0.5516429601987678,0.2760142118297641,0.2629981975636231,0.28209364111246565,0.08033736483850601,0.4211038211368372,0,0,0,0,0,0,0.2453905181420595,0,0,0,0.2593877670324439,0,0,1,3.3861948133260404,3.826569103538749,7.248373344167116,0,Confidential,3.2736721958991493
7277,Senior,1,0,1,1,Normal,0,0.9287361879078876,0.45347078729172946,0.7280862702080232,0.6659722380948313,0,0,0,0,0,Stage 2,Stage 2,Normal,Diabetes,0.9463196792851043,0.8078069747363852,0.8835853595474237,0.8106576250657855,0.03935501451384271,0.5229247651133033,0,0,0,0,0,0,0.21254999042878608,0,0,0,0.5219901858198717,0,0,0,1.3658491770758516,4.942342355409402,2.150603338804108,0,Confidential,22.4516588410006
7278,Middle-aged,1,0,1,3,Obese,0,0.7072338123987844,0.8743934526013771,0.7628277700435155,0.9927712408387134,0,0,0,0,0,Stage 2,Stage 1,Prediabetes,Diabetes,0.45436095282501154,0.35214055024098506,0.6759487940480231,0.552293760600779,0.2723186698303951,0.7334238813080726,0,0,1,1,0,1,0.10491202412156438,0,0,0,0.20238202549614534,0,0,0,3.225571048256208,9.460882945159776,4.596023191088107,1,Confidential,2.48219776656891
7279,Senior,1,3,1,3,Normal,0,0.7811032294571679,0.3676812254356698,0.916997194854895,0.8936867326883405,0,0,0,0,0,Stage 2,Stage 2,Diabetes,Diabetes,0.053765080513916805,0.5968766934636524,0.08320195231442828,0.42135722875747955,0.8771824474538599,0.560535922298145,1,1,0,0,0,0,0.9197958032309154,0,0,0,0.22702133346472173,0,0,0,3.083376610639781,4.686321243523106,2.718181953793483,1,Confidential,0.09485136479410088
7280,Young adult,0,3,2,2,Overweight,0,0.2302243074402879,0.8952799710123983,0.0751944054302004,0.23328699151856325,1,0,0,0,1,Stage 2,Normal,Prediabetes,Diabetes,0.702450458142703,0.8603605053779029,0.3912320206253479,0.6993834789742923,0.8783903872466485,0.10694328012872387,0,1,0,0,0,0,0.24191201501701842,0,0,0,0.4963332012857916,0,0,0,2.746805679157087,4.479224137488449,8.754369556844496,0,Confidential,0.4453965187980723
7281,Senior,0,0,1,2,Obese,0,0.8608270259963432,0.822013530277708,0.5111243639585578,0.9333936102896282,0,0,0,0,0,Normal,Normal,Prediabetes,Normal,0.01894801717092777,0.3924765321833036,0.15736133232358473,0.17958979917207135,0.3343705799953156,0.32974550710192885,1,0,0,1,0,1,0.38620932387104934,0,0,0,0.9115991829988696,0,0,0,2.6455795617035998,1.2354489862012674,2.0846873890656825,0,Confidential,0.47061955129482175
7282,Young adult,1,0,1,1,Overweight,0,0.6588986735841164,0.3990867271392631,0.5543481710393134,0.21413303756629154,0,0,0,0,0,Normal,Stage 2,Normal,Diabetes,0.7318449077129855,0.23462315459442118,0.19226854343701283,0.5035371267259499,0.9647236483837052,0.9773070075967243,1,0,0,0,0,0,0.4679907854211693,1,0,0,0.2259141773226689,0,0,0,2.710300712688168,6.058566810999734,4.4912708041966765,0,Confidential,0.19929908814730407
7283,Senior,0,0,1,1,Obese,0,0.9655097733347215,0.7725785006756525,0.8622418574428752,0.43123356498525467,0,0,0,1,0,Normal,Normal,Diabetes,Normal,0.5236684185731364,0.6270327795719454,0.9297505285626757,0.8100998276394016,0.7866210911841658,0.8804925676993884,0,1,0,0,0,0,0.4102013149499817,0,0,0,0.4846419367441709,0,0,1,3.669664586564658,8.614334797491512,4.5859962561812,0,Confidential,1.1819547415936247
7284,Young adult,1,0,1,3,Obese,0,0.29498175513102154,0.4750028286397654,0.2727444705563496,0.12521582831632683,0,0,0,0,1,Normal,Stage 2,Diabetes,Diabetes,0.7314217659717965,0.6001268004397395,0.3442825520785002,0.8631942496119596,0.12131259048827425,0.6227553955962257,0,0,0,0,0,0,0.734159220755837,0,0,0,0.9037449230479503,0,1,1,1.1622126346825468,7.828912741017245,4.006234502608791,1,Confidential,2.837978734876473
7285,Senior,1,0,0,2,Normal,0,0.12913621829378968,0.6158374109987865,0.5555969649411006,0.43603302507112496,0,0,0,0,0,Stage 2,Stage 2,Diabetes,Diabetes,0.931936265617161,0.7921989634744669,0.27702374571815036,0.11637882122556809,0.6436800730698704,0.39450076686408775,0,0,0,0,0,0,0.6984245259785794,0,0,0,0.8844600674176694,0,0,0,3.7949216725221713,8.25412712808882,7.402678144755656,1,Confidential,0.43037489788514843
7286,Senior,0,3,1,0,Underweight,0,0.4262139462856366,0.9197446836415216,0.46015112203349806,0.17674094175082422,0,0,0,0,0,Stage 1,Normal,Diabetes,Normal,0.18894844272837258,0.010956312443466926,0.973319244601019,0.4751885001509943,0.30515262655179287,0.8030950123016162,0,0,0,1,0,0,0.7415870432681158,0,0,0,0.025889156661910984,0,0,0,0.959219488486605,6.9431762266661,4.156411742009233,0,Confidential,3.189614507335134
7287,Young adult,0,0,1,0,Underweight,0,0.13850588687815618,0.5463123078000809,0.879840436940934,0.3441371057356549,0,0,0,0,0,Stage 2,Stage 1,Prediabetes,Diabetes,0.16260164749404266,0.6753204996332077,0.02918736396542121,0.08732498868431826,0.5991704726690091,0.00944646425606957,0,0,0,0,0,0,0.45807302660871846,0,0,0,0.10941544058565303,0,0,1,1.0769153650279226,6.070531934130566,7.750029445276133,0,Confidential,0.04871295448756994
7288,Senior,0,0,2,0,Overweight,0,0.2837372446639369,0.44714010389539827,0.998633384429911,0.6855324044671881,1,0,0,0,0,Elevated,Stage 2,Normal,Diabetes,0.7713154169466495,0.4210564261339882,0.26511791475228974,0.2862766182903291,0.021262544639818026,0.7498546125702347,1,1,0,1,1,0,0.798135218652804,0,0,0,0.31333901011726806,0,0,0,3.430176601765883,7.810635411306272,8.102338391791196,1,Confidential,12.468776397337113
7289,Middle-aged,1,0,0,1,Obese,1,0.7324388924614414,0.14461521203597058,0.9158110827296844,0.9931283877211702,0,1,0,1,0,Stage 2,Stage 1,Diabetes,Diabetes,0.801818967271709,0.9652938055417112,0.20654878243561914,0.10781017295811729,0.5961059954479805,0.1568394196152951,0,1,0,0,0,0,0.1446321781405585,0,0,0,0.5894309307662927,0,0,0,2.911957093989712,0.3807552215051601,3.099979648504396,1,Confidential,0.3464967371790907
7290,Middle-aged,1,1,0,1,Overweight,0,0.3167981790038133,0.883907631431213,0.3516231149037246,0.9976875979166734,0,0,0,0,0,Normal,Stage 2,Diabetes,Diabetes,0.4627141900830888,0.8558232819370758,0.4740475374285378,0.7526252605622998,0.4699105222784066,0.21820229463083388,1,1,0,0,0,0,0.8624643372590971,0,0,0,0.35732324325436454,0,0,0,2.420041774386345,0.1618794368570619,9.623704842976023,1,Confidential,1.0088038359517308
7291,Young adult,1,0,2,1,Underweight,0,0.626952892630326,0.11991294889273553,0.8389316080253003,0.07532891095412353,0,0,0,0,0,Stage 2,Stage 2,Diabetes,Diabetes,0.14345168885285198,0.7717712300257005,0.3006760854202799,0.7452537584030496,0.9040460790128975,0.9307607967254605,0,0,0,0,0,0,0.12947963506152702,0,0,0,0.6597930430210327,0,0,0,1.3351390266310426,2.5243805439066227,0.922133942173764,1,Confidential,0.33258933631854215
7292,Senior,1,1,1,2,Obese,0,0.6242935628856346,0.4844927336552602,0.6909776039452682,0.4226329374900818,0,0,0,0,0,Normal,Normal,Prediabetes,Diabetes,0.8894232360446244,0.9320205601480219,0.8189196714537121,0.36269169486042213,0.9543804329183778,0.4024337929332522,0,1,0,0,1,0,0.2620208526388388,0,0,0,0.76082584466925,0,0,0,2.4339948528079955,9.821293403207177,8.238281395937204,0,Confidential,0.8580641882499169
7293,Young adult,1,0,0,2,Normal,0,0.4025065330310965,0.7349701431244873,0.2371614469779241,0.33450162939315453,0,0,0,0,0,Elevated,Stage 2,Prediabetes,Diabetes,0.9307881509372249,0.7733818468851819,0.0,0.913062249167216,0.23731107657766226,0.5691586291312469,0,0,0,0,0,0,0.9136293335642901,0,0,0,0.5138197214004901,0,0,0,3.1077771900505486,5.937036964713936,4.920411674023781,0,Confidential,0.0
7294,Senior,0,1,1,1,Obese,0,0.7588970094640045,0.39054619734298796,0.17472452547496103,0.29072538722576224,1,0,0,0,0,Normal,Stage 2,Diabetes,Normal,0.6629205301951535,0.06287429264804005,0.1597427668496325,0.8031247501546686,0.07292750386482455,0.2139580627797715,0,0,0,1,0,0,0.1407443427046262,0,0,0,0.43864964665628103,0,0,0,2.412032902027642,3.636236435857764,2.7127924088960387,0,Confidential,2.19043239359632
7295,Senior,1,0,1,3,Underweight,0,0.28857458052147933,0.7156909852080826,0.005174678639229637,0.8832392857490056,0,0,0,0,0,Elevated,Stage 2,Diabetes,Diabetes,0.6878359955094556,0.10304717279421084,0.14088791373536624,0.7161084818821195,0.19171097468335613,0.9965971232804078,0,0,1,0,1,1,0.8699485344955923,0,0,0,0.15105139528377978,0,0,1,0.6194463811137596,8.457208499791928,1.1489764195660823,1,Confidential,0.7348974880966884
7296,Middle-aged,0,0,0,0,Obese,0,0.8311162646654083,0.2932209119119314,0.6135160606028895,0.819812169016004,0,0,0,0,1,Stage 2,Stage 1,Diabetes,Normal,0.5918624898731148,0.03544968398211558,0.3735910752830267,0.19864856391578817,0.7862107244659733,0.4612173581026572,1,0,0,1,0,0,0.18829698723419153,0,0,1,0.8500627693304834,0,0,1,2.761151767178071,4.402027500850628,2.138375484870765,1,Confidential,0.4751793172711873
7297,Middle-aged,0,0,0,2,Obese,0,0.7722439928647752,0.5076276803608347,0.05932352794256764,0.1907973449812692,1,1,0,0,0,Stage 2,Stage 2,Normal,Normal,0.679721628069615,0.8691033481396405,0.8528320764557513,0.3117388618572749,0.7515946489686538,0.3260186621323534,1,0,0,0,0,0,0.5078590200022214,0,0,0,0.9708603951162703,0,0,0,1.540915370162911,5.318234684516679,0.724090145567835,0,Confidential,1.1346968444041168
7298,Senior,1,0,0,3,Obese,0,0.5239445233435797,0.48351624080725225,0.19534667184505042,0.4719738533585648,0,0,0,0,0,Stage 2,Normal,Prediabetes,Normal,0.15300390276524112,0.5818681132043839,0.9634273598465253,0.5424423869718453,0.9886655796535673,0.6203259989929257,0,0,0,0,0,0,0.6725629854828239,0,1,1,0.11171708119358778,0,1,0,1.8498469763604315,3.715764621137256,6.178886122464792,0,Confidential,0.974472440098617
7299,Young adult,0,3,2,3,Normal,0,0.5785640154772201,0.7444908187866842,0.47706661232046327,0.9350975725995608,0,0,0,0,0,Stage 2,Normal,Diabetes,Prediabetes,0.708084732871391,0.5383329148266783,0.09298111415559918,0.5099282676782031,0.22240474945258976,0.06166048100284044,1,1,1,0,0,0,0.18651335231423644,0,0,0,0.7395585138805288,0,0,0,0.3370072586247388,3.135094735666586,3.3004314487087347,0,Confidential,0.41807162115222746
7300,Senior,0,0,0,2,Normal,0,0.5144989808635634,0.5522424490753872,0.4904034029079363,0.07401596178012115,0,0,1,0,1,Stage 2,Stage 2,Prediabetes,Diabetes,0.27601533539337286,0.4286971621307334,0.26416586977002776,0.7247717236810487,0.9653913021908154,0.10718205708473874,0,1,0,1,1,0,0.14520942513643734,1,0,0,0.9024631101340524,0,0,0,0.8407180977314632,5.2077985454578375,7.028309553145266,1,Confidential,0.27363605738993263
7301,Senior,1,1,1,0,Obese,0,0.3124094588234042,0.37917000270394075,0.12369972931174238,0.11860893929491023,0,0,0,0,0,Elevated,Stage 1,Prediabetes,Diabetes,0.06773068899348596,0.17276081817611044,0.7105280264170732,0.9076340936263023,0.9418848914457463,0.010680115470826812,1,0,0,0,0,0,0.4992082584978526,0,0,0,0.8406053565402697,0,0,0,3.371064222611305,0.4657137169471836,3.831770012531793,0,Confidential,0.7543682172525862
7302,Senior,0,0,1,3,Obese,0,0.6646493604631474,0.5636875213263985,0.6362765059029135,0.6387653694497805,0,0,0,0,0,Normal,Stage 2,Prediabetes,Diabetes,0.9407926879023303,0.6222466854956655,0.18175933511771936,0.6535367237397798,0.7942344222645259,0.22696170269923857,0,1,0,0,0,1,0.46753091988706946,0,0,0,0.50981881328002,0,0,0,2.875273877763109,2.0733964152868243,8.638418893043495,0,Confidential,0.22884847347649082
7303,Senior,1,3,2,1,Normal,0,0.565511713468706,0.4509981967951157,0.9640231708932214,0.6174632811646027,0,1,0,0,1,Stage 2,Stage 2,Normal,Diabetes,0.2180803975230718,0.6066207256800162,0.042428842352176366,0.35230828270554143,0.5486086565453147,0.9253686213863384,0,0,0,0,1,0,0.7575327423532747,0,0,0,0.8225286161887357,0,0,1,1.6088335321441165,7.84145496619222,5.515403654407533,1,Confidential,0.07733899537670123
7304,Senior,1,0,0,2,Obese,1,0.5107397014499798,0.070414559849721,0.15327492776068433,0.28212252136545,0,0,0,0,0,Stage 1,Stage 2,Prediabetes,Normal,0.2637129975469686,0.5126703632394152,0.7734934201890131,0.7578749691572824,0.4898717087735951,0.5064453570654335,0,0,0,0,0,0,0.2132155582770841,0,0,0,0.7660863334799266,0,1,1,2.265369070634164,3.268285570366988,9.88089923372596,0,Confidential,1.5789714048306063
7305,Young adult,1,0,0,1,Obese,0,0.960109391850025,0.25450324539055097,0.2512305796381821,0.6248550281974735,1,0,0,0,0,Normal,Stage 1,Diabetes,Diabetes,0.6419126896955045,0.9003489447435632,0.5888993046625024,0.12542905680947536,0.6850522417660274,0.35622872273668027,0,0,0,0,0,0,0.2983039131417765,0,0,0,0.1445692245807677,0,0,1,2.4176556208001307,4.736774982436968,8.793174094464643,1,Confidential,0.8596414532479334
7306,Senior,0,3,0,2,Normal,0,0.8581892812440521,0.0,0.32375184499744525,0.7949697197776363,1,0,0,0,0,Normal,Normal,Diabetes,Normal,0.0826206606057016,0.5810676844154788,0.014641794863397672,0.5111043228231968,0.6899337288584217,0.19630256097357832,1,1,0,0,0,0,0.3177015045255133,0,0,0,0.9148316965520551,0,0,0,1.0071951634798393,4.193241594319081,8.622545744734655,0,Confidential,0.02122203082841635
7307,Middle-aged,0,0,1,2,Obese,1,0.175926634941235,0.6790818764851624,0.12328898103218934,0.8414371399209212,0,0,0,1,1,Elevated,Stage 2,Diabetes,Normal,0.3063841822563329,0.8021005512857388,0.7813368606324664,0.29367390664327647,0.4747778844862899,0.9462574648791033,0,1,0,0,0,1,0.05842981132033774,0,0,0,0.40041532737363894,0,0,0,3.034741889531819,5.418945572826179,1.2525541788479089,1,Confidential,1.6456892499908113
7308,Middle-aged,0,3,1,3,Normal,1,0.3723514089573865,0.4603900680698547,0.0028594166615961377,0.17873682976983585,0,0,0,1,1,Stage 2,Stage 2,Diabetes,Diabetes,0.1408257829211373,0.5608846962641543,0.05170615713718729,0.0871414889816326,0.22151981427571693,0.9955732771616352,1,0,0,0,0,0,0.34249803301403475,0,0,0,0.8921507519824904,0,0,1,2.5656673184479346,7.478062341719599,6.686806163938453,1,Confidential,0.23341549516121698
7309,Middle-aged,1,3,2,1,Normal,0,0.08428190048318687,0.5029260765879708,0.7075975837223348,0.001076701679226244,0,0,0,0,1,Normal,Normal,Normal,Normal,0.6394196684685353,0.3794648278943948,0.7152676627583627,0.732228735724064,0.0926763338059417,0.9293871163223644,0,0,1,0,1,0,0.897607584797692,0,0,0,0.9932362843932546,0,0,0,0.3912578407597564,4.928447916459384,4.570547232606158,0,Confidential,7.717910640013958
7310,Young adult,0,0,0,1,Normal,0,0.6007317427109224,0.9715665943048202,0.32824377374169145,0.4480100263787111,0,1,0,0,0,Normal,Stage 2,Diabetes,Diabetes,0.39169536734714605,0.18683126184951337,0.4179117337445055,0.15134962045503048,0.02550520342332535,0.1629222126562017,1,0,0,0,0,1,0.7198288444743284,0,1,0,0.5805236808715191,0,0,0,3.686346516657702,4.29729119868803,7.1617448999025255,1,Confidential,16.385351914594473
7311,Middle-aged,0,0,0,1,Normal,0,0.3068288220725453,0.9819938806275875,0.6927492179674349,0.8347008424578114,0,0,0,0,0,Stage 1,Normal,Diabetes,Normal,0.035667950786539435,0.43063662239949096,0.2642605042636177,0.4372233371143334,0.6978194856699514,0.13485527588627758,0,1,0,0,0,1,0.9911673907595162,0,0,0,0.4148525355441935,0,0,0,2.8603706448751547,4.472960887565394,1.64445511431365,0,Confidential,0.3786946476708237
7312,Senior,1,0,1,3,Overweight,0,0.058232506713353484,0.5887044115185048,0.7742420867186293,0.2246737643363852,1,0,0,0,0,Stage 2,Normal,Normal,Diabetes,0.340481461881652,0.4173141745118337,0.5274873009918761,0.3027374245237752,0.7852287599876369,0.06910330923320132,0,1,1,0,1,0,0.7193421975372482,0,0,0,0.3839328654418783,0,0,0,2.812816570078417,1.093243581899361,5.907235200442428,0,Confidential,0.6717625841928934
7313,Middle-aged,1,1,0,3,Normal,0,0.46748425669231297,0.5759908735569803,0.7649241222390801,0.3810777648549025,0,1,0,0,0,Normal,Stage 1,Diabetes,Prediabetes,0.8716132222013249,0.31895137911121235,0.8784855560052358,0.4661634585798971,0.9786102809472812,0.8582216674632483,0,0,0,0,0,0,0.3110468645063411,0,0,0,0.5708144180290861,0,0,0,0.0092596083191813,1.5895017052756044,5.3252457653760334,0,Confidential,0.8976868249890794
7314,Middle-aged,0,1,2,1,Obese,0,0.5806370091219728,0.8240197760832259,0.3369457214015812,0.18871796260325735,0,1,0,1,0,Normal,Stage 2,Diabetes,Diabetes,0.741347546447659,0.6119019821348305,0.4701178800045622,0.522568482994394,0.409505898446369,0.02100380881914038,0,1,0,0,0,0,0.40320919418870094,0,0,1,0.5685874529113545,0,0,0,2.4670033662816717,7.526962543509134,9.744781440473666,1,Confidential,1.148012475005
7315,Young adult,0,2,1,2,Normal,0,0.9818595446544597,0.05446829899930886,0.691948199149921,0.6272027877821905,0,0,0,0,0,Stage 1,Normal,Prediabetes,Diabetes,0.10776825516582868,0.6780188307246431,0.9425491796324277,0.5218337962891895,0.9098738380834976,0.6349192899121627,1,1,0,0,0,0,0.009971003652631203,0,0,1,0.8561541272196574,0,0,0,3.309524321922263,2.8768672713167023,3.4020858908974416,0,Confidential,1.0359119475484155
7316,Senior,1,0,0,3,Underweight,1,0.6066746157631159,0.9256455096473378,0.3166676498735428,0.28515695845077915,0,0,0,0,0,Normal,Stage 1,Prediabetes,Diabetes,0.7398560086557492,0.299722224389619,0.8164021427112018,0.38890719766695353,0.417962135654921,0.07540711360143859,0,0,1,0,0,0,0.9783271795037222,0,0,0,0.0707503475571189,0,0,0,1.71293815968213,0.9610451626246764,1.9430627168732484,0,Confidential,1.9532921120520876
7317,Young adult,0,0,2,1,Underweight,0,0.843597846975233,0.005165560876293325,0.5176941150948215,0.05891475774571786,0,0,0,0,0,Normal,Stage 2,Diabetes,Normal,0.1987033835151244,0.19372843832101821,0.36542911408796397,0.7861099821370003,0.2864781593236366,0.7623164123083485,1,0,0,0,0,0,0.4116314967889725,0,0,0,0.028075600624286507,0,0,0,3.501336659838601,4.058996370579368,4.705586604291319,0,Confidential,1.2755915318317017
7318,Senior,1,0,0,3,Obese,0,0.11589413770528238,0.07720232473022384,0.2807899937638848,0.808822453926252,0,0,0,0,0,Normal,Normal,Normal,Diabetes,0.7251875298716074,0.3451914329992103,0.6652811823791727,0.4887641376736291,0.8699461632463976,0.9059917167386589,0,0,0,0,0,0,0.6023810124569537,0,0,0,0.018840912639793306,0,0,1,1.1920745945403295,4.376614243312737,5.957737165394208,0,Confidential,0.7647383372512707
7319,Middle-aged,0,2,2,3,Obese,0,0.9926735364607164,0.4130293224638214,0.03366116417273941,0.8087273829800857,0,0,1,0,0,Stage 2,Stage 2,Prediabetes,Diabetes,0.5529136902781,0.750024005164853,0.5058634428067121,0.8537641199106836,0.30165645199909297,0.5875125813107402,0,1,0,0,0,0,0.3398477557200155,0,0,0,0.9400662526833263,0,0,0,2.935582411774143,3.705541305966204,7.886622083924081,0,Confidential,1.6769521734222121
7320,Senior,1,0,0,1,Overweight,0,0.8065902479620336,0.7581625749353345,0.6787075444395412,0.4170132831073513,0,0,0,0,1,Stage 2,Stage 1,Prediabetes,Diabetes,0.5860529172991362,0.5264306194454645,0.7595038331693942,0.9744901245761926,0.7334360983603764,0.1986814640345327,0,0,1,0,0,0,0.3534941139332035,0,0,0,0.9652507054206565,0,0,0,0.8894836988029753,6.241000375125875,1.784426439778478,0,Confidential,1.0355419304657805
7321,Middle-aged,0,3,1,2,Normal,1,0.06526265334974998,0.7225213495635737,0.7666442419469863,0.26353754338347923,0,0,0,0,1,Stage 2,Stage 1,Diabetes,Normal,0.041303486980948725,0.9677993063409612,0.9703765638997959,0.6267703790250327,0.012104049859242016,0.922742911057838,0,0,0,0,0,0,0.28543153000799654,0,0,0,0.5149717047475786,0,0,0,0.0160093752198373,6.541839427798996,6.609647194456102,0,Confidential,80.16957755332339
7322,Senior,0,0,1,2,Obese,1,0.35168204093144867,0.6912405030298587,0.7160122802676081,0.6219891259362921,0,0,0,0,0,Stage 2,Stage 2,Prediabetes,Normal,0.3356492844695007,0.17628348959683882,0.379358925111672,0.8064318971154585,0.735727471545824,0.7166507378468975,0,0,0,0,1,0,0.20445143331700713,0,0,0,0.8548736684671187,0,0,0,0.1346987721690671,0.4329013615105026,6.868339816374911,0,Confidential,0.5156242491728733
7323,Young adult,1,0,2,2,Normal,0,0.4531233223872239,0.9717049897891062,0.16742803976636092,0.6181898714629389,0,0,0,0,1,Normal,Stage 2,Normal,Normal,0.07040572196053073,0.6754373688880672,0.32216190175350334,0.06304916274348965,0.09995190674145754,0.5407711751891604,0,0,1,0,0,0,0.1247557714603789,0,1,0,0.24122799159668715,0,0,0,3.5661660306325067,3.645525169696489,8.00347600244474,0,Confidential,3.2231691446050093
7324,Middle-aged,0,0,2,2,Obese,0,0.09427120644299418,0.316759779793301,0.025855135359072804,0.09178471960856605,0,0,0,0,1,Elevated,Stage 2,Normal,Prediabetes,0.5867600338982695,0.6378360465245496,0.7621441853642392,0.31659310428724324,0.8469502991269298,0.7077588560901572,0,0,0,0,1,0,0.28218174609573804,0,0,0,0.02883939144908529,0,0,0,1.3726052779981792,7.789753326046677,3.354657912264234,0,Confidential,0.8998688425399789
7325,Young adult,0,0,1,3,Normal,0,0.6904680602468576,0.23790726131719436,0.25873729002932444,0.8521859277520115,0,0,0,0,0,Stage 1,Normal,Prediabetes,Diabetes,0.6683653493416623,0.9389792146042951,0.310188139491536,0.7106029488998651,0.38333233175644343,0.6165412599416736,0,0,1,0,1,0,0.22523227514785293,0,1,0,0.15910450122419215,0,0,0,0.1407422781726608,8.786196686519878,8.281861532438743,0,Confidential,0.8091885651028757
7326,Senior,1,0,1,3,Normal,0,0.9366271972704878,0.475689906742429,0.7228861344480552,0.5963183681456262,1,0,0,1,0,Normal,Stage 2,Diabetes,Diabetes,0.3337008561299563,0.5232602684560184,0.21981733615775956,0.9494180328350326,0.022670858994489063,0.5159776873265279,1,1,0,0,0,0,0.22215479943210958,0,0,0,0.11168628266874839,0,0,0,0.6188896130370924,6.2898851638871065,0.1575735177835946,1,Confidential,9.69603031853331
7327,Middle-aged,1,3,0,2,Normal,0,0.3086620603980675,0.9459490239694456,0.8155075461747958,0.8565337631040654,0,0,0,0,0,Normal,Stage 2,Diabetes,Normal,0.8021586717098791,0.47124110063511493,0.2885639821435415,0.20959279148995297,0.20262044385102723,0.9269641845638241,1,0,1,0,0,0,0.1149089847172887,0,0,0,0.2932514602027633,0,0,0,3.8361523547414262,1.8451248143479029,1.966246052701588,0,Confidential,1.4241602508565354
7328,Senior,1,3,1,0,Normal,0,0.11742093104854427,0.4825012949769229,0.18995127023028655,0.14586327029553559,0,0,0,0,1,Normal,Normal,Prediabetes,Normal,0.9016818847045946,0.5612587849700272,0.4017327039119454,0.8467214235655058,0.7696182863100336,0.9126948208617718,0,0,1,0,0,0,0.6440122326862034,0,0,0,0.2796907770110563,0,0,0,2.453641286915259,4.034993768443201,2.187976193100898,0,Confidential,0.5219895512593253
7329,Middle-aged,0,0,2,2,Overweight,0,0.6438875266989693,0.272837440406814,0.772924763741335,0.047050877324299245,1,1,0,1,0,Stage 1,Normal,Diabetes,Diabetes,0.9395349154621762,0.02638746461544432,0.1717133502281032,0.1469391354912653,0.8737530490021783,0.6620576034546355,1,0,0,0,0,0,0.4454724508458537,1,0,1,0.6180804428321803,0,0,0,3.183970969941309,1.5778722217649932,9.362724342786905,1,Confidential,0.1965238924478707
7330,Young adult,0,0,1,2,Overweight,1,0.3734954286355667,0.24682196457419653,0.9055306192345964,0.11831554286366053,0,0,0,0,1,Stage 2,Stage 2,Diabetes,Prediabetes,0.5968323567800493,0.280086060162865,0.9454842368380421,0.7921728924233233,0.4782540409524013,0.9497140512376239,0,1,0,1,0,0,0.7246077465284047,0,0,0,0.74368942181801,0,0,0,1.2849767989284753,6.717514705415598,7.214543096218993,1,Confidential,1.9769498130223688
7331,Middle-aged,1,2,1,0,Underweight,1,0.020021269591738496,0.9941803907027481,0.5703900278153117,0.5275915508652483,0,0,0,0,0,Normal,Stage 2,Prediabetes,Diabetes,0.37749333932901113,0.6781500376579883,0.06030208362807499,0.3700121106515322,0.6140912755029952,0.3843873575196989,0,1,0,0,0,0,0.6416298425750605,0,0,0,0.2995251882744098,0,1,1,0.9717733558401624,2.497476836148796,3.345157802026528,0,Confidential,0.09819726485884729
7332,Middle-aged,0,0,1,1,Underweight,1,0.9147280377300467,0.06991708933533414,0.4194470682590402,0.608028986100981,0,0,0,0,0,Stage 2,Stage 2,Normal,Prediabetes,0.5021209094485224,0.8901077420674414,0.23078131272648483,0.7042971712109012,0.8293974535545279,0.7687846451809934,1,1,0,1,0,0,0.09555601418730475,0,0,0,0.2051651268712565,0,0,1,1.9883845197752863,9.204596778957788,1.2096076394919577,0,Confidential,0.2782517739081922
7333,Senior,0,0,1,3,Overweight,1,0.2745464874443409,0.7225366890685208,0.8571120859370593,0.2058631452013503,0,0,0,0,0,Stage 2,Stage 2,Diabetes,Diabetes,0.37038430938303857,0.9686816958945573,0.288143003150624,0.520654733473014,0.38349149352472844,0.5627760758734149,0,1,1,1,0,0,0.6099160069656219,0,1,0,0.016056718762742048,0,0,1,3.0623164307064545,1.5701181137913545,7.720034976289167,1,Confidential,0.7513673914961138
7334,Middle-aged,1,2,0,0,Normal,0,0.2497844822195784,0.6075272632106379,0.7754772623498979,0.4722954488283363,1,0,0,1,0,Stage 2,Normal,Diabetes,Normal,0.8980229238876887,0.5465331226037861,0.28386393328100423,0.31666545389053363,0.3270356828712452,0.9297844299849403,0,0,0,1,0,0,0.003713513825615626,0,1,0,0.5436614777028892,0,0,0,3.299211255633096,2.989052231021065,3.8485946399971738,0,Confidential,0.867990706056263
7335,Middle-aged,1,3,2,1,Obese,1,0.2704051566587409,0.8497946867040999,0.20980070584953905,0.9785732095599938,0,0,0,0,0,Normal,Stage 1,Diabetes,Diabetes,0.3152244743541961,0.3837693686832742,0.8314589502392582,0.7259124847761136,0.32438004879843174,0.34902017226439785,0,0,0,0,0,0,0.5388694822368137,0,0,0,0.3353721257661629,0,0,0,1.5925957877627357,9.23796315702024,4.926135889512521,1,Confidential,2.563224690665001
7336,Senior,1,0,2,2,Obese,0,0.06567503594581958,0.014184876130717521,0.8472356082917201,0.7352416838694326,0,0,0,0,0,Normal,Stage 1,Normal,Diabetes,0.8675736343338059,0.264578240047009,0.6465147556558037,0.3905151236907383,0.6832497830795448,0.48384623580196784,0,0,0,0,0,0,0.7840491923908068,0,1,0,0.1876853442752175,0,0,0,1.8868028126313408,8.035728327224842,3.0736143999928336,0,Confidential,0.9462348494892031
7337,Middle-aged,1,0,1,3,Normal,0,0.6025724051667396,0.4280547435495487,0.6833936337965687,0.3644823074575344,0,0,0,0,0,Normal,Normal,Diabetes,Diabetes,0.9993677991616325,0.5604067568698772,0.2123462324432217,0.47192433946935225,0.45822050141105175,0.08845198573141619,0,0,1,1,0,1,0.5776893240197001,0,1,0,0.5425634289862163,0,0,0,3.3113475953767,3.481420856304368,5.344869182349996,1,Confidential,0.4634149536943878
7338,Senior,0,3,0,2,Obese,0,0.22990648247206788,0.9247064803063008,0.3414174732489803,0.0470584122069343,0,0,0,0,0,Stage 2,Stage 2,Diabetes,Normal,0.2207758700042992,0.8294793478258132,0.9709421877694819,0.9844735654077701,0.06411486528035126,0.37763589379793183,1,0,0,0,0,0,0.6720395803478344,0,1,0,0.9621586856114238,0,0,0,3.685764029980454,0.5775798861826587,9.516717351899668,0,Confidential,15.143792060139262
7339,Senior,0,0,1,2,Obese,0,0.9505925252306002,0.2508799101760048,0.6670150330632011,0.9343307353995799,0,0,0,0,0,Stage 2,Normal,Prediabetes,Diabetes,0.9358992606185761,0.03937857604979096,0.5882704264542298,0.677777216529045,0.9865230033362267,0.37212504661367984,0,0,1,1,0,0,0.8869339832929876,0,0,0,0.5259594761348336,0,0,1,1.5445822894590306,3.8097791389707214,8.0004307395935,0,Confidential,0.5963068519079788
7340,Middle-aged,1,0,0,1,Obese,0,0.1355443310295779,0.23870471491094047,0.5067407516624568,0.5259175391456835,0,0,0,0,0,Stage 2,Stage 2,Normal,Diabetes,0.09319705839603033,0.4611963679532948,0.999636481541444,0.6864581870255044,0.0738437261650367,0.7358464052282306,0,0,1,0,0,0,0.34185579327339943,0,0,0,0.511954160485087,0,1,0,0.2127783059759735,4.557728684647772,4.588869675323954,0,Confidential,13.53718905391246
7341,Senior,1,0,1,2,Obese,0,0.11068533252667571,0.15734772722639598,0.5877014091298792,0.8722788570674919,0,0,0,0,0,Normal,Normal,Diabetes,Diabetes,0.30276481207149714,0.09639952978254938,0.0616288622817347,0.3638888026000114,0.9138697098595696,0.33550162346874735,0,0,0,0,0,0,0.5053527158414223,1,0,0,0.8018285452585476,0,0,0,1.5711413322883052,9.552355440059747,2.5436570368633094,1,Confidential,0.06743725239695814
7342,Senior,0,0,1,2,Obese,1,0.6110873204583733,0.3577412783522382,0.2910601228153748,0.0944110835533708,0,0,0,0,1,Elevated,Stage 2,Diabetes,Diabetes,0.5913002299893649,0.009413022257241638,0.4165097055032225,0.7022076091307656,0.7492037609144429,0.592017177748072,0,1,0,1,0,0,0.6264015198015299,0,0,0,0.8841232977462309,0,0,0,0.1141349407191696,6.108299192240143,9.556416065681058,1,Confidential,0.5559364851490473
7343,Young adult,1,0,0,1,Normal,1,0.06147481281084724,0.21611771347871506,0.6243913172767157,0.8300708080260181,0,0,0,1,1,Normal,Normal,Diabetes,Diabetes,0.9159642688809309,0.889578233852265,0.8453859136885653,0.8879563751125334,0.05212064668493638,0.031068629551128463,0,1,0,0,0,0,0.04146864288182493,0,0,0,0.11004020000428584,0,1,1,3.234840479599981,2.061560085863885,2.1081588405189047,1,Confidential,16.219789420473443
7344,Senior,0,2,1,2,Obese,0,0.0020989894721552852,0.635668244600778,0.1842368596837159,0.3865102695632502,0,0,0,0,0,Elevated,Stage 2,Diabetes,Prediabetes,0.7804637402353043,0.5806947528909511,0.7989535439180109,0.48005000352843846,0.831030818497267,0.4580535201106891,0,1,1,0,0,0,0.8133543414533718,0,0,0,0.04698774245363836,0,1,0,1.2918074973881375,6.152126925984726,8.620534913433014,0,Confidential,0.9614006197300111
7345,Middle-aged,1,1,0,0,Obese,0,0.2054645226528884,0.1037710858146137,0.6109298652432174,0.2207376231013477,1,0,0,0,0,Normal,Stage 1,Diabetes,Normal,0.889867312071605,0.6245300467910389,0.9016045531311232,0.9781414672558728,0.014317656385390842,0.2208454885229266,1,0,1,0,0,0,0.6915278425726429,0,0,0,0.1096672276545423,0,0,1,3.241503474927266,5.694639444750748,0.8306178964364563,0,Confidential,62.971517744418286
7346,Senior,1,0,0,3,Obese,0,0.20510127112718768,0.6890161360887684,0.5759973946674738,0.6412827959161199,0,0,0,0,0,Normal,Stage 2,Normal,Diabetes,0.046554792476008175,0.7726385589806424,0.8992929467438029,0.712279493322677,0.3763311594938088,0.2291567410787745,0,0,0,0,0,0,0.3282933309152222,0,0,0,0.6657832965258312,0,0,0,3.2593998419683,4.508399628203055,9.535579837112303,0,Confidential,2.389631908113624
7347,Middle-aged,1,0,2,1,Obese,0,0.6027576638206799,0.2734634034949531,0.47113441529816075,0.09977704810156118,0,0,0,0,0,Stage 2,Stage 1,Diabetes,Normal,0.32115259112324873,0.33550582413326574,0.8800885630802588,0.21851783217264603,0.5410902245414457,0.5416085580378649,0,0,0,0,0,0,0.11399408843844631,0,0,0,0.3029659440704397,0,0,0,2.062222718932089,0.2088203942680644,3.592725541828108,0,Confidential,1.6265098188127531
7348,Senior,0,0,1,1,Obese,0,0.683167220988587,0.1463764593509861,0.7700281796007256,0.6423676599819644,0,0,0,1,0,Stage 1,Stage 1,Diabetes,Normal,0.06832618553096191,0.33296624756539067,0.3429603737055755,0.34342501332918823,0.873562505091813,0.6452521088111947,0,1,0,0,1,0,0.918647083885869,0,0,0,0.13735710773864376,0,0,0,1.313761144605106,8.556419398142237,6.78449790706013,0,Confidential,0.39259969573617376
7349,Senior,0,3,0,3,Normal,0,0.1242520547380685,0.6631911855124312,0.06913657042094447,0.2323041394639742,0,0,0,0,1,Elevated,Stage 2,Normal,Normal,0.42476593878007807,0.21722987520361509,0.2692196516728036,0.9556543083952787,0.5318289761484962,0.8247641781559318,0,1,0,0,0,0,0.03378397878361242,0,1,0,0.9057901785761738,0,0,0,0.8207939553874604,8.593871619313097,0.1739330506559133,0,Confidential,0.5062147113955533
7350,Senior,0,0,0,3,Obese,0,0.41190329256861713,0.3425381942898854,0.952324807552877,0.8438891758758172,0,0,0,0,0,Stage 2,Stage 2,Diabetes,Prediabetes,0.3169694160331057,0.94020522655969,0.038314743561895126,0.6911268079061854,0.3492377268313921,0.6352962080743995,0,1,1,1,0,0,0.43837407643072956,1,0,0,0.15212004065242885,0,0,0,2.2628705594013603,8.519255596136643,8.402977188812672,0,Confidential,0.1097096350658388
7351,Young adult,1,0,2,0,Obese,0,0.0032152023824759952,0.36239253291317847,0.18746523371012966,0.36096105857617167,0,0,0,1,0,Stage 1,Normal,Diabetes,Normal,0.32560377683360897,0.6284595484378114,0.1476996742541954,0.6825717030800802,0.07610969863121048,0.8738002787261949,1,0,0,0,1,0,0.166791647050786,0,0,0,0.7995604144002181,0,0,1,2.775264188428466,3.1446475582639,9.068603177696922,0,Confidential,1.9406156759321058
7352,Senior,1,3,2,1,Overweight,0,0.43585369340845065,0.5228081684317313,0.6990160393035274,0.435989186747063,0,0,0,0,0,Normal,Stage 2,Diabetes,Diabetes,0.8823584792767568,0.6631236340100745,0.23941908967643122,0.22980507077427875,0.9225104799685304,0.535824581589893,1,0,0,0,0,0,0.7782357299079239,0,0,0,0.33980698937749343,0,0,0,1.022319632116829,1.7092669066770003,0.7634322438626029,1,Confidential,0.25952994017433656
7353,Senior,0,0,1,3,Overweight,0,0.7714593883649171,0.8980876380936025,0.07274931972883754,0.40670677306214553,0,0,0,0,0,Elevated,Stage 2,Prediabetes,Normal,0.3063640947079769,0.4124577926944122,0.7057334893171843,0.5716072647553567,0.8253196140701153,0.008905289300846747,0,0,1,0,0,0,0.9918966155299823,0,0,0,0.18522258591799787,0,0,0,1.3588299391781766,0.0330103116825863,4.548810435795748,0,Confidential,0.8551032561031906
7354,Young adult,1,0,1,1,Normal,0,0.3860350184012855,0.11018461260732623,0.2589263461059412,0.007726834589442455,1,0,0,0,0,Normal,Normal,Diabetes,Diabetes,0.27659344779699796,7.738494955607245e-05,0.34177278651280174,0.5446741261978145,0.7435083650354953,0.640615035085446,0,1,1,0,1,0,0.3838388520810688,0,0,0,0.48845866569300816,0,0,1,3.3887366055543384,5.507035417413065,9.31618420136419,1,Confidential,0.45967577849172603
7355,Middle-aged,1,0,0,3,Obese,0,0.11509673465019198,0.5250266606115953,0.19983165154280047,0.36689405015795196,1,0,0,0,0,Normal,Normal,Prediabetes,Diabetes,0.8193260714586836,0.500872840229186,0.4793649735567824,0.4928472010037262,0.11690768337425733,0.16770378552798945,0,1,0,1,0,1,0.28332353373269675,0,0,0,0.7553228520195833,0,0,0,1.6776081925326505,3.900283010480874,3.133301160070846,1,Confidential,4.100371846580761
7356,Middle-aged,1,1,2,3,Obese,0,0.5025206676393278,0.6990583786217808,0.9102961933963164,0.9618850759192533,0,1,0,0,0,Elevated,Normal,Prediabetes,Normal,0.6654857001586425,0.5055165086220492,0.7911344834167231,0.37676794937339914,0.303840519155678,0.1120480037335139,0,0,1,0,0,0,0.2200327199476194,0,0,0,0.5512668546210653,0,0,0,1.5566530722994183,3.214126420668655,9.894906614369289,0,Confidential,2.603782028858934
7357,Senior,1,2,2,1,Obese,1,0.2023551633663452,0.9819133752006515,0.9663088303786933,0.4896612496019731,0,0,0,0,0,Elevated,Normal,Diabetes,Diabetes,0.8258216976183186,0.9086087960311816,0.17623217836137828,0.4898970518045332,0.5105190126466328,0.7513617956337372,0,0,1,0,0,0,0.5050807301791972,0,0,0,0.420665797058294,0,0,1,2.940250237743522,2.2112899438696445,9.03704753786786,1,Confidential,0.34520198855622514
7358,Senior,0,0,0,1,Overweight,0,0.6023472744747509,0.9744257731050193,0.330443603354207,0.542777295217299,1,0,0,0,0,Stage 1,Normal,Diabetes,Diabetes,0.3725311607649297,0.011585247285154018,0.10302074058824928,0.721097873722852,0.2297949916518699,0.814760032985571,1,0,0,0,0,0,0.6123030089580797,0,0,1,0.4245927623112543,0,0,0,0.884148316478,0.8162692538857874,1.4665242677308554,1,Confidential,0.44831586557953157
7359,Senior,1,0,1,1,Normal,0,0.8829695484554646,0.9197754933994042,0.039057282694912376,0.9336687781830665,1,0,0,0,0,Stage 2,Normal,Prediabetes,Normal,0.10131481805335417,0.2559872429945543,0.07855691937039588,0.26606057643412356,0.2307062811704067,0.7919215318678922,0,0,1,0,1,1,0.06393786584925978,0,0,0,0.0007686947741639585,0,1,0,2.431471709522893,0.7171795801912373,0.0743764746263153,0,Confidential,0.34050620109632534
7360,Senior,1,3,2,1,Obese,0,0.6687242697863415,0.45173359484815645,0.6421424361599866,0.2051176168823411,1,0,0,0,1,Stage 2,Stage 2,Normal,Normal,0.5064951800488088,0.8130947794379234,0.29348000097251026,0.7595206806041446,0.2662206411062842,0.9486358703861864,0,0,1,0,0,0,0.1388573289637231,0,0,0,0.7263631463719762,0,0,1,3.972336033214566,5.480091897558115,7.668744821090099,0,Confidential,1.1023938630488956
7361,Senior,0,0,2,1,Normal,0,0.5077113196019457,0.3155086827442948,0.22343151784238843,0.6881495046139258,1,0,0,1,0,Normal,Normal,Diabetes,Normal,0.001441873480839767,0.5616440647446477,0.2857200664292361,0.0019192635348505571,0.14913295141814314,0.9113546554303726,0,0,0,0,0,1,0.7673625674260387,0,0,0,0.3581554522556913,0,0,0,0.8323847915718785,3.0579384584071514,6.655479310942415,0,Confidential,1.9158748198319107
7362,Middle-aged,0,2,0,2,Normal,0,0.8769256206848106,0.8713099554094711,0.6189842609334881,0.5298174486682984,0,0,0,0,0,Stage 2,Stage 2,Diabetes,Normal,0.6787681672569806,0.14354451664920131,0.023700416623255505,0.13994584597977922,0.23120488416148505,0.8536356278159101,0,0,1,0,0,0,0.43981849538779444,0,0,0,0.851234834695198,0,0,0,2.1595116036510364,9.447258938627384,3.855883256427296,0,Confidential,0.10250828700790746
7363,Senior,0,2,1,1,Normal,1,0.2973290140009191,0.8219710850399633,0.5132661424806263,0.9453299446424307,0,0,0,0,0,Normal,Stage 2,Diabetes,Prediabetes,0.47764624311349146,0.689088333835197,0.6641035703357565,0.4506734728698562,0.5534725543021483,0.4525167278783222,0,1,0,0,1,0,0.5377450025889358,0,0,0,0.1646825112834408,0,0,0,0.0943535364871479,7.267992441457819,2.5811521446672794,0,Confidential,1.1998852791772097
7364,Senior,0,0,2,1,Overweight,1,0.2661211933047938,0.7869981748495246,0.9443280419091846,0.018415756219014034,1,0,0,0,0,Stage 2,Normal,Prediabetes,Diabetes,0.3903566899198063,0.014618006390870672,0.42525958726206214,0.604635775425346,0.7378657230292311,0.5743852526494151,0,1,1,0,1,0,0.5770580515748299,0,0,0,0.49046367017335857,0,0,0,3.0320117668174187,5.111989589809951,9.065245201353772,0,Confidential,0.5763373659860537
7365,Senior,1,1,1,3,Overweight,0,0.09582113817921659,0.5207453116971366,0.4133365162554633,0.5661723592034146,1,0,1,0,0,Stage 2,Normal,Normal,Normal,0.6148034580176693,0.40475823367638186,0.3878986091853627,0.07172166767569593,0.8151385458137841,0.4728017952336534,0,1,1,0,0,0,0.11551525313566312,0,0,0,0.8746427338351974,0,0,1,3.133754322029576,5.379740376916592,4.53092150895615,0,Confidential,0.4758683185544963
7366,Senior,1,0,2,1,Normal,0,0.5382284087325507,0.6417502819728358,0.2756771487907382,0.5350264144268445,0,0,0,0,0,Stage 2,Stage 2,Prediabetes,Diabetes,0.3009023714382905,0.5102123056099145,0.7123252696137232,0.3284649504819978,0.9957398348020994,0.3992641773591752,0,1,1,0,1,0,0.35989261253273336,0,0,0,0.49340862373781036,0,0,0,2.5862007537846234,8.456572339662547,9.657256452491003,0,Confidential,0.7153728762446226
7367,Young adult,1,1,1,2,Obese,0,0.5523549611773827,0.9016010394446472,0.2886950162661902,0.460078039016382,0,0,0,0,0,Normal,Stage 1,Diabetes,Diabetes,0.3399891404114228,0.6499857579176511,0.7032718591420244,0.8680264929072901,0.7086964477657814,0.1733031809061861,1,0,1,0,0,0,0.12753794835707014,0,0,0,0.6679136068750532,0,0,1,3.8813617272654137,4.644940562749314,4.046930510021449,1,Confidential,0.992345681086933
7368,Middle-aged,0,0,1,1,Normal,0,0.2893416108855443,0.3743724039999132,0.5705888770985653,0.7409792326245864,0,0,0,0,1,Stage 2,Normal,Prediabetes,Diabetes,0.8783021400201214,0.491570215928003,0.8287908253863749,0.6714827554298999,0.768053728435121,0.06793350140077423,0,0,0,0,1,0,0.962341894624337,0,0,0,0.8511966494209762,0,1,0,2.079011160562046,2.6885789520607184,2.2482871534547733,0,Confidential,1.0790792293593878
7369,Middle-aged,1,1,2,3,Normal,0,0.8580388654537769,0.5979784036163283,0.4454251435308869,0.9745353342343858,0,0,0,0,1,Stage 2,Normal,Diabetes,Prediabetes,0.7123755503740028,0.04538549508087121,0.5924586530318405,0.28896311485066156,0.5649234004643905,0.22249589463001337,1,0,0,0,0,0,0.37059767533553417,0,0,1,0.701844462029062,1,0,0,3.2127810155064425,7.381540575440662,6.303042397784166,0,Confidential,1.0487415684052297
7370,Middle-aged,1,0,1,1,Obese,0,0.14063258225491118,0.15279139675985884,0.2859438494600749,0.1839755521032237,0,0,0,0,0,Stage 2,Stage 2,Prediabetes,Prediabetes,0.9896737873324193,0.24902778566302347,0.8753291382259221,0.26053500903478716,0.24938240137904155,0.8681787558707359,0,0,0,0,1,0,0.32949687771270453,0,0,0,0.024196542015851103,0,1,0,0.5615739531283905,0.7559186751958125,8.85714082308386,0,Confidential,3.5099876069261637
7371,Senior,1,3,2,3,Overweight,0,0.27271653936585316,0.7442023882618523,0.8705609511327932,0.4614739591642486,0,1,0,0,0,Stage 2,Normal,Normal,Diabetes,0.5789779800010795,0.3103400608498523,0.5818397974975242,0.4607224660816514,0.4149443816042745,0.1518849210080436,0,1,1,0,0,0,0.6506414500142029,0,0,0,0.6116194642559234,0,0,0,1.0428331080279487,0.8504424053442783,0.6095902750818349,0,Confidential,1.4022115331408804
7372,Senior,0,0,1,2,Normal,0,0.7133211882998518,0.5485702665906604,0.11368357591232384,0.8108387263320936,1,0,0,0,1,Stage 1,Normal,Diabetes,Normal,0.4288485880576455,0.18000184145611886,0.6328293600770238,0.1773204973087335,0.005717340560913053,0.08012630459949616,1,0,0,0,0,0,0.8580277057053751,0,0,1,0.833264275398819,0,0,0,2.5381197204898944,3.1738689014649624,7.035156017913328,0,Confidential,110.68596550000892
7373,Middle-aged,1,1,2,2,Obese,0,0.8424388729237955,0.8887378972491098,0.9739462945361899,0.6103091278222422,0,1,0,0,0,Stage 2,Stage 2,Diabetes,Normal,0.21507249472835527,0.21528753021351343,0.977348727650335,0.26284419286082444,0.8430034110562277,0.19805484521211544,0,0,1,0,1,1,0.5849923070260722,0,0,0,0.14488499678897268,0,0,1,1.5774432281641275,3.871842458312049,3.753504678438291,1,Confidential,1.159365092515796
7374,Senior,0,3,2,2,Normal,0,0.2746601644376731,0.356229553403659,0.22654222313798775,0.9894441216978603,0,0,0,0,0,Stage 1,Normal,Diabetes,Prediabetes,0.7862374297463727,0.8066843402281004,0.6515504084523625,0.10277715644584962,0.6515457081418086,0.2315988204341348,0,1,0,0,0,1,0.5662560385337742,0,0,0,0.08409665019665133,0,0,0,0.9501714609384906,9.526352361129566,6.670679369103093,0,Confidential,1.0000072140918053
7375,Young adult,0,0,1,2,Underweight,0,0.18632653056560283,0.4192330675439756,0.9911007574662877,0.9843069626128148,0,0,0,0,0,Stage 2,Stage 2,Normal,Diabetes,0.6299379698231128,0.6291105134080858,0.7630455816370139,0.3304348357244293,0.6390734450818816,0.5688918459914268,0,1,1,0,0,0,0.23110995854706456,0,0,0,0.148403303651238,0,0,0,1.2528145068061445,1.7779320619470518,6.673678150824012,0,Confidential,1.1939873069506874
7376,Senior,1,0,2,3,Underweight,0,0.18632587791366828,0.25092571183798545,0.9855495296117172,0.6913620414372558,0,0,0,0,0,Normal,Stage 1,Diabetes,Diabetes,0.19738709524712955,0.33542419168821413,0.1294055177003126,0.08247231726276022,0.4964779749871836,0.6278087846349873,0,0,0,0,0,0,0.5994744067409257,0,0,0,0.9988323314496933,0,0,0,3.407824062501176,5.748530645024238,6.556664575488056,1,Confidential,0.2606470462333262
7377,Middle-aged,0,2,0,2,Normal,0,0.7855229428755169,0.6153935664359931,0.2698189317926432,0.05122235377207496,1,0,0,1,0,Normal,Normal,Diabetes,Normal,0.6831552597366243,0.12407141602377093,0.028149880520027537,0.9003857664732382,0.31105720232766854,0.9336668741518257,0,0,0,0,0,1,0.8996501778503873,0,0,0,0.22167166502827063,0,1,0,2.944746056177453,7.30100557958011,2.787290982282886,0,Confidential,0.09049744005083146
7378,Young adult,1,3,0,1,Obese,0,0.14120600954322712,0.5606781352682083,0.9802331922404832,0.7704167459441235,0,0,0,0,0,Stage 2,Stage 2,Normal,Diabetes,0.21531265539310873,0.6516401615201236,0.8806260333872362,0.03350250516136666,0.7296280102882017,0.9852817087230856,0,1,0,0,0,0,0.10189282381430327,0,0,0,0.16459664627124082,0,0,0,0.322713735499315,1.4481542721702478,5.911552840135083,0,Confidential,1.2069520645724534
7379,Middle-aged,0,0,1,3,Obese,1,0.34745602314327495,0.9595148866910777,0.07518620583899044,0.5368025163587554,0,1,0,1,1,Stage 1,Stage 1,Diabetes,Diabetes,0.5609685973171448,0.5828786375676489,0.7976981265839711,0.5719550277623411,0.5611876448215134,0.07617982865098996,0,0,0,0,0,0,0.09402698448612154,0,0,0,0.9661412793571388,0,0,0,2.088099821161203,3.741692301362944,8.044704255557878,1,Confidential,1.4214463449880124
7380,Young adult,0,2,0,3,Normal,1,0.09989421171954482,0.8243671487000485,0.9504453773195867,0.6292476619378401,0,0,0,0,0,Normal,Stage 2,Diabetes,Diabetes,0.8083194599136223,0.90626627939635,0.7014278999404464,0.12305598169008425,0.8994786252315399,0.10267484585182096,1,1,0,0,0,0,0.8842979634286147,0,0,0,0.05431233134373642,0,0,0,1.7930349654261255,0.3984379740667199,4.610275910979,1,Confidential,0.7798160848568112
7381,Young adult,0,3,1,1,Obese,0,0.040111007707848687,0.5175936274990974,0.15748190463568337,0.9222060000407536,0,0,0,0,0,Stage 2,Stage 2,Diabetes,Normal,0.4590578638924947,0.7405545712113853,0.4391490061623753,0.8637338405743655,0.3669370183635444,0.1077697907615068,0,0,0,1,0,0,0.8796988298263128,1,0,0,0.2701235680475699,0,0,0,0.4306993533215681,2.558153103318172,4.234701410311614,0,Confidential,1.1967966822232325
7382,Senior,1,0,1,3,Underweight,1,0.5923787154953074,0.4764078665347234,0.8723012451569819,0.09480749195502425,0,0,0,0,0,Normal,Stage 2,Diabetes,Diabetes,0.4053326511945855,0.9738465791743148,0.09105848667123517,0.5737496797109287,0.8390637432666683,0.10622863249634551,1,0,0,0,1,0,0.725634114007853,1,1,0,0.245970773329735,0,0,0,2.003536447216324,8.70996927885142,3.937577036098868,1,Confidential,0.1085239201454749
7383,Senior,0,1,2,2,Underweight,0,0.851238537076514,0.6063020694622501,0.7998011246602437,0.4947771644861586,1,0,0,0,0,Stage 2,Normal,Prediabetes,Normal,0.4526874749460815,0.09876057815391813,0.1417263104834725,0.5936180082310132,0.9670984101739526,0.9795242152740928,0,0,1,0,0,0,0.7988129786556063,1,0,0,0.4911491477218954,0,1,1,2.4328483808922443,4.197377329593136,6.842219457249613,0,Confidential,0.1465479717394842
7384,Senior,0,0,2,2,Underweight,0,0.05149737754471621,0.30821903539046736,0.1790139020494978,0.0029476452440064804,0,0,1,0,0,Elevated,Stage 2,Diabetes,Diabetes,0.8790129227344439,0.6262340420355746,0.2077313461305521,0.009003152250796953,0.2000649869213857,0.4497371775201481,0,0,1,0,0,0,0.8382549259199508,0,0,0,0.03911636213794757,0,0,0,3.00129964725418,1.2846161863853012,4.985145533718897,1,Confidential,1.0383193447646033
7385,Middle-aged,0,1,1,1,Overweight,0,0.2689674038620224,0.881010744084158,0.27815477872293903,0.7982724235941144,0,0,0,1,0,Stage 2,Stage 2,Diabetes,Diabetes,0.8975841854531248,0.5307864651462701,0.11488344663636063,0.13063142363846914,0.7175965752362717,0.03620412055798802,0,0,0,0,0,0,0.9477288744616846,0,1,0,0.9507923983770478,0,0,0,0.0921653463865084,3.3511015655453704,9.011551315176984,1,Confidential,0.16009475323726952
7386,Young adult,0,0,2,3,Overweight,0,0.7668626427144061,0.35957710921906794,0.24058831027257752,0.7783648330039427,0,0,0,1,0,Stage 2,Stage 2,Diabetes,Diabetes,0.6999968899968437,0.9860090132000917,0.7667998302881287,0.18240215858127923,0.7257020971626197,0.9530816731590246,0,1,0,0,1,0,0.09481912862902457,0,0,0,0.28817295821298883,0,0,1,0.7671525650410427,7.729949422074831,0.9509799929725772,1,Confidential,1.0566316857649918
7387,Senior,1,0,0,3,Obese,1,0.9996002778577572,0.631505238909487,0.30371219596499055,0.792565269306143,1,0,0,1,1,Stage 2,Normal,Diabetes,Diabetes,0.35030744857251367,0.3990630945612993,0.9314072567593656,0.4194665851411609,0.7463405093931388,0.6492393683783242,0,0,0,0,0,0,0.549916635136449,0,0,0,0.026997378914018426,0,1,0,2.255257852164734,9.09793153864506,7.674795398480817,1,Confidential,1.2479655667045428
7388,Senior,1,0,0,2,Obese,0,0.2958474815019166,0.0024296199299317757,0.9780042101234949,0.5183557909306548,0,0,0,0,1,Stage 2,Stage 2,Diabetes,Diabetes,0.2619316959530848,0.7009184238007096,0.3614373632709522,0.40137239927025176,0.7513688513544399,0.7602058553095501,0,0,0,0,1,0,0.31007314173737577,0,0,0,0.919797105524974,0,0,0,0.5518924651310937,6.132315480608591,5.335055490900043,1,Confidential,0.4810385240476957
7389,Middle-aged,0,0,1,2,Obese,0,0.1213403940494096,0.15052202870241752,0.5926519471164503,0.950092805827036,1,0,0,0,0,Normal,Stage 2,Diabetes,Diabetes,0.6222178771542464,0.2874282309786797,0.3189555902673522,0.8077869921767826,0.5870575865125642,0.8278755406278803,0,1,1,0,0,0,0.7272194843069127,1,1,0,0.8862231024936918,0,0,0,2.0787739381193,7.392017143015579,7.683374001417933,1,Confidential,0.5433122705425184
7390,Young adult,1,2,0,3,Obese,0,0.15700547763227796,0.08239546127215792,0.33728807022145724,0.7961423812982701,1,0,0,0,0,Stage 1,Stage 2,Diabetes,Diabetes,0.4012565096614833,0.13833032839670434,0.7120710346735037,0.09325839831092336,0.6251234672837701,0.4809047375619484,0,0,1,1,0,0,0.22620272032697095,0,1,0,0.1285000390354502,0,0,1,3.1047746830835776,5.901450638679986,9.210187680385994,1,Confidential,1.1390886311907795
7391,Middle-aged,0,0,2,1,Obese,0,0.19756161544721945,0.6237925788358182,0.9549518131356141,0.3472838126017205,0,0,0,0,0,Normal,Stage 2,Prediabetes,Diabetes,0.523998620732954,0.7788931999819149,0.7537745173537966,0.5615198632604768,0.36908951025060177,0.4641039428878695,0,0,1,0,0,0,0.10417822996634152,0,0,0,0.002151308771299271,0,0,1,3.4029941507412413,4.900607995853913,5.286766875952644,0,Confidential,2.042253969347447
7392,Senior,1,1,2,1,Normal,1,0.6398812006169825,0.08042119525995685,0.5323563962295076,0.8983972412240867,0,0,0,1,0,Stage 2,Stage 2,Diabetes,Diabetes,0.07624520356223473,0.4848939893098765,0.7649061967868431,0.18701026768045442,0.8015935711226958,0.7868640484408859,0,0,1,0,0,0,0.7261855913471397,0,0,0,0.5683759268874052,0,1,1,2.13927595746963,4.533902836333002,7.342070184992605,1,Confidential,0.954231950382949
7393,Middle-aged,0,0,1,0,Obese,0,0.5119904494532925,0.46268599257306575,0.18568523707057252,0.7744714947491121,0,0,0,0,0,Normal,Stage 1,Diabetes,Diabetes,0.7054744324336767,0.4912284510757642,0.6642185092260637,0.2798149690000176,0.20052005261519357,0.8112075388880132,0,0,0,0,0,0,0.5125138597093928,0,0,1,0.050799665101419714,0,0,0,0.4329055403657253,9.71207245214774,8.190213580352442,1,Confidential,3.3124792287020144
7394,Senior,1,0,1,0,Normal,1,0.2699529195287084,0.38278981728043643,0.7120937373132491,0.01341095568221684,0,0,0,0,0,Stage 2,Normal,Normal,Normal,0.3220876021493638,0.13076162491388094,0.31906200981500654,0.15680261654842131,0.6201283115483864,0.8151548904655495,0,1,0,0,0,0,0.7723913454913882,0,1,0,0.10648645007618092,0,0,0,3.9714354867422847,1.3932961550556866,8.752082901164016,0,Confidential,0.5145096649729581
7395,Middle-aged,0,0,0,2,Underweight,0,0.8227978455294713,0.07301891230161403,0.698133950941975,0.5246283833955253,0,0,0,0,0,Normal,Normal,Normal,Diabetes,0.6681441167272985,0.4980038376834931,0.4193683419578871,0.3195707685697438,0.5694518265924893,0.8471405822120428,0,1,0,0,0,0,0.6963643240309777,0,0,0,0.19767891441076474,0,0,0,0.633207072285126,5.629578772262581,4.62072544215115,0,Confidential,0.7364421753940481
7396,Young adult,1,1,1,1,Obese,1,0.8344616946216207,0.5694948519997639,0.17480174951930358,0.2333040885934431,0,0,0,1,0,Stage 2,Stage 2,Diabetes,Prediabetes,0.23720368120340385,0.6268090626158394,0.9089532664354598,0.4069696031906724,0.5968529535684464,0.009758981442351072,0,1,1,0,1,0,0.0947108273884506,0,0,0,0.1656537789812378,0,0,0,0.4036276365902238,1.640879030853527,3.1371900612767223,0,Confidential,1.5229098909556158
7397,Senior,1,0,2,3,Normal,0,0.24518658937230106,0.29754062051579283,0.17924921918905187,0.7113031946041323,0,0,0,0,0,Stage 1,Normal,Diabetes,Diabetes,0.06784200605448117,0.4176425987097103,0.9415784534983551,0.870874684920822,0.13691377671469068,0.46534674485924965,0,1,0,0,0,0,0.8854966132974984,0,1,0,0.366268688075885,0,0,1,3.0465315906816106,1.0764552242483283,0.5492744330896171,1,Confidential,6.8771636871903254
7398,Senior,0,1,0,2,Overweight,0,0.16742145968104408,0.25616907524852084,0.5150385289065664,0.512850236801221,0,0,0,0,0,Elevated,Stage 1,Normal,Diabetes,0.6642533015198498,0.11197356363046827,0.9975409319078883,0.6544702601446348,0.6723634861593969,0.09877466763902493,0,0,0,1,0,0,0.4506004983802809,0,0,0,0.1539500798567776,0,0,0,2.744634631302495,9.659919234265285,4.550727658378353,0,Confidential,1.483633410264343
7399,Young adult,1,0,1,1,Underweight,0,0.057006417207815026,0.8275763360954664,0.5881972035052445,0.9332262577673457,0,0,0,0,0,Stage 2,Stage 1,Prediabetes,Diabetes,0.6360313088947723,0.31805416256381547,0.6857288013330038,0.8582458835374014,0.8270121880273531,0.9911195689880505,0,0,0,0,0,1,0.7928039211248876,0,0,0,0.8935504207663968,0,1,1,1.7957512968752751,3.9256759542568576,2.0638632481861743,0,Confidential,0.8291640815701299
7400,Senior,0,3,0,1,Normal,0,0.5586661053012627,0.1577755442925268,0.07455043296418239,0.3938045777839102,1,0,0,0,0,Stage 2,Stage 2,Prediabetes,Diabetes,0.5324383508088768,0.19917815445255393,0.3026430337474608,0.41970188334360065,0.5018732306572713,0.947220143622238,0,0,0,0,0,0,0.1790267428506699,0,1,1,0.9372772132449025,0,0,0,1.8929898723236775,9.711912163364383,6.574133896470903,0,Confidential,0.6030268507270423
7401,Senior,0,0,0,1,Normal,0,0.7642209883090327,0.5976728494969397,0.6332291824554832,0.08462544024017205,1,0,0,0,0,Normal,Normal,Diabetes,Diabetes,0.4905804517854656,0.5872957456683029,0.6995217173554544,0.26226708899250845,0.5683616056255174,0.3651984030193208,0,0,0,0,1,0,0.9580910095037237,0,0,0,0.6402980963345134,1,1,0,1.9917420815151567,4.466029101563484,4.221999348183641,1,Confidential,1.2307687754270227
7402,Senior,0,3,2,3,Normal,0,0.5248248387108613,0.980626219955714,0.9945922490172154,0.017096199699766834,0,0,0,0,0,Stage 2,Stage 1,Prediabetes,Diabetes,0.1766872539683183,0.8543493489736536,0.8139906351181887,0.6371333816027585,0.36912102385876544,0.7855004422268023,0,1,0,0,1,0,0.5936479523084007,0,0,0,0.7602398960439898,0,0,0,1.709382977663168,4.421033250798494,4.759682887083361,0,Confidential,2.205213419189152
7403,Senior,0,1,1,2,Normal,0,0.8232006453422499,0.9500593363365789,0.7826493971517751,0.9510502452202066,1,0,0,0,0,Stage 2,Stage 2,Diabetes,Normal,0.26622157161754656,0.38549842698721026,0.6574752716873722,0.030510790603115623,0.23003746815738918,0.5673649721203015,0,0,1,0,0,0,0.8471548646311923,0,0,0,0.480205087030659,0,0,1,3.710800043689232,7.432480863517995,6.684307675665131,0,Confidential,2.8581225352277597
7404,Middle-aged,0,0,2,2,Normal,1,0.5702507507791459,0.8542261158480624,0.7030933541936748,0.923187450074752,1,0,0,0,0,Stage 2,Normal,Normal,Diabetes,0.8574702538566636,0.5238770541843557,0.5438413571896246,0.866159921809849,0.16384676147745486,0.5301289320573341,0,0,0,1,0,0,0.46592167783962896,1,0,0,0.903332751464864,0,0,0,2.998019033868476,3.730698088349621,1.3570047603857327,0,Confidential,3.3192072414837237
7405,Senior,1,2,2,2,Underweight,1,0.8768145257626448,0.9501025071315442,0.8177318225092298,0.32644967667677616,1,0,0,1,1,Normal,Stage 2,Normal,Diabetes,0.008196403388451554,0.7861782347529923,0.8169826553216482,0.9429536108567333,0.6709418179579624,0.4326138701626737,0,1,1,0,0,0,0.7835783472762506,0,0,0,0.6086028930742499,1,0,0,0.9486476984269784,3.1573127489314667,1.3048920839460487,0,Confidential,1.2176654270979363
7406,Senior,0,0,1,3,Underweight,0,0.917921277159359,0.5923279376349769,0.46181728116674303,0.25178369738140194,0,0,0,0,0,Normal,Normal,Diabetes,Diabetes,0.1722829958010227,0.14451512442770897,0.4141999203519333,0.518645733859002,0.28584883895174007,0.2641938279279692,0,0,0,0,0,0,0.035382126838442406,1,0,0,0.013436095096942526,1,1,0,3.222373434734046,7.043656518372881,5.80068071770755,1,Confidential,1.4490173263284194
7407,Young adult,1,2,1,1,Obese,0,0.19253156151593434,0.7359596217544027,0.07916527246864812,0.569936508818223,1,0,0,0,0,Stage 2,Stage 2,Diabetes,Normal,0.0054975125415001325,0.23915184629509972,0.31741163132902583,0.5422610711600346,0.8195916611281922,0.8806292018697057,1,0,0,0,0,0,0.8319652058428985,0,0,0,0.789412184112885,0,0,1,2.0966809480138595,1.7371885742916549,7.833807919683001,0,Confidential,0.38728021084560493
7408,Senior,1,0,0,3,Normal,0,0.5844352986921956,0.9442486826883831,0.33563770008736343,0.35862484107485904,0,0,0,0,0,Normal,Stage 2,Prediabetes,Diabetes,0.975076274659854,0.4730459728643206,0.9874051742660945,0.749019156905637,0.01906985990178367,0.1853680227289818,1,0,0,0,0,0,0.3002638201450302,0,0,0,0.548411574422677,0,0,0,3.14270744683716,4.568222738700509,1.7571878809396058,0,Confidential,51.77831296881941
7409,Young adult,1,0,1,2,Normal,1,0.936529205099601,0.6967654388535289,0.9184460759978642,0.3866143475743472,1,0,0,0,1,Elevated,Stage 2,Diabetes,Diabetes,0.9106616208122151,0.42502723362128125,0.627851429769549,0.44427269299786837,0.44147992048534557,0.629199729173232,1,1,0,0,0,0,0.9061480615656446,0,0,0,0.12382623200775059,0,0,0,2.5951068636382724,0.8886061178034965,7.96121418264245,1,Confidential,1.4221517234109176
7410,Young adult,1,0,1,1,Obese,0,0.8876980350198773,0.8988582954552339,0.09213420499762522,0.17693226227171654,0,0,0,1,0,Elevated,Normal,Diabetes,Prediabetes,0.12338105003817297,0.21014324111937432,0.10062110935429458,0.68624920883736,0.8495218637743371,0.6816020531447073,0,0,0,0,1,0,0.7609234714316904,0,0,0,0.5519475757531183,0,0,0,1.1626437937173706,3.0219933521245057,9.730633288811724,0,Confidential,0.11844440225145646
7411,Senior,0,0,0,2,Normal,0,0.551774259377045,0.40663288076443377,0.8320386348676659,0.651343526414451,0,1,0,0,0,Stage 1,Normal,Normal,Prediabetes,0.0141626702859083,0.05285011174428243,0.7117485344758714,0.3929352432548788,0.5356201019574485,0.38894488292353957,0,0,0,1,0,0,0.49282008068049565,0,0,0,0.8994409048375461,0,0,0,0.8215905769924139,6.087340788961048,3.845384851568239,0,Confidential,1.3288308856869886
7412,Middle-aged,0,0,1,1,Obese,1,0.6784437720043783,0.5656340111873289,0.4171471785305225,0.5538639290915207,0,0,1,1,0,Stage 2,Stage 2,Diabetes,Normal,0.6417015542855296,0.07562819848604595,0.5017922860207067,0.23824611682537594,0.7650442631709957,0.8078260675425597,1,1,0,0,0,0,0.6225940366745275,0,1,0,0.18552966619182118,0,0,1,1.081586450898965,5.956193084401349,2.3567016138932564,0,Confidential,0.6558996781975093
7413,Middle-aged,0,3,0,2,Underweight,1,0.8369911989577931,0.9092288887768231,0.9847475547418824,0.7181334408055499,0,0,0,0,0,Stage 2,Normal,Diabetes,Prediabetes,0.49733263128951366,0.7125698287299314,0.9434523031356796,0.8449991638818573,0.32775829323047434,0.9340084059789635,0,0,0,0,0,0,0.6654030394039385,0,0,0,0.3514659343263201,0,0,0,2.223767874780786,1.6746133531860683,0.2938829722840042,0,Confidential,2.8785001710765536
7414,Senior,0,0,1,1,Normal,0,0.761595758972301,0.22059986994454944,0.7992980282568923,0.050577854536324796,0,0,0,0,0,Stage 2,Stage 2,Prediabetes,Diabetes,0.8095344180246725,0.015240439186603824,0.8873640028196239,0.7174067725969453,0.8979340386283008,0.35889612356559253,0,0,0,0,0,0,0.5730859192517013,0,1,0,0.040426904390285984,0,0,0,1.7959786976053906,9.472690537587305,9.610393721031382,0,Confidential,0.9882284941276713
7415,Young adult,1,0,1,2,Obese,0,0.6054667607111179,0.39846005069763824,0.8699738915386428,0.8311982470600673,0,1,0,0,0,Stage 2,Stage 2,Normal,Diabetes,0.6347024163586563,0.824527246979275,0.6909546920215663,0.37029176569342864,0.7562919339137693,0.38070538934522424,0,0,1,0,0,0,0.5025819555084444,0,0,0,0.48138696991740193,0,0,0,2.3752799185034967,5.671005137002605,7.598160886722826,0,Confidential,0.9136084374798416
7416,Middle-aged,1,0,0,1,Obese,0,0.35201539765084877,0.414326893542833,0.7112487103224512,0.6269337821347477,0,0,0,0,0,Stage 2,Normal,Prediabetes,Normal,0.9388158422919735,0.7253205808603934,0.7883077504222253,0.542290807112841,0.26750205028264007,0.9283334908587793,0,1,0,1,0,0,0.41439573261959395,0,0,1,0.0836672563073186,0,0,0,1.7948305742128965,4.19496916778918,2.4839958847791155,0,Confidential,2.946922274387456
7417,Young adult,1,0,1,1,Overweight,1,0.06693294666780111,0.983442670546819,0.1201070714641609,0.5708128235220805,1,0,0,0,0,Stage 2,Stage 2,Diabetes,Prediabetes,0.39560381867242567,0.33326223407721867,0.22928897179019536,0.24014623468401802,0.7975091465160438,0.37623154601387687,0,1,0,1,0,1,0.9090227572898305,0,0,0,0.48759008840448864,0,0,0,2.0286890913059272,5.029559148395707,0.6715983973324291,1,Confidential,0.2875063850889423
7418,Young adult,0,0,2,2,Overweight,0,0.26161886193911743,0.10938406682778468,0.4370989086632367,0.8202719671795761,0,0,0,0,0,Normal,Stage 2,Prediabetes,Normal,0.9633133885584964,0.4353089612521548,0.21448852068710744,0.09293913946375926,0.4552993774673738,0.01068775610229511,1,1,0,0,0,0,0.4360908211120987,0,0,0,0.1725331030270589,0,0,0,1.5515316989252694,2.006060847448362,2.871859977922231,0,Confidential,0.47109337570415943
7419,Middle-aged,0,0,2,1,Overweight,0,0.8588554153905009,0.5006369609255413,0.5637135824110853,0.26417339257000416,0,0,0,0,0,Stage 2,Stage 2,Diabetes,Diabetes,0.023065922724656587,0.2699038441478978,0.24555858045458967,0.6869329386584808,0.6460169953840554,0.7392202971315182,0,0,1,1,1,1,0.8122311288166566,0,0,1,0.7180445644734145,0,0,1,1.7251996216056948,2.4988566513328045,0.2391517366657336,1,Confidential,0.38011164134870123
7420,Senior,0,0,1,2,Obese,1,0.5577821363037547,0.2749114757763905,0.6099973310292602,0.8691239413854005,0,0,0,0,0,Stage 1,Stage 2,Prediabetes,Normal,0.7688451991384377,0.941662084785262,0.24933385501580418,0.7124060358508495,0.02849605340715794,0.765779771833894,0,0,0,1,0,0,0.22775130093058726,0,0,0,0.7094439849232196,0,0,0,0.8189030130076831,9.834725371125543,9.971455595729417,0,Confidential,8.749767957452448
7421,Middle-aged,0,0,1,1,Underweight,0,0.8399230112563489,0.39402732458171463,0.022432674631230505,0.7880533470748431,0,0,0,0,1,Elevated,Stage 2,Prediabetes,Diabetes,0.6894572582507517,0.92729939178797,0.04726992571789501,0.8636229856425128,0.45687985793683916,0.4519587801445687,1,0,0,0,0,0,0.5542261756677428,0,0,0,0.6148558899766814,0,0,0,0.9234092433496364,8.990438686640783,7.239091509943506,0,Confidential,0.10346248558943867
7422,Senior,1,3,1,2,Overweight,0,0.3556734820517874,0.10399422998165532,0.8462814739712845,0.35495751060414815,0,0,0,0,0,Elevated,Stage 1,Diabetes,Normal,0.2397655762853116,0.4271132138552146,0.38820083454913656,0.26610048866237407,0.33730263797300397,0.612698056159463,0,0,0,0,1,0,0.735455246803213,0,0,0,0.6416616437810175,0,0,0,0.7994525855268559,3.7661880399845584,9.779757543586213,0,Confidential,1.1508977127543434
7423,Young adult,1,0,2,2,Overweight,0,0.46645828935442035,0.9225957570946823,0.7542606841170932,0.3283280988690942,0,0,0,0,1,Elevated,Normal,Diabetes,Diabetes,0.6669568826882777,0.30730877369793946,0.2124848187424766,0.9849271852486143,0.8512267732209262,0.7907593797706742,0,0,0,0,0,0,0.4195547551664912,0,0,1,0.826860309368033,0,0,0,1.7508666831518127,8.454045185605953,7.742119911521096,1,Confidential,0.24962186978501977
7424,Middle-aged,1,1,1,1,Obese,1,0.9937051511138904,0.18430041070898057,0.8764207593914444,0.721611296400844,0,0,0,1,1,Stage 1,Normal,Diabetes,Diabetes,0.6175444214971909,0.8592229006845463,0.21405043389988188,0.9532853031302921,0.37002606425252504,0.9472930527014403,0,1,0,0,0,0,0.27777086917455585,0,0,0,0.10139032048278099,0,0,0,2.8344158757402447,0.7908894880479989,2.372259563669207,1,Confidential,0.5784739362408879
7425,Senior,1,0,2,1,Obese,0,0.8379195043464317,0.9911397810049002,0.2606732641860565,0.6221790722511474,1,0,0,0,0,Normal,Normal,Normal,Diabetes,0.21247942933177683,0.8568039451562012,0.3153726703420916,0.32742213026216954,0.5199005298445663,0.11801359239657946,0,0,1,0,0,1,0.41897681598720854,0,0,0,0.9034858738543291,0,0,0,3.9535733298528495,2.9224582534417385,8.580735489585727,0,Confidential,0.6066019406373331
7426,Senior,0,1,2,1,Normal,0,0.5238612503957581,0.45185877878059283,0.7946974801505444,0.6153899880893167,0,0,0,1,0,Stage 2,Stage 1,Diabetes,Diabetes,0.8272193627618679,0.9362009988795531,0.5661961213485536,0.8453087799753176,0.9221983044583975,0.15471897142584298,1,0,0,0,0,0,0.8438666349877924,0,0,0,0.9677039936212203,0,0,1,3.936392274782512,8.746703718564635,8.779698174831234,1,Confidential,0.6139635245600216
7427,Senior,0,0,1,1,Underweight,0,0.6085500186271993,0.3730876219651565,0.14254889223049252,0.028616259409478983,0,0,0,0,0,Elevated,Normal,Normal,Prediabetes,0.409513827602763,0.13376677262994152,0.9408893466468022,0.5418877418493784,0.1964613097731352,0.5756652215451085,0,0,0,1,1,0,0.12554356553672072,0,0,0,0.2450701594572947,0,0,0,1.13059903069502,7.623845837818017,9.646246646822505,0,Confidential,4.789183924984006
7428,Senior,0,0,1,2,Normal,0,0.31246838056410337,0.4126391607458388,0.9133134158954164,0.2659500707361504,1,1,0,0,0,Normal,Stage 1,Normal,Diabetes,0.621800379248113,0.30463608311996815,0.4986229069709145,0.2439547271074733,0.6568032911613265,0.04889190536873403,0,0,0,1,0,0,0.4575042661641383,0,0,0,0.04621629465349306,0,0,0,2.0827297164834,3.653250477934156,4.881378052643224,0,Confidential,0.7591662734960943
7429,Senior,0,0,1,1,Underweight,0,0.7895222299864024,0.684789924897604,0.4968434968814772,0.6789519524358908,0,0,0,0,1,Normal,Stage 1,Diabetes,Normal,0.8661569348684813,0.9342490384013341,0.42895170758207524,0.21699933513899666,0.3602079848237908,0.062289754313880785,0,1,1,1,1,0,0.3692479001333353,0,1,0,0.15950500083394714,0,0,0,1.5360595990596375,4.27082055013155,3.7411848046845297,1,Confidential,1.1908445277577981
7430,Senior,0,0,0,3,Obese,0,0.4276753664971838,0.9804142815097984,0.02260457634918858,0.11781544281989287,0,0,0,0,0,Stage 2,Stage 2,Diabetes,Normal,0.5407851171229368,0.6832578291082102,0.8591893590677315,0.1568662426017281,0.7669439899495081,0.6513457972616846,0,1,0,1,0,0,0.999707704525918,0,0,0,0.8466908118630906,0,0,1,2.532305948805466,1.8566437456143992,0.0827818723038487,0,Confidential,1.120276539521871
7431,Senior,1,0,0,2,Underweight,0,0.383454011213277,0.4342744625381382,0.09892301124367252,0.5289900179318429,1,0,0,0,0,Stage 2,Stage 1,Diabetes,Prediabetes,0.4554602461106765,0.2772385831300927,0.40584735387857007,0.679470000024716,0.3714554212319764,0.24058681915778854,0,1,0,0,0,0,0.08363854835704582,0,0,0,0.43129026501273987,0,0,0,1.5388315756930253,5.850724532520984,7.150845659351903,0,Confidential,1.092586971897001
7432,Young adult,0,2,1,1,Obese,0,0.9528054602291012,0.21891610046888046,0.9501520404820001,0.5762445978024536,0,0,0,0,0,Normal,Stage 2,Diabetes,Diabetes,0.45998507807649125,0.9608812195512607,0.5050868967739814,0.016409121966429796,0.39809890382549407,0.7546113438827475,0,0,0,0,0,0,0.13437768498718683,1,0,0,0.9782760156452003,0,0,0,1.396844189381548,7.873863144586286,7.044364262946074,1,Confidential,1.2687472683807874
7433,Young adult,0,0,1,2,Normal,0,0.5378582711573544,0.04852692791376293,0.22136869108474302,0.1835693903300405,1,0,0,0,0,Normal,Stage 2,Prediabetes,Prediabetes,0.3693419849334579,0.8348090451236492,0.1826609773435255,0.5518892490987353,0.48059585877094635,0.7502216306280548,0,0,0,0,0,0,0.46575682034615407,0,1,0,0.8088858841951414,0,0,1,0.492671632924647,5.907502077878791,7.913070694660153,0,Confidential,0.380071892027231
7434,Middle-aged,1,0,1,2,Normal,0,0.4523882550312853,0.14791216065730559,0.5219537159358942,0.5836016184570753,0,0,0,0,0,Stage 2,Stage 2,Normal,Diabetes,0.9003614072190589,0.1511740377056361,0.4897467303009342,0.2518423718129564,0.6012252085869988,0.8914472723678462,1,0,0,0,0,0,0.1653062374007839,0,1,0,0.761098746133661,0,0,0,0.0162149467820977,8.453677556641223,7.315096441238995,0,Confidential,0.8145811641064392
7435,Senior,0,0,2,2,Underweight,1,0.1753569471546161,0.8122816028994027,0.10846678983931733,0.4982736679764167,1,0,0,0,0,Stage 2,Stage 2,Diabetes,Diabetes,0.19744072946495134,0.984575779554487,0.4493238221420537,0.47280547218858743,0.6789463785197918,0.0843506788333136,0,0,0,0,0,0,0.4639645626013146,0,1,0,0.5515791948335331,0,1,0,3.808822911596479,9.407422184341446,7.120266916259709,1,Confidential,0.6617957416926639
7436,Young adult,1,0,2,1,Underweight,0,0.6387885749848038,0.1295937771795536,0.8997804302755782,0.5317187536090205,0,0,1,0,0,Normal,Normal,Normal,Diabetes,0.8530158038528208,0.8207444000261931,0.09097969248026172,0.12463955544602445,0.9402950142129518,0.9578897119717262,0,1,1,0,1,0,0.16786537676267618,0,1,0,0.5362215861916201,0,0,0,0.8067865841168063,9.355866140655282,3.279675180685697,0,Confidential,0.09675654034645051
7437,Senior,0,0,1,1,Underweight,0,0.5981699352802908,0.1793852640965997,0.8725355869624172,0.19629535657793085,0,0,0,0,0,Normal,Stage 2,Diabetes,Normal,0.059446781920675915,0.22363890804721043,0.17882679874514618,0.6039627457788102,0.5255337217425651,0.21134098997298137,0,1,0,0,0,0,0.4730255420241537,0,0,0,0.9898454313631644,0,0,0,3.542246176155001,8.594597403133005,4.993025964728578,0,Confidential,0.3402765442951827
7438,Senior,0,1,0,2,Obese,0,0.7319493360971511,0.8776026003426755,0.11271828828254245,0.09780721280442373,0,0,0,0,0,Stage 1,Stage 2,Normal,Prediabetes,0.8165899766508946,0.3627104094395779,0.37507592474159024,0.9979937395231588,0.4735026764152742,0.47260282490593486,0,0,0,1,0,1,0.8189105935096218,0,0,0,0.3349407388192873,0,0,1,0.4665912464128734,6.118030552259079,7.225177995092058,0,Confidential,0.7921305272890133
7439,Senior,1,2,2,2,Obese,0,0.5152498178591988,0.635313778279702,0.6655242785812528,0.2394864037976957,0,0,0,0,0,Stage 1,Normal,Diabetes,Diabetes,0.7520833080912613,0.6814965570655356,0.8899628069115166,0.14696246515214706,0.9631108229962753,0.3030868843002288,0,0,0,0,1,0,0.030975366357707163,0,0,0,0.4894616542636554,0,0,0,3.8860016012800895,3.75846842768004,0.7521388383236882,1,Confidential,0.9240502605326433
7440,Senior,0,1,2,3,Normal,0,0.9733354477564632,0.11300340462973961,0.09119572947582899,0.6950675130084479,0,1,0,0,0,Stage 1,Stage 1,Diabetes,Normal,0.3612592252239869,0.39632685159933057,0.31347091256489445,0.27494310669346905,0.557226314723336,0.3367664581671376,1,0,1,0,0,0,0.5789830460285209,0,0,0,0.5947085549104909,0,0,0,3.5394567032471094,3.8792899190004713,8.935986384351528,0,Confidential,0.5625558310549879
7441,Senior,1,0,2,1,Underweight,1,0.8679997816081209,0.5535243343201709,0.7103302787591947,0.6360655679528769,0,0,0,0,0,Normal,Stage 2,Prediabetes,Normal,0.757139943863222,0.8582719582264625,0.7964284191700886,0.2509197950555028,0.9241871322115849,0.285444206451566,0,0,0,0,0,0,0.8914086923931875,0,0,0,0.4501586032829482,0,0,0,0.0597705690121199,4.565659252580979,3.510923823882479,0,Confidential,0.8617609912661638
7442,Young adult,0,1,1,2,Normal,0,0.7086288214437532,0.6271276880888225,0.2751958646674068,0.4377031145869784,1,0,0,0,0,Stage 1,Stage 2,Diabetes,Diabetes,0.19184298989879867,0.887773885186073,0.5919844788176203,0.9333959063143598,0.3330217733584757,0.8247005091891547,0,0,0,0,0,0,0.6180836120414088,0,0,0,0.7538287345860439,0,0,1,0.4828917405686921,9.753574028821369,2.7396987169161835,1,Confidential,1.7776149374485148
7443,Senior,0,0,2,1,Obese,0,0.579553285869785,0.39460703305352296,0.48128785639085075,0.44130710999034284,0,0,0,1,0,Elevated,Stage 2,Normal,Diabetes,0.4049881728954722,0.5401925352026316,0.7099068169901521,0.9012116742410676,0.6239645493131074,0.5220839472415579,0,1,0,0,0,0,0.44008431242046286,0,0,0,0.9079953407137981,0,0,0,0.861713820799781,6.947457258850422,3.7579884388513527,0,Confidential,1.1377358181192416
7444,Middle-aged,0,1,1,2,Normal,1,0.43718743091806045,0.7008151231355775,0.04549650385173202,0.6975692442877589,0,0,0,0,0,Normal,Normal,Diabetes,Prediabetes,0.543878654705881,0.8410574225723446,0.9763046000626543,0.48782287546136177,0.8253513342154737,0.6501630132726413,1,0,0,1,0,0,0.978425127810799,0,0,0,0.19436302033562972,0,0,0,0.054449082242808,3.305793866994323,8.916221766951868,0,Confidential,1.1828957676438085
7445,Young adult,0,0,1,2,Obese,1,0.6929282865300025,0.4599516515642009,0.3081479930591399,0.2875577370019432,1,0,0,0,0,Normal,Normal,Diabetes,Normal,0.8909871066888453,0.8947161149192632,0.06979558920686424,0.8061751694343984,0.007647567486431972,0.9187553651346341,1,1,0,0,1,0,0.7116861738327829,0,0,0,0.21762534816361156,0,0,0,0.7529965551421971,0.9495823215988652,3.925163950656452,0,Confidential,9.126508439538842
7446,Senior,0,2,2,3,Normal,0,0.9739486633872226,0.4166081182642888,0.583712118880386,0.5661063026126308,1,0,0,0,0,Normal,Stage 2,Diabetes,Normal,0.9776157299976518,0.14440780455633212,0.6833694006862934,0.854574449778885,0.10923638263772117,0.3127531131738628,0,0,0,0,0,0,0.29627836955405,0,0,0,0.8924763879954241,0,0,1,0.8291116779263725,7.096430332290479,5.148579218478442,0,Confidential,6.255877246985239
7447,Young adult,0,1,0,2,Underweight,1,0.4932452150120523,0.16539632642391053,0.22231929730425068,0.9152418154953282,0,0,0,0,1,Stage 2,Stage 2,Normal,Normal,0.646385555220223,0.42416230838128244,0.7681463323904174,0.22083713396931354,0.27337557107625365,0.9029773063281696,0,1,0,0,0,1,0.9155756575566547,0,0,1,0.9699577065483872,0,0,0,0.2263943926160592,4.943758452478704,9.87808502465644,0,Confidential,2.8098572574217155
7448,Middle-aged,0,0,0,1,Normal,0,0.3602681082104228,0.36784239730346224,0.5851528900672246,0.8257283879348988,0,0,0,0,0,Stage 2,Stage 2,Diabetes,Normal,0.019002312756927417,0.5144623326233253,0.69783048448291,0.49175014469456674,0.26967176873126064,0.804146921619284,1,1,0,0,0,1,0.47409883158297467,0,0,0,0.03564756813748295,0,0,1,1.0499470106382425,3.669312736607193,3.652550155639538,0,Confidential,2.5877031465549054
7449,Senior,1,0,2,1,Obese,0,0.2934056998213296,0.6860859284976062,0.6202767586067272,0.852788720709914,0,0,0,0,1,Normal,Stage 2,Diabetes,Diabetes,0.6436865164336589,0.9631968414847109,0.792902410621606,0.9875246811071106,0.48629403992615927,0.9322142071191293,1,0,0,1,0,0,0.8020775759593243,0,0,0,0.7618700365860095,0,0,0,0.7817999017045851,4.620353219481399,1.110091192100937,1,Confidential,1.630499955833313
7450,Middle-aged,0,0,1,3,Obese,1,0.7470904798538427,0.4178724277409547,0.5393848924310856,0.5629046115893314,0,0,0,0,0,Stage 2,Stage 2,Prediabetes,Diabetes,0.4979370149831701,0.9523559614424614,0.05613559240627608,0.3268022705697668,0.5050593773932079,0.04118146021695368,0,0,1,0,0,0,0.7521069403888825,1,0,0,0.3655724582277002,0,0,0,0.3191353153023502,2.8010809984058493,2.111066948625482,0,Confidential,0.11114652042698811
7451,Middle-aged,1,1,0,2,Obese,0,0.28162766602611045,0.7248953989021184,0.3300578195296673,0.34772100583248766,1,0,0,0,0,Normal,Stage 2,Prediabetes,Diabetes,0.34586836649283326,0.7075765540608341,0.7045704771531001,0.9138877100809433,0.30425180695152054,0.11365285179737825,1,0,1,0,0,0,0.14340838839689588,0,0,0,0.13783612194866277,0,0,0,2.527681989221449,2.8667623331385137,0.5801625449136394,0,Confidential,2.315747880719625
7452,Senior,0,0,1,2,Obese,0,0.8587263762557757,0.9839889340078912,0.4338943124369859,0.9309049749696711,1,0,0,0,0,Normal,Stage 2,Normal,Prediabetes,0.4428406251901098,0.48266797742451706,0.09656380646914897,0.5472574783573585,0.8347193654744398,0.8587966359844699,1,0,0,0,1,0,0.7341383491605272,0,0,0,0.6693006610821327,0,0,1,3.975335050258896,0.0239156904258952,3.3244969475574173,0,Confidential,0.11568415741051341
7453,Young adult,0,0,0,3,Overweight,0,0.04756009798880429,0.7266098890499315,0.9576608330435238,0.6945129617239539,1,0,0,0,0,Stage 2,Stage 1,Diabetes,Diabetes,0.5156749488117709,0.2100785967842182,0.31115877458326224,0.18567486536044958,0.7006765928601751,0.3211695582058848,0,0,1,1,0,0,0.916257168256291,0,0,0,0.4072747499201957,0,1,0,0.7734278236215837,2.4223511749715634,6.376416124259583,1,Confidential,0.44408330141742886
7454,Middle-aged,1,2,1,3,Normal,0,0.3038411769487539,0.23370257073525505,0.3993076997523295,0.4252679668147915,1,0,0,0,1,Normal,Normal,Normal,Diabetes,0.042603535290157354,0.34336025863763614,0.16144867843454236,0.29401071444638566,0.8419207672822606,0.15868564505636176,0,1,0,0,0,0,0.6244811052377818,0,0,0,0.4302675172627051,0,0,0,3.669056060894849,3.236468230000551,2.7044636225381518,0,Confidential,0.19176231862732449
7455,Middle-aged,1,1,1,1,Obese,1,0.18099373407655855,0.7004846324755516,0.3314553664982518,0.14709682837801308,1,0,1,0,1,Stage 2,Stage 2,Normal,Diabetes,0.5939642625262602,0.3763182115461748,0.9033309707641679,0.9233267763460677,0.4523821936349838,0.9430120332161791,1,0,0,1,0,1,0.5951816078928412,0,0,0,0.4143117782686984,0,1,0,3.5850504712121607,5.407952667072964,8.338774706190723,1,Confidential,1.9968314037865154
7456,Middle-aged,1,0,1,3,Overweight,0,0.9838165127482301,0.6781295563362877,0.6134708119732926,0.47726376769730516,1,0,0,0,0,Stage 1,Stage 2,Prediabetes,Diabetes,0.8113403223749894,0.7612806629284842,0.22588339627924547,0.15120571030265062,0.21117566595751985,0.2548971362937178,0,1,0,0,0,0,0.8181554282439664,0,0,1,0.16604896813366954,0,0,0,0.3659782216387115,6.4215678517179935,0.8295981918080242,0,Confidential,1.0696468992061057
7457,Young adult,1,0,2,1,Obese,1,0.5792595056117771,0.7117095560177741,0.8018484493376328,0.4437956306216989,0,0,0,0,0,Stage 1,Normal,Diabetes,Diabetes,0.6255860776994043,0.5164204651334828,0.5186447473510445,0.7904169717498366,0.9941884762414124,0.09722585222340777,0,1,0,0,1,0,0.47631602466415623,0,0,0,0.5981510800001246,0,0,0,3.7421469100144393,1.996683746702007,2.6487653748859543,1,Confidential,0.5216764826241109
7458,Senior,0,0,1,2,Obese,0,0.540945896665005,0.49513400245471784,0.52899006724616,0.7722199625184559,0,0,0,0,0,Stage 2,Stage 2,Prediabetes,Prediabetes,0.7482859255355839,0.4527643332197786,0.0534750975763123,0.1637488917649927,0.4817832234800201,0.3056763328752786,0,0,0,0,1,0,0.2426577508137569,0,0,0,0.040723047222708746,0,0,0,2.820828637279252,5.674254536900424,1.0789928223288014,0,Confidential,0.11099410475535156
7459,Young adult,1,1,2,2,Obese,0,0.4650932353641442,0.5989562648475407,0.4971865778140996,0.6739074092425722,0,0,0,0,0,Normal,Stage 2,Diabetes,Normal,0.3064408217258598,0.8029078027892366,0.9021539377086365,0.14150706220734632,0.19326600138014705,0.8758548415616243,0,1,0,0,0,1,0.12475672581323473,0,0,0,0.08969499759374948,0,0,0,2.7646881471551623,6.660572518141392,8.032348581838388,0,Confidential,4.667939168121626
7460,Senior,0,0,1,3,Normal,1,0.8003426572488836,0.9118672625471655,0.273959093298004,0.3994326226335788,1,0,0,1,0,Elevated,Stage 1,Diabetes,Diabetes,0.8540149344384519,0.025469871812090053,0.5040847624077285,0.9283963230835919,0.9695858528120314,0.004438494138989474,0,1,0,1,0,0,0.9088607607793534,0,0,0,0.7668311364155045,0,0,0,1.6238834328637988,7.382711899059293,2.8822781255372307,1,Confidential,0.5198969858582011
7461,Senior,1,0,0,2,Obese,0,0.009662927030997793,0.9441997295698719,0.34557135890610496,0.24672659595172786,0,0,0,1,0,Stage 2,Stage 2,Prediabetes,Normal,0.6537952684356868,0.45836783689721394,0.2530197552803086,0.34153087720183456,0.5844638764749779,0.9044914291317974,0,1,0,0,0,1,0.11194279010384282,0,1,0,0.8473715828816882,1,1,0,0.0489705165409763,3.160843247208281,3.8462045151640014,0,Confidential,0.4329091419752456
7462,Senior,0,1,1,2,Underweight,0,0.30145008005100293,0.4619190643357645,0.3219829361524746,0.16762033054315562,0,0,0,1,0,Stage 2,Stage 2,Diabetes,Diabetes,0.04485120508707639,0.5204619999132432,0.3622626437217875,0.4380569346319653,0.6709895704655017,0.3019695604125341,0,0,0,0,1,1,0.2660897573954606,0,0,0,0.19175815243175812,0,0,0,1.8333994396555615,4.186734095651325,5.702820542625693,1,Confidential,0.5398931066401917
7463,Young adult,1,0,0,3,Overweight,0,0.21074599385627912,0.19300056427572693,0.4373480926749125,0.5639982038622188,0,0,0,0,0,Stage 2,Normal,Diabetes,Normal,0.56260561357571,0.12431862927238911,0.6759028601764587,0.8485490936346034,0.8370287435038406,0.9293300455893645,0,1,0,0,0,0,0.8032398784840298,0,0,0,0.3698190123328243,0,0,1,2.393254038203942,3.5584936247617405,4.413763922147088,0,Confidential,0.807502568367125
7464,Middle-aged,0,3,1,1,Normal,0,0.02055293299579149,0.30834655032993213,0.8990497612063989,0.7590567629929054,0,0,0,0,0,Normal,Normal,Diabetes,Normal,0.43413873608505926,0.09301872662533005,0.6174016826674211,0.33527160567557374,0.7334076028460713,0.5521784362058701,0,1,1,0,0,0,0.7108605194832915,0,0,1,0.03985856275725165,0,0,0,0.4921227613787278,9.783473760047697,5.097469709045452,0,Confidential,0.8418261281605535
7465,Senior,0,0,2,2,Underweight,1,0.1769107584427318,0.9370496721222865,0.7480879982468368,0.9322453888064731,0,0,0,0,0,Stage 2,Stage 2,Diabetes,Prediabetes,0.3421579564167271,0.8014155380576228,0.6987876172957759,0.22797877347903545,0.9590223805282254,0.2944254988710465,0,1,0,0,0,0,0.7914248515813417,1,0,0,0.058947520438156924,0,0,0,3.4176050961383853,2.554851531942837,2.636633207384524,0,Confidential,0.7286457870888129
7466,Young adult,0,1,2,1,Obese,0,0.5361526087115719,0.693899950130267,0.9385544326660719,0.8812725041667301,1,0,0,0,0,Stage 2,Stage 1,Diabetes,Normal,0.6164815869827899,0.06885827450335787,0.6420764783328932,0.04063831396305423,0.1746232845159661,0.9418163017477195,1,1,0,1,0,0,0.540697935967271,0,0,0,0.5724347065465015,0,0,0,0.1708810511711016,9.203221744129925,0.8761496498978816,0,Confidential,3.676923613667266
7467,Young adult,1,3,2,2,Obese,0,0.09393004249735502,0.029399052089689875,0.963135005236971,0.4893006551392832,0,0,0,0,0,Normal,Stage 2,Diabetes,Normal,0.12605818377502676,0.5874665071063161,0.9665522718865924,0.4880646194255213,0.8304720278818172,0.8935849590795939,0,0,0,1,1,0,0.5746706087292213,0,1,0,0.27754376954788357,0,0,0,1.730501673730919,5.3978272643213945,7.162193766005557,1,Confidential,1.1638589132879749
7468,Senior,1,0,2,2,Obese,0,0.914435218579634,0.746133170115238,0.3753476506415745,0.21235524824754137,0,0,0,1,0,Normal,Stage 2,Normal,Normal,0.24012784051401304,0.6883853651202279,0.033865971527209826,0.5723125809265637,0.41025608265710256,0.062072977158356246,0,1,0,0,0,0,0.3327167687553154,0,0,0,0.01600823091453139,0,0,1,2.0773179406634377,5.53144598507933,5.180063677415513,0,Confidential,0.08254837151437301
7469,Middle-aged,0,0,1,1,Overweight,1,0.9011606323837268,0.8035916270174935,0.2738331871889522,0.14892345797049977,0,1,0,0,0,Stage 2,Stage 2,Diabetes,Diabetes,0.5824925387234008,0.8502801973127592,0.9935387953805956,0.43889037040808804,0.9774346494989246,0.5275720403997304,0,1,0,0,1,0,0.6853819228698198,0,0,1,0.27516372545434004,0,0,1,1.5605448577966676,1.9294148671357936,8.352982741763121,1,Confidential,1.0164759310404299
7470,Senior,0,1,0,2,Obese,0,0.019482378661791096,0.5022363324299798,0.35379092569156395,0.2680748004061382,0,1,0,0,0,Stage 1,Normal,Prediabetes,Normal,0.9696742773520353,0.6508617216591052,0.6587445730460575,0.060483175426425895,0.316901680979529,0.8179386372653631,0,0,0,1,0,0,0.32093912510369466,0,0,1,0.12781015463298265,0,0,0,1.5649400320006337,4.077888435041351,5.465575066964544,0,Confidential,2.078703309524605
7471,Senior,0,1,2,2,Obese,0,0.9415431662794875,0.582454815357934,0.0182817301474094,0.14633728436517746,1,0,0,0,0,Normal,Stage 2,Prediabetes,Diabetes,0.5231466794402232,0.7671141060062734,0.967911649768376,0.9167169015507819,0.7963124800059034,0.21925158175785595,1,0,0,0,1,0,0.36572502789552863,0,0,0,0.3164929195351469,0,0,0,0.6155426128909034,7.898307638040455,0.5509163795785876,0,Confidential,1.2154922521887392
7472,Senior,0,0,2,2,Obese,0,0.2430016644136746,0.9277171710531589,0.8234575321319059,0.6546721713094047,0,0,0,0,0,Stage 2,Normal,Prediabetes,Diabetes,0.8371533292187183,0.6147169234925077,0.5750283122339563,0.12538950404938776,0.7113758398710135,0.38311072449734085,0,0,0,0,1,0,0.22830318711006517,0,0,0,0.31026137124161585,0,0,0,2.6670131061571114,5.2951872316481685,2.355118573972913,0,Confidential,0.8083326421912506
7473,Senior,0,3,1,3,Obese,1,0.4711181939990917,0.36231550090499065,0.2586721803077682,0.6154374406246846,0,0,0,0,0,Normal,Stage 2,Diabetes,Diabetes,0.7726161839244587,0.4123268059512245,0.7736691552251249,0.788943085359816,0.44061412740123396,0.003964333963940275,0,0,0,0,0,0,0.7508478722965732,0,1,1,0.08977823125302316,0,0,0,2.1615284898287186,9.09583763578238,4.072256061933355,1,Confidential,1.755888218537766
7474,Young adult,0,0,1,2,Obese,0,0.07675490775552567,0.5108708257056196,0.3277504994648143,0.1266063209919701,0,0,0,0,0,Stage 2,Normal,Prediabetes,Diabetes,0.7191571107707698,0.6184027133680688,0.1850175077628562,0.7351381000434598,0.8623788891458339,0.40993842986709916,0,1,0,0,1,0,0.07494709791303074,0,0,0,0.5277389960072995,0,0,0,1.5241471729102058,9.89266931638257,9.084320979896887,0,Confidential,0.21454317828456085
7475,Senior,0,0,2,2,Normal,0,0.7145637378909202,0.5236309791222608,0.006358294462911495,0.025234683793876056,0,0,1,0,0,Stage 2,Normal,Prediabetes,Diabetes,0.4173946507402738,0.6744081809117782,0.002614704235232468,0.3892864067460284,0.14591317229151274,0.3580570954828898,1,1,1,0,0,0,0.8831154044213323,0,0,1,0.6935859334800034,0,0,1,3.708937681544753,8.576086435873375,9.888207448648988,0,Confidential,0.01791959008340028
7476,Senior,1,0,1,1,Underweight,0,0.6580909541222422,0.25186891110685095,0.32018565826288947,0.11945035441924101,0,0,0,0,1,Stage 1,Stage 2,Diabetes,Diabetes,0.688744371220267,0.8591069930817169,0.8060641166636688,0.8784056546881354,0.7930682437884795,0.89869747071496,0,0,0,0,1,0,0.0643644610966652,0,0,0,0.5467538795827936,0,0,0,1.8985710686683213,2.3227231292096557,5.118554410136747,1,Confidential,1.0163868279646504
7477,Senior,0,1,0,1,Overweight,1,0.02926739657170412,0.7460499490073745,0.9602817131227518,0.2879471864125188,1,0,0,0,0,Stage 1,Normal,Prediabetes,Diabetes,0.4256207317858989,0.5416003804947463,0.7342422119954468,0.8195013231193311,0.21250012280357855,0.6614103994671229,1,1,1,0,0,0,0.8162288384372082,0,0,0,0.617322187720165,0,1,0,1.4220250211376697,3.861044538014845,8.388350053418606,0,Confidential,3.4552554714245183
7478,Young adult,0,1,2,2,Underweight,0,0.26907290383500726,0.6196954972270666,0.14186684817746534,0.7146242371893027,0,0,0,0,0,Stage 2,Stage 2,Normal,Normal,0.17018110247168877,0.2523336710481603,0.4587962705660624,0.7053828074810033,0.7627086657895923,0.8201160856621882,0,0,1,0,0,0,0.6685455754664269,0,0,0,0.2341650465037187,0,1,1,3.7159807907497178,3.274385772478947,3.0205459079463983,0,Confidential,0.6015354107601422
7479,Middle-aged,1,0,1,2,Underweight,0,0.8211296846300239,0.510497289112269,0.9884935854814255,0.07350124581515871,1,0,0,1,0,Stage 2,Stage 2,Diabetes,Normal,0.47936210473816465,0.9287035679277912,0.16942125122190088,0.7418986873945344,0.7804312429571314,0.043747114968540335,0,0,1,0,0,0,0.6596789120063103,0,0,0,0.5393770593955293,0,0,0,2.669883349183954,9.0047902454807,9.845948476240824,0,Confidential,0.21708671039353442
7480,Middle-aged,1,0,0,1,Underweight,0,0.8739826629173875,0.8404963638125732,0.45493315422005615,0.9743626459155682,0,0,0,0,0,Stage 2,Stage 2,Prediabetes,Diabetes,0.21898854062757012,0.5225234948129382,0.9775192077579149,0.44826943989613904,0.17660158857220348,0.3924247916569731,0,1,0,0,1,0,0.0252789015976182,0,0,0,0.2552389483284314,0,0,0,2.703857178628724,2.776591444196229,8.023548131269315,0,Confidential,5.535166561416613
7481,Middle-aged,1,1,0,2,Overweight,0,0.11603527298231926,0.8187610843472363,0.20505726661585622,0.9744028339733884,0,0,0,0,0,Stage 1,Stage 2,Diabetes,Diabetes,0.9141715874581959,0.4032254601350794,0.050599716856437826,0.5286387870170812,0.10478831853717452,0.834063413917184,0,0,0,0,1,0,0.05341694264090197,0,1,0,0.6476722308242222,0,0,0,1.179195731717682,3.2640540511550755,7.183735220056128,1,Confidential,0.4828755491337249
7482,Young adult,0,2,1,1,Normal,0,0.5088139262833379,0.15303102555310472,0.5110875141537188,0.8133513158441358,0,0,0,0,0,Normal,Stage 2,Diabetes,Diabetes,0.3950738944867055,0.7568084747169649,0.7372582430632932,0.7055563244832233,0.3353171904314368,0.0997390843355494,0,0,0,1,0,0,0.9934876728894165,0,0,0,0.6344640670556232,0,0,0,2.714781726497974,1.7864853430304617,6.20678694907668,1,Confidential,2.19868907440951
7483,Senior,0,0,2,3,Normal,0,0.39681719511567004,0.45197478270664676,0.10978231896260802,0.36554300931475725,1,0,0,1,0,Stage 1,Stage 2,Normal,Diabetes,0.9396162846385576,0.6369992562214776,0.3343589651730967,0.3657808175341762,0.23217649045358796,0.5119837995394747,0,0,0,0,0,0,0.9217087060016749,0,1,0,0.47982195665391736,0,0,0,1.9071954856117035,9.63977987364018,1.948371138406724,0,Confidential,1.440106896783053
7484,Senior,1,0,1,0,Obese,0,0.19766100619437743,0.24620641925320202,0.3864626820180586,0.14303255466243325,1,1,1,0,0,Stage 2,Stage 2,Normal,Diabetes,0.3323675485810395,0.9707383407421956,0.5082918980619402,0.19387075901349854,0.059879475628674794,0.9833378263972468,0,0,0,0,0,0,0.6231850449073194,0,0,0,0.41982725123724046,0,0,0,1.7695017575781722,6.9254301762934265,3.4990084823887524,0,Confidential,8.48858298649716
7485,Senior,0,1,1,2,Obese,1,0.7337299477556317,0.9213024130181531,0.37296719867527284,0.7563097835383387,0,0,0,0,0,Normal,Stage 2,Normal,Prediabetes,0.5223915413011436,0.45768136293303663,0.34266359491319487,0.8779685638081609,0.4983223425420107,0.3775624888381972,0,1,0,0,0,0,0.13051631740297792,0,0,0,0.7125453375555478,0,0,0,0.6459985511310014,4.463316313306535,6.756107074107812,0,Confidential,0.6876344198520596
7486,Senior,1,0,1,3,Obese,0,0.3068944392759998,0.3811047842559607,0.934959327326913,0.3324602364950674,0,0,0,0,0,Normal,Normal,Diabetes,Prediabetes,0.45606410093371674,0.6683829812551472,0.3432979924623101,0.7406524255452105,0.8960717718354476,0.974478773486781,0,0,0,0,0,0,0.3644162548607126,0,0,1,0.3005764748844859,0,0,0,3.557350399072032,8.62598718799054,0.1316262938110379,0,Confidential,0.38311439245443885
7487,Middle-aged,0,0,1,1,Normal,0,0.3793826711214545,0.24905660495239784,0.16776560440681093,0.2258817641150055,0,0,0,0,0,Elevated,Normal,Normal,Normal,0.7438471066920398,0.836085794214083,0.06159058152289831,0.12566205009391485,0.006522213198733917,0.4696065437553578,1,0,0,0,0,0,0.6064777711319382,0,0,1,0.5658959927250045,0,0,1,1.2514636949461877,4.3966617919320665,8.65257856829826,0,Confidential,9.443202735975296
7488,Young adult,1,1,1,1,Overweight,1,0.6377694350142242,0.13436451348019277,0.19655171929321394,0.19273966669842113,0,0,0,0,0,Normal,Normal,Prediabetes,Diabetes,0.8703709137259618,0.5150785930989364,0.9039468059367011,0.5586571845066759,0.9541983860790912,0.7601207416142458,0,1,1,0,0,0,0.5268102402105691,0,0,0,0.03989265584226403,0,0,1,2.5160315222397416,7.83716091998191,7.527999997579268,0,Confidential,0.9473363391978898
7489,Senior,1,0,0,0,Overweight,0,0.06820872760867397,0.2912970356382376,0.17534700691644745,0.9998325512262524,0,1,0,0,0,Stage 2,Stage 1,Diabetes,Diabetes,0.5253308401968715,0.0898075129168384,0.2190935881003604,0.34650103273622795,0.8542997656485152,0.8413588938687382,1,1,0,0,0,0,0.2507841616957187,0,0,0,0.4446233733013104,0,0,0,0.2170661038814274,4.969780714905929,5.181810478345133,1,Confidential,0.2564598480652073
7490,Middle-aged,0,1,1,1,Obese,0,0.9231525354204608,0.8256021795297351,0.7990353316330232,0.2896912495042778,0,0,0,0,0,Normal,Stage 2,Diabetes,Diabetes,0.32651957964131834,0.8164383078054187,0.7597340496063716,0.46398743110307367,0.342367862211008,0.8595235570408564,0,0,0,0,0,0,0.5299126598371885,0,0,0,0.038768901190295,0,0,1,1.6891428574394438,7.993665765032805,0.4640524093966547,1,Confidential,2.2190577255120183
7491,Middle-aged,0,3,0,3,Obese,0,0.7078952993934764,0.4555993116190976,0.710510023157103,0.06437502904241965,0,0,0,0,0,Stage 2,Stage 1,Diabetes,Normal,0.42832459270425904,0.10459946325108226,0.984585007286406,0.16945778492569447,0.5531598932743543,0.7479411955086643,0,0,0,0,0,0,0.4454912399695895,0,0,0,0.3929653119378977,0,0,0,3.8330641382490542,0.4550946514818865,8.03759196728639,0,Confidential,1.7799284063388792
7492,Young adult,1,0,0,1,Obese,1,0.7165044215617586,0.3591087977004742,0.29286370747463625,0.48308573451247605,0,0,0,0,0,Stage 2,Stage 2,Diabetes,Diabetes,0.327462309850271,0.9589701868702812,0.22455905986750202,0.8482119402199217,0.7526435089480459,0.039109713694631565,0,1,0,0,1,0,0.09460231138503235,0,0,0,0.6322135403878222,1,0,0,0.2052304367182422,7.994822889299162,2.932602229792404,1,Confidential,0.2983604551128907
7493,Young adult,1,2,0,2,Obese,0,0.3721069078533202,0.48537872969836127,0.9540448212079651,0.4110204199100601,0,1,0,1,0,Stage 2,Normal,Normal,Diabetes,0.49665057910191834,0.6959897986288748,0.12572115864405986,0.717090768673357,0.24139247403089398,0.5015129772272132,1,1,1,0,0,0,0.70600843981267,0,0,0,0.8700126854494327,1,0,0,3.0417487596002246,3.136166992024496,7.011787935603351,0,Confidential,0.520816397233535
7494,Middle-aged,1,2,0,1,Underweight,0,0.8348658008621894,0.6876292167848845,0.16290656083205657,0.30167540720525476,1,0,0,0,0,Stage 2,Stage 2,Normal,Diabetes,0.14858609855674337,0.6467368031860896,0.7015576771107859,0.27374788655199783,0.22378939093206818,0.10808504820491713,0,1,1,0,0,1,0.43414629988284875,0,0,0,0.7082437258239999,0,0,0,0.5140071791262764,1.285821561097985,5.822010234402015,0,Confidential,3.134901409708673
7495,Senior,1,0,0,1,Obese,0,0.1777684096133997,0.30619593481732277,0.6181148735861591,0.5439473869518349,0,0,0,0,0,Stage 2,Stage 2,Diabetes,Diabetes,0.42905027142717045,0.6278461126312472,0.4961162134384949,0.5270056586470568,0.6913193022417398,0.539503396018348,1,0,0,0,1,0,0.37824862917437074,0,0,1,0.8692536111245602,0,0,0,0.7889184063850672,7.741652201174325,0.8304764974713597,1,Confidential,0.7176368601740756
7496,Young adult,1,3,1,1,Obese,1,0.23717185311933553,0.8679731110287976,0.4370452114941138,0.10920055862588407,0,0,0,0,0,Normal,Stage 2,Diabetes,Diabetes,0.2769980111178665,0.1671230858811632,0.07508398927444193,0.7379004694909892,0.8698388900167762,0.4964487587226458,0,1,0,0,0,0,0.7752819791329973,0,0,0,0.18977599765513692,0,0,0,0.8678296325278887,4.373923299780731,3.8384202632482536,1,Confidential,0.08631942091367498
7497,Senior,0,1,1,1,Obese,0,0.7287685610414437,0.21564992859099655,0.48098336476095344,0.8659138115682979,1,0,0,0,0,Stage 2,Normal,Diabetes,Diabetes,0.9840428829745784,0.18094732852484602,0.18945905734783763,0.8529277754113973,0.40382618079739885,0.06746835602696763,0,0,0,0,0,0,0.5607731712776509,0,0,0,0.9655705838952314,0,0,0,2.689089074371241,5.998020092950812,7.034661718185442,1,Confidential,0.46915991670904067
7498,Young adult,0,0,0,2,Normal,0,0.09769322228485257,0.6185501722775928,0.6129748254811561,0.6868691851752741,0,0,0,0,0,Stage 2,Normal,Diabetes,Diabetes,0.8668497392159505,0.588553685531761,0.6221418357986588,0.22510478590343835,0.37890932988242587,0.5792387573667923,0,0,0,1,0,0,0.9942794793369913,0,0,0,0.4500742210144359,0,0,0,0.6700367454330931,5.4606094027796725,8.544138274620481,1,Confidential,1.641927993675181
7499,Senior,1,0,0,2,Obese,0,0.5231161159117755,0.3782018413116447,0.1184768902357104,0.37718884567454924,0,0,0,0,0,Normal,Stage 2,Prediabetes,Prediabetes,0.7905360429576149,0.43038736232691654,0.49148691468196737,0.7496085438976343,0.5441315513713454,0.05694513277785315,0,1,0,0,0,0,0.8910028777388443,0,0,0,0.7309841175981445,0,0,0,3.1289826479166414,2.1553255178779027,2.1849724822207737,0,Confidential,0.903250167065849
7500,Middle-aged,0,3,0,2,Overweight,1,0.14326213119821674,0.4635134425901454,0.6034142335533814,0.38731330395840213,0,0,0,0,0,Elevated,Stage 1,Diabetes,Diabetes,0.2993759701950621,0.3805502393278895,0.6154777222337562,0.01152078406028012,0.19349089793391278,0.751490950124272,0,0,0,0,0,0,0.804296696563162,0,0,0,0.07620662996663151,0,0,0,0.3782080604438071,8.887984631298151,4.513933033410211,1,Confidential,3.180913049687608
7501,Young adult,0,0,1,2,Normal,1,0.9088285189292965,0.2957120327459605,0.5313089267825302,0.11249076288412119,1,0,0,0,0,Normal,Stage 2,Diabetes,Diabetes,0.7917241323786837,0.9769116575085414,0.3599331442807514,0.47917704578193315,0.7026663288195273,0.5662192446249097,1,1,0,1,0,0,0.4351595494656097,0,0,0,0.18646135624058116,0,0,1,1.2303810405605615,4.599803824522201,0.0003622487692678,1,Confidential,0.5122390664220892
7502,Senior,1,0,2,1,Obese,0,0.036674884827736356,0.6189740818189857,0.721495413256694,0.292472651823647,1,0,0,0,0,Stage 2,Normal,Diabetes,Diabetes,0.7130240988718874,0.1629977196534566,0.30406620950371566,0.3796659020833591,0.49338254548514016,0.22761614353144302,1,1,0,0,1,0,0.6689204447682925,0,0,0,0.03254517004089925,0,0,0,1.2272463631174393,3.848823538366781,9.86136286699223,1,Confidential,0.6162889471591038
7503,Young adult,0,1,0,1,Obese,0,0.8127008286963668,0.18682778345069515,0.34659937439759925,0.5348628481337382,1,0,0,0,0,Normal,Normal,Prediabetes,Diabetes,0.6214200736252569,0.7325272062448648,0.47766517193729574,0.14223843638230915,0.2374595314996441,0.9854834826814449,0,0,1,1,0,0,0.06357971327773307,0,0,0,0.3085768955410134,0,1,1,2.056099050857969,9.76722206045807,1.836106266875024,0,Confidential,2.0115645344731576
7504,Young adult,1,0,1,2,Normal,0,0.11567534542607527,0.8217492258446952,0.6382473026750398,0.07562045440691811,0,1,0,0,0,Stage 2,Normal,Diabetes,Diabetes,0.3262950554643835,0.9554726254086395,0.8999142136283069,0.9694848079127139,0.30959246455838507,0.7027147889275522,0,1,0,1,0,0,0.5038326082716933,1,0,0,0.6859588775874487,0,0,1,3.641442381256847,5.479666877974707,1.4661544835980422,1,Confidential,2.906770405125913
7505,Senior,1,0,0,1,Normal,1,0.8136974380433395,0.9508358665266283,0.7751676115310718,0.38404895522716476,0,1,0,0,0,Normal,Stage 2,Diabetes,Diabetes,0.9582365733059537,0.10006482133356835,0.6897647426228621,0.19583848576919544,0.6750274953836111,0.4743554356613986,1,1,0,0,0,0,0.8475802416794215,0,0,0,0.38949588101918714,0,0,0,2.965625584229468,4.496435763630494,3.2882742214306813,1,Confidential,1.02183206956759
7506,Senior,0,0,1,2,Normal,1,0.8179570579268408,0.4306027595215756,0.7162772720589449,0.6493755267331144,0,0,0,0,0,Normal,Stage 2,Diabetes,Diabetes,0.03678441544116641,0.7036933317229683,0.4780461620467005,0.20495108924836242,0.6291960520315353,0.5421128016038377,0,0,0,0,0,0,0.7475144445574446,0,0,0,0.14637580851872709,0,0,0,2.479280935201181,7.108436106756864,6.832129584432724,1,Confidential,0.7597729841171045
7507,Young adult,0,1,1,0,Overweight,0,0.7230605926568489,0.8148098882023581,0.6288195565675376,0.08933926712438744,0,0,0,0,0,Normal,Stage 2,Diabetes,Diabetes,0.20446357505293777,0.7881629488195036,0.028950413498193273,0.11865270308379133,0.6861193521598953,0.14891829399384213,0,0,0,0,0,0,0.3708524402134488,1,0,0,0.7109414508658072,1,1,0,3.76886785035301,5.400999394644219,2.065149079208206,0,Confidential,0.04219442784561859
7508,Young adult,0,0,1,3,Normal,0,0.6201581573411254,0.16121003999691494,0.1553866227124584,0.1079210188194446,0,0,0,0,0,Normal,Stage 2,Diabetes,Normal,0.15728249420990792,0.4301308346760002,0.8724692567343406,0.8843546688945374,0.17845739343174877,0.9100119408077212,0,1,0,0,1,0,0.05936726802092089,0,0,0,0.9141033421639879,0,0,0,1.6099016299319708,3.4328300177041826,9.520905379283604,0,Confidential,4.888949905390261
7509,Young adult,1,0,2,2,Overweight,0,0.7952895127844053,0.7459984145595665,0.49086636605857875,0.9257246806973679,1,0,0,0,0,Stage 1,Stage 2,Diabetes,Diabetes,0.8334486507691541,0.006733334859260365,0.36419599379145384,0.6546445256314242,0.23194811426950118,0.34743095913657784,0,1,1,0,1,0,0.0034507458322767387,0,0,0,0.7273839055794069,0,0,0,2.979135552374576,1.7321146690526268,0.1346905093814132,1,Confidential,1.5701614774427244
7510,Middle-aged,1,1,1,3,Overweight,1,0.7310169001863861,0.5266583111100558,0.35536284441394794,0.07590903169673824,1,0,0,0,0,Stage 1,Stage 2,Diabetes,Prediabetes,0.5759575844516209,0.19284527106626048,0.4509612600352957,0.5725710522728591,0.3505805537704634,0.7429940728158566,0,1,0,0,0,0,0.6938999566065169,1,0,0,0.9016726769603872,0,0,0,0.2193917815204566,7.922253624557988,4.729159581880826,0,Confidential,1.2863270799970121
7511,Middle-aged,1,0,1,1,Underweight,0,0.08958026075081367,0.9499496023029411,0.40550753812300355,0.943441622259641,0,0,0,0,0,Stage 2,Normal,Diabetes,Prediabetes,0.536484048397,0.2347229999276354,0.9381653114045245,0.5137571707264919,0.7195943694031721,0.20493779324887748,0,1,0,0,0,0,0.5413412246039688,1,0,0,0.09254811533019058,0,0,0,3.507988374579342,2.4559656478253133,4.884198726659101,0,Confidential,1.3037418736094808
7512,Senior,1,1,0,2,Obese,0,0.7528548604944558,0.3061654724573453,0.2360551161435996,0.5832776791916764,0,0,0,0,0,Stage 1,Normal,Normal,Normal,0.3398302309323381,0.29409684236756894,0.23570206264643723,0.6691344233857339,0.07740691392372467,0.1171752957628289,0,0,0,0,1,0,0.8440145411167097,0,0,0,0.3836537841027957,0,0,0,2.5237813072926323,3.21613906960338,1.9549814692638925,0,Confidential,3.0449742884555975
7513,Young adult,0,0,1,1,Normal,0,0.4286369094324051,0.050208134682690926,0.3921436475922629,0.9110478045851026,0,0,0,0,0,Stage 1,Stage 2,Diabetes,Diabetes,0.7008705373669436,0.36956679737854836,0.20870348748434986,0.16032236097869862,0.9754989710289432,0.40525928029915737,0,1,0,0,0,0,0.3366305423546169,0,1,0,0.5189828700044371,0,0,0,0.6998011596241032,2.690732470235768,2.568780643510689,1,Confidential,0.21394536917267296
7514,Middle-aged,0,3,0,2,Normal,0,0.928906813300608,0.37991474385712065,0.8568610406195559,0.8996670830402343,0,0,0,0,0,Normal,Normal,Diabetes,Normal,0.4173059821881032,0.35199792802439983,0.7736944209393302,0.13909924568078597,0.3172991758067307,0.3354129359704823,1,0,0,0,0,0,0.9751605770326831,0,0,0,0.7254647989558131,0,0,0,2.318447114534057,6.106693541591709,1.4163244412014209,0,Confidential,2.4383751359335175
7515,Middle-aged,0,0,0,2,Obese,0,0.7664229173239363,0.9287563425055831,0.3558613533421741,0.8829153668379884,0,0,0,0,1,Normal,Normal,Normal,Diabetes,0.8960465969807327,0.47865077316494953,0.40777005113777287,0.4958448929096771,0.41690390030383917,0.4819496705421493,0,1,0,1,0,1,0.18330330334993397,0,0,0,0.4830746070720296,0,0,1,1.8527403075211095,7.09776760589855,5.36656414409499,1,Confidential,0.9780912359912931
7516,Senior,0,3,0,1,Underweight,0,0.12682911702782276,0.030548437799356648,0.30034314188929334,0.8085786283877218,0,0,0,1,0,Stage 2,Stage 1,Normal,Diabetes,0.14814641361264186,0.39875805253985397,0.28729987934889656,0.5339744340601666,0.6915452760742915,0.9864843029619006,0,1,0,0,0,0,0.529041509855451,0,0,0,0.7345572903248966,0,0,0,1.7312822537460009,7.468759923373559,7.555656430802857,0,Confidential,0.41544623221174665
7517,Young adult,0,0,2,0,Underweight,0,0.019474925191028346,0.4934750571012703,0.028447831521083277,0.09468805186749185,0,0,0,0,0,Stage 1,Normal,Diabetes,Diabetes,0.7370886156283311,0.15993873999059066,0.4895960962832273,0.6704462859607268,0.5807341309374754,0.6096744499414597,0,0,0,0,0,0,0.000846726271539403,0,0,0,0.6510994988515986,0,0,0,1.493704506717767,4.484661591100045,2.268917595140513,1,Confidential,0.8430640980113834
7518,Senior,0,0,1,0,Obese,1,0.3105866273517169,0.7943308120794642,0.22517163055147,0.38379356486381944,0,1,0,0,0,Stage 2,Normal,Normal,Diabetes,0.39915988255803647,0.03109600400671074,0.14757776056890148,0.288132935651182,0.8127278839447512,0.08272587159030392,0,0,0,0,0,0,0.0011805913765116456,0,0,0,0.6553449443702712,0,1,1,1.367728408591928,8.788171638467343,5.947439054988854,0,Confidential,0.18158323774078083
7519,Middle-aged,0,0,2,1,Overweight,0,0.7382723803001447,0.0295298275588717,0.7709265340875289,0.43430628581569775,0,0,0,0,0,Stage 2,Stage 2,Normal,Diabetes,0.662531751312604,0.15659599894297999,0.22361807306638548,0.5135070603403891,0.7709603832038938,0.2769304505544129,0,1,0,0,0,0,0.23760297245492507,0,1,0,0.19739376738977396,0,0,0,2.8526915319725417,1.884606264969575,3.168336144500712,0,Confidential,0.290051315136443
7520,Young adult,1,2,2,1,Normal,0,0.9806308559467178,0.7444691481068574,0.7138596038776969,0.12619008470871151,1,0,1,0,0,Stage 2,Normal,Diabetes,Diabetes,0.5959280125589888,0.9594385140285845,0.9772270572223172,0.669907444518899,0.1223199559503228,0.8866199446490977,0,1,0,0,1,0,0.5803086244757132,0,0,0,0.5316225494718906,0,0,0,0.5024357817038196,3.572829036327697,0.8892111595321739,1,Confidential,7.989105699312004
7521,Senior,1,0,2,3,Normal,0,0.8806381462992254,0.9356581204508413,0.5628300715913016,0.16256346523374432,0,0,0,1,0,Stage 2,Stage 1,Prediabetes,Normal,0.15343705856313594,0.35403879209210404,0.9809599558893807,0.8549707171362981,0.9969784027336424,0.6883120394177402,1,0,0,0,0,1,0.5399455208501058,0,1,0,0.37487337202063115,0,0,1,1.4757586069726574,2.7874170979571247,2.529587599988851,0,Confidential,0.9839330051680756
7522,Middle-aged,0,1,0,1,Normal,0,0.45266906353609493,0.19110959478466663,0.7873972133759833,0.8331080156049794,0,1,1,0,0,Stage 2,Stage 2,Prediabetes,Prediabetes,0.6540133880660965,0.2944240800408457,0.1354496372539047,0.607678127800888,0.305515311452217,0.8837361797481411,0,0,0,0,0,0,0.8701092880192748,0,0,0,0.06894830710423137,0,0,0,2.9506480472182828,7.961866520557122,8.47299316969918,0,Confidential,0.44334811440404415
7523,Senior,0,0,2,1,Normal,0,0.1456112471348944,0.08275891770651352,0.4350426808452044,0.5481677233252663,1,0,0,0,0,Stage 1,Stage 2,Normal,Normal,0.8251938833590852,0.9042690321911363,0.47558765904746947,0.0675197147060616,0.26419345685523576,0.4603765203075716,0,0,0,0,0,1,0.05524886557408854,0,1,0,0.8300902788786014,0,0,0,3.170781998218902,0.0053837596735362,3.2847173184072287,0,Confidential,1.80014927208461
7524,Middle-aged,1,3,2,3,Obese,0,0.02986411000466429,0.8141527846992083,0.09847827407737922,0.8756776209604146,0,0,0,0,0,Stage 1,Stage 1,Prediabetes,Diabetes,0.26077725178947747,0.9502613701999566,0.08340246283347685,0.6524168353967048,0.611521538841959,0.21383263355995383,0,0,0,0,1,0,0.01856264503457835,0,0,0,0.5688750866893462,0,0,0,2.811812306654312,8.841130645591033,0.9968752866679776,0,Confidential,0.13638515986111702
7525,Senior,1,0,1,1,Underweight,1,0.3406759436853481,0.8239176314116798,0.5527148656927062,0.326587740296148,1,1,0,0,0,Normal,Stage 2,Diabetes,Diabetes,0.518730791067243,0.8484412696052116,0.23518757160265857,0.3271661560136722,0.5697860486728276,0.35167746497685837,0,0,0,0,0,0,0.5058550920810341,1,0,0,0.8175198694929355,0,0,0,0.8614703836256496,0.6592663830496948,3.826262526528832,1,Confidential,0.4127647072975348
7526,Senior,0,0,0,1,Underweight,1,0.6739954129628614,0.2313362072099998,0.6437282536647791,0.19585813804981844,1,0,0,0,0,Stage 1,Stage 2,Diabetes,Diabetes,0.9031764669596787,0.4666640041350453,0.2872734326834345,0.6261462102155215,0.30955262245685944,0.19807946791268397,0,1,1,0,0,0,0.8670236789861433,0,0,0,0.4050426104301256,0,0,1,1.847998762230835,3.1626658831500167,9.491466765369848,1,Confidential,0.9280277789391694
7527,Senior,0,1,2,2,Obese,0,0.8036187192169539,0.4557572643812902,0.7703130109393872,0.44745975614795686,0,0,0,0,0,Stage 2,Stage 2,Normal,Diabetes,0.07476804180686576,0.8401638871461854,0.15183815345363816,0.4012906541485635,0.056692232039713575,0.37548363857581046,0,0,0,0,0,0,0.1732996610091168,0,0,0,0.01521900683311172,0,0,0,1.4787476202250334,8.691430174328291,1.0349273724745411,0,Confidential,2.6782885060386006
7528,Senior,0,0,0,1,Underweight,1,0.3665026596916942,0.9849853652257389,0.15219584499128472,0.8450289501459637,0,0,1,0,0,Elevated,Stage 2,Diabetes,Diabetes,0.49875831127967063,0.6565336462780991,0.6846847788778114,0.3920854555617573,0.3633033825931652,0.6775049188388524,1,1,0,0,1,0,0.2750864371154281,0,0,0,0.4107781951701917,0,0,0,0.1191909633004191,4.7736407230079925,2.150853942718705,1,Confidential,1.8846088742436398
7529,Senior,0,2,0,1,Overweight,0,0.5818037603202572,0.5086438824169329,0.931088219439878,0.8335225823913134,0,0,0,1,0,Stage 2,Stage 2,Prediabetes,Diabetes,0.47706173939393326,0.24521925230125807,0.0252391702908068,0.8856365402405377,0.3379629448448277,0.46870301330611763,1,0,1,0,1,0,0.24241799426203123,0,0,0,0.3189842996257388,1,0,0,0.4756456801127768,9.376763543870576,9.350567721721,0,Confidential,0.07468028869968307
7530,Young adult,0,0,1,2,Normal,0,0.026964730574978658,0.059565992311504286,0.15148728750335394,0.0008854507539050038,0,1,0,0,1,Normal,Normal,Prediabetes,Diabetes,0.886388524667575,0.3812841198711885,0.14348485391465893,0.19002006301801827,0.2444416787574304,1.0,0,1,1,0,1,0,0.20309798990533767,0,0,0,0.6460728590268049,0,0,0,0.2343098931535321,8.967698861325202,2.8731991185345365,1,Confidential,0.5869901345958473
7531,Senior,0,0,0,1,Overweight,1,0.6057275330467042,0.9399945628814392,0.6170100744276349,0.8208928239176644,0,0,0,0,0,Normal,Normal,Diabetes,Normal,0.8146995782273634,0.3003419327996315,0.2979065516970494,0.12367178921322336,0.5898171650768721,0.7544143380170327,0,1,0,1,1,0,0.0846484118398765,0,0,0,0.904788369396574,0,0,0,1.7556061888329832,3.832904183917293,9.477550349888578,1,Confidential,0.5050828787904513
7532,Senior,0,0,2,2,Normal,1,0.7067767344751829,0.4975718847967705,0.5392004913623702,0.2132712223913681,1,0,0,0,0,Elevated,Stage 2,Diabetes,Diabetes,0.7967340606803344,0.4664525064166867,0.9955964728128679,0.5800985774632137,0.4811484419582741,0.42397672500236916,0,0,0,0,0,0,0.8943613456484689,0,0,0,0.6545817401815841,0,0,0,3.307935591003149,8.782344624533856,8.648455448186978,1,Confidential,2.0692085560140034
7533,Young adult,0,0,2,0,Normal,0,0.9772198041249198,0.08685257065800954,0.7977338691573397,0.1279106838520092,1,0,0,1,0,Elevated,Stage 2,Diabetes,Diabetes,0.08107958359488517,0.6573906660463722,0.7829239501601821,0.7867257046255065,0.03718804586081026,0.22006490815123766,0,0,1,0,1,0,0.8233247793614383,0,0,0,0.9321891685864306,0,1,0,0.4991429638366069,3.816550605953278,1.4843665789259752,1,Confidential,21.053108116800725
7534,Young adult,0,1,2,1,Obese,1,0.9623053798960403,0.03195197622643018,0.10893491886245016,0.7025771914064521,1,0,0,0,1,Normal,Stage 2,Diabetes,Diabetes,0.5194522522111036,0.43184965331523706,0.03608018770837029,0.9814695124747879,0.1788473106359843,0.8140773491579296,1,1,1,0,1,0,0.9492307259505003,0,0,0,0.9978165811895725,0,0,0,2.7215535454211426,9.36145427435926,2.723913416384023,1,Confidential,0.20173737910885262
7535,Middle-aged,1,0,2,3,Normal,1,0.07606848934135449,0.6178199205626341,0.577089051905815,0.08903435238111401,0,0,0,0,0,Stage 2,Stage 1,Prediabetes,Diabetes,0.8845903256458705,0.22730645788707737,0.7159358422116349,0.4975280907985821,0.36129103568913223,0.37613677052131156,0,1,1,0,0,0,0.020354188333445555,1,0,0,0.8985322573209397,0,0,0,1.4147071754402276,3.231143776848437,6.045371744546976,0,Confidential,1.9816042234373392
7536,Young adult,0,1,2,1,Overweight,0,0.741045680370273,0.33189708598087864,0.8292715296708539,0.7402068303889758,0,0,0,0,1,Stage 2,Normal,Prediabetes,Diabetes,0.5090998499617495,0.7419651363966956,0.02201191121772128,0.09516051014040527,0.8912807408959789,0.7070293102880204,0,0,0,0,0,0,0.9247437490014514,0,0,0,0.43887959647526603,0,0,0,1.467674256211156,9.485272586551645,8.203146951478884,0,Confidential,0.02469694475344922
7537,Young adult,0,0,0,3,Overweight,0,0.13477822694214595,0.2887035962064546,0.2823410379659404,0.48507515333684326,0,1,0,0,0,Normal,Stage 2,Diabetes,Normal,0.5132579474984194,0.9410427829461246,0.8597904984155387,0.7614060272945333,0.7132849300801547,0.7243238994616242,0,0,0,0,0,0,0.9986108490429382,0,0,0,0.3556670342091153,0,0,0,1.9983436102447567,8.119018395212978,1.261551395597329,0,Confidential,1.2053955749757963
7538,Middle-aged,0,0,1,3,Normal,0,0.4361251733130217,0.7152424874215175,0.2968949829861693,0.7537179641839181,0,0,0,0,0,Normal,Normal,Diabetes,Diabetes,0.8851009932515109,0.9677434766627858,0.3252237947140857,0.7410742350206019,0.6391828057896851,0.6690155466311222,1,0,1,1,0,0,0.47408789065723544,0,1,0,0.25687553146602765,0,0,0,2.68151227326234,3.961870128275442,6.568473698370529,1,Confidential,0.5088118637864242
7539,Middle-aged,0,2,1,1,Underweight,0,0.05113968309100266,0.12868550658348346,0.3672619163709103,0.32313816169381127,0,1,0,0,0,Stage 1,Stage 2,Diabetes,Diabetes,0.9852000439924942,0.0576295571576952,0.3459865785116889,0.21903975355607758,0.7229718868007405,0.43345368119548355,0,1,0,1,0,0,0.4410354602195825,0,0,1,0.4283299545366948,0,0,0,3.295416438852448,2.707440489547863,6.7783926783117145,1,Confidential,0.4785615939268837
7540,Senior,1,0,0,2,Obese,0,0.04203055878474523,0.3862415095695108,0.6738892859280274,0.8880956283725451,0,0,0,0,0,Stage 1,Normal,Diabetes,Diabetes,0.6492192774128065,0.4461670914133412,0.4521950585756753,0.00855109058151704,0.5364329326712962,0.44669518093801597,0,0,1,0,0,1,0.12837518989869892,0,0,0,0.10433917719003374,0,0,0,3.925187301270849,9.665155281415649,6.52773257373423,1,Confidential,0.8429666245952906
7541,Senior,1,1,0,2,Obese,1,0.02912962962343099,0.3431245146045303,0.021007015182952914,0.8913216528759657,0,0,0,0,0,Stage 1,Stage 2,Prediabetes,Diabetes,0.013631324747939308,0.676011751889176,0.322742520514101,0.3150193645523189,0.9449030091417345,0.2157557149745554,0,1,0,0,0,0,0.3131891192713494,0,0,0,0.2985702515579072,0,0,0,2.2320804424184093,9.128429289663774,8.630085335549527,0,Confidential,0.341561533185561
7542,Senior,1,0,1,2,Normal,1,0.33530197717059457,0.014870800835943462,0.39539511443646647,0.92724471518109,1,1,0,0,0,Normal,Stage 2,Diabetes,Diabetes,0.9650221314633385,0.162271580604547,0.8296412044008512,0.26605294472355573,0.7567580871427055,0.5755707677869562,0,1,0,0,0,0,0.20821151130931112,0,0,0,0.9912723547906404,0,0,1,0.3242187409824533,1.0357812143145373,9.699393883132798,1,Confidential,1.0963096642063395
7543,Young adult,1,0,1,1,Obese,0,0.9865280751584872,0.9151408878034195,0.8067099564482277,0.1778928609248569,1,0,0,0,0,Normal,Normal,Diabetes,Diabetes,0.465621157059252,0.487804367794631,0.18357925156033295,0.8492997073236872,0.4513422801762036,0.1850078465020429,0,1,1,1,0,1,0.09804518755401294,0,0,0,0.7643130124650696,0,0,0,1.923520734382811,2.510905077229766,5.400113001971548,1,Confidential,0.40674064811447264
7544,Young adult,1,2,2,3,Obese,0,0.27831442457002664,0.7183725743395697,0.19366899873264454,0.7738922551108999,0,0,0,0,0,Normal,Stage 2,Diabetes,Diabetes,0.6244983830207009,0.5149286651016182,0.4803274808176061,0.03691640586488837,0.7313831832298878,0.9432284215575826,0,1,0,0,1,0,0.34903868197796656,0,0,0,0.7686659222333654,0,0,1,2.047972549220609,4.151157722985436,8.036034666652869,1,Confidential,0.6567384810468495
7545,Senior,1,0,2,2,Obese,1,0.7730451086008392,0.1337133765211856,0.9132771373537503,0.8163158674218841,1,0,0,0,0,Stage 2,Stage 2,Diabetes,Prediabetes,0.14341636952898174,0.5436731500049204,0.4240265338823419,0.45097764366111864,0.9593382349694741,0.601388490704627,0,0,1,0,0,0,0.25144499707585644,0,0,0,0.4148745510893978,0,0,0,1.725125023341631,2.2304216200412386,6.4375818219154,0,Confidential,0.44199899308280394
7546,Middle-aged,0,1,1,0,Obese,0,0.6399270762068281,0.44660767178756666,0.06195351287636767,0.6368123409249172,1,0,0,0,0,Stage 2,Stage 2,Diabetes,Normal,0.9072334874663428,0.9482684317118705,0.7870338601737956,0.02016414993590343,0.9271460761951495,0.7213465681780622,0,0,1,0,0,0,0.9391121660686741,0,0,0,0.5279634289753722,0,0,1,0.3672447783821799,3.996614449356695,5.309584313904605,0,Confidential,0.8488779496362098
7547,Middle-aged,0,0,2,2,Overweight,1,0.6911392431166288,0.5952966931606832,0.8444255312206111,0.6425469379891461,0,0,0,0,0,Stage 1,Stage 2,Diabetes,Diabetes,0.7601595491831037,0.3945209942603577,0.6816041228226868,0.42049578740959176,0.7148336598756572,0.023101816315479085,1,0,1,0,0,0,0.9952630926003949,0,0,0,0.3756962230175889,0,0,0,3.479858241076985,2.187919235758629,7.4946022773749155,1,Confidential,0.9535143084074265
7548,Young adult,1,0,0,2,Normal,0,0.7445272259872902,0.41097091826814003,0.5303520006960587,0.7266276104766575,1,0,0,0,0,Stage 2,Stage 1,Diabetes,Diabetes,0.6734444655026255,0.2795685111590991,0.6971820476906281,0.4237163449654295,0.9818862611750128,0.607489169994925,0,0,0,0,0,0,0.41058943618010174,1,0,0,0.5865863783560041,0,0,0,2.799515211958742,3.107018984083564,6.11318534263829,1,Confidential,0.7100435918680823
7549,Young adult,1,0,2,2,Obese,1,0.585521332611452,0.7236560398193763,0.6619717678607956,0.6686578631926577,0,0,0,1,0,Stage 2,Stage 2,Diabetes,Diabetes,0.8568331065805206,0.36576240517442643,0.7488415160943502,0.5545097641219889,0.9111717994933339,0.18404217355097444,0,1,0,0,0,0,0.5597139352796836,0,0,0,0.004410666520862845,0,0,0,2.5229810657843124,9.958579287595812,7.882202170862662,1,Confidential,0.8218444825780944
7550,Middle-aged,1,1,2,2,Obese,0,0.30695062641629056,0.8137563638018654,0.1721295490656761,0.6869760807022937,0,0,0,1,0,Normal,Stage 1,Diabetes,Normal,0.2960188360905119,0.011967454338768307,0.429123335762023,0.5271758355177911,0.9765924600605056,0.048360864952083055,1,0,1,0,0,1,0.3547566233753134,0,0,1,0.8666312753254091,0,0,0,2.323583216629149,7.47100515624294,1.8925446771751744,0,Confidential,0.4394088151524704
7551,Senior,0,0,0,2,Overweight,0,0.6685637634154377,0.7000470940456667,0.22016841429803607,0.9168428309797388,1,1,0,1,0,Normal,Stage 2,Normal,Diabetes,0.028651343541633775,0.7722705343543934,0.5099130945336714,0.815426187156796,0.7878561590560782,0.6002523067883485,1,1,0,0,0,0,0.39446156549263595,0,0,0,0.03323703620975811,0,1,0,2.436855848934356,7.745845148264593,4.081782766074463,0,Confidential,0.6472159780341029
7552,Young adult,1,0,0,2,Obese,0,0.22355395527827254,0.5762520283302346,0.724807966734683,0.21971693521820979,0,0,0,0,0,Normal,Stage 2,Diabetes,Prediabetes,0.44734086629874226,0.4902645486849815,0.14910653966705145,0.09742384402329901,0.2663417330812,0.6170974235597443,1,0,1,0,0,0,0.5550853123163424,0,0,0,0.2846041700295771,0,0,0,2.661008118308286,4.4121628890400775,2.470334280366391,0,Confidential,0.5598316791818468
7553,Middle-aged,1,0,0,0,Overweight,0,0.8993571167960841,0.7379469638089311,0.09139193647840108,0.42931445586906836,0,0,0,1,0,Stage 1,Normal,Diabetes,Diabetes,0.8022737276799549,0.6257383039424798,0.28879000556711243,0.8703305387046827,0.3444106453648327,0.56997996638307,0,1,0,0,0,0,0.9429713697901233,0,0,0,0.2225883113760089,0,0,1,0.8342657928156765,9.054836195994946,9.20901050348773,1,Confidential,0.8385048762392302
7554,Middle-aged,0,0,2,2,Normal,1,0.4087622618507536,0.4060237393094609,0.5552896286030705,0.7557783720205867,0,0,0,0,0,Elevated,Stage 1,Diabetes,Diabetes,0.8117071656277178,0.1491093004600011,0.16945095239435526,0.03949445216698311,0.8027551098643926,0.8465502441055145,1,0,0,0,0,0,0.4213028350014679,0,1,0,0.749588366483815,0,0,0,2.286910777132635,8.00635751606703,3.799460198140196,1,Confidential,0.21108673157244703
7555,Senior,0,0,2,3,Obese,0,0.1670043713692803,0.6209281074830995,0.16614452126742457,0.6154436823420296,0,0,0,0,0,Stage 1,Normal,Diabetes,Prediabetes,0.5756587320734269,0.8161496021552233,0.14289554103943392,0.7211461012517846,0.39398719567233076,0.0028241830648459143,0,1,1,0,0,0,0.5611229518789272,0,0,0,0.4992461088209608,0,0,1,2.22984421895652,8.96148722488944,7.6940297423344015,0,Confidential,0.36269082500406064
7556,Middle-aged,0,2,2,1,Obese,0,0.5760436560013676,0.023706680445548464,0.24788735198151768,0.47097334568916593,1,0,0,0,0,Stage 2,Stage 1,Diabetes,Diabetes,0.9141162752997423,0.3825329199870498,0.4438827316129923,0.1793127952474936,0.8468495960497533,0.06091249901304144,1,1,0,0,0,0,0.964301507453612,0,0,1,0.6993827325399594,0,1,0,1.937936944070345,3.784109313345016,8.468790945277206,1,Confidential,0.5241576942157669
7557,Young adult,1,0,0,2,Normal,0,0.5547038105697225,0.6602630238335342,0.5289497910556816,0.39559310783092905,0,0,0,0,0,Stage 2,Normal,Diabetes,Normal,0.7417687843794452,0.18684684597959078,0.38319693912901065,0.20955249794207337,0.5144388767501183,0.732194484259204,0,1,1,0,0,0,0.087325478367885,0,1,0,0.380887655379618,0,0,0,0.8548831774287677,2.633263081463012,0.0958852922676012,0,Confidential,0.7448833213185467
7558,Senior,0,1,1,1,Obese,0,0.9364019049424429,0.5437393901729243,0.027146642263945597,0.8598977076780013,0,0,0,0,0,Stage 2,Stage 2,Diabetes,Normal,0.6786834219121521,0.9966124509263162,0.9898721412916249,0.7361363763044273,0.02141240784771853,0.4198974877154943,0,0,1,0,0,0,0.37077919736230563,0,0,0,0.1461066931704132,0,0,0,1.3180154096907994,1.56857962884701,7.235435131750972,0,Confidential,46.22890374270051
7559,Senior,1,0,1,0,Obese,0,0.444883388234191,0.9494573931491679,0.2725943051669437,0.6967009531807075,0,0,0,0,0,Stage 2,Stage 2,Diabetes,Diabetes,0.37407668430293883,0.9281642229960173,0.7529003528354736,0.011203853266992359,0.2477079949223447,0.9240715713549457,1,0,0,1,0,0,0.18028482199389584,1,0,0,0.3649742296584142,0,0,0,3.2977829093729643,6.72438491034959,0.2722117953416636,1,Confidential,3.0394673093676463
7560,Senior,0,0,0,1,Overweight,0,0.1826450970702884,0.4833703951175231,0.5024253233988865,0.2785537943923523,0,0,0,0,0,Normal,Stage 2,Diabetes,Normal,0.1204548021927259,0.177276146037672,0.6117787836152371,0.35558191097919195,0.32469083046536196,0.8804280780086287,0,1,0,0,0,0,0.809721574133753,0,0,0,0.6490844304366528,0,1,0,2.665793092001421,2.024920848570125,1.40072812324329,0,Confidential,1.8841886687665537
7561,Senior,1,0,1,2,Obese,0,0.9157592356716008,0.8380951983908562,0.21654673904822536,0.8894039742036243,0,0,0,0,0,Elevated,Stage 2,Diabetes,Diabetes,0.9289712142926723,0.39328280572797425,0.18297046524095384,0.6607291209212416,0.30290685581078347,0.8225656317727686,0,1,0,0,0,0,0.17266678344895722,0,0,0,0.2249189270599121,0,0,1,3.814031943919596,2.848854276909853,5.740235002535076,1,Confidential,0.6040486100956719
7562,Senior,1,0,0,2,Normal,0,0.9368978514501413,0.17123354043659533,0.50574786261795,0.6403522016892714,1,0,0,0,0,Normal,Normal,Diabetes,Normal,0.5287096609870883,0.6121228452838731,0.6219243631194371,0.3268795864308323,0.22860192255393402,0.5955400580208118,0,0,0,0,0,0,0.9934049111397671,0,0,1,0.19725318583506918,0,0,0,2.4682370213841383,7.866252092245002,5.959584761260941,0,Confidential,2.720556136060958
7563,Middle-aged,1,0,1,2,Obese,0,0.9801293693974595,0.11183550647830719,0.5722285973756072,0.31683773953600347,0,0,0,0,0,Stage 2,Normal,Prediabetes,Diabetes,0.09050947951357503,0.7213900196545511,0.10308485118527888,0.7165288694463863,0.30391542793647586,0.547420221948291,0,1,0,0,0,0,0.4302284105076473,0,0,0,0.012182781788905134,0,0,0,2.6027989427007983,4.534001721187542,2.9969733907167573,0,Confidential,0.339189266847044
7564,Young adult,0,0,0,0,Normal,0,0.5053264986195455,0.5763310665028192,0.14054062235962347,0.519901068776386,0,0,0,0,0,Stage 2,Stage 2,Diabetes,Prediabetes,0.3893361030764858,0.4258305588759771,0.25104875484249267,0.6761835307604958,0.8660880898051249,0.8302947654779309,0,1,1,1,0,0,0.27127325778172245,0,0,0,0.8038815835005987,0,0,1,0.6760627236348324,7.6925095540224975,7.677014629663992,0,Confidential,0.2898651508981958
7565,Middle-aged,0,0,1,2,Obese,0,0.8827616200308233,0.8931605510296712,0.6649297951170113,0.6963775436592011,0,0,0,0,0,Normal,Normal,Diabetes,Diabetes,0.07546164449549535,0.17179935920530742,0.09983920748769792,0.6949191109157402,0.7584519368651874,0.46176544975062206,0,0,0,0,0,0,0.7084441520563212,0,0,1,0.05448629204758702,0,1,0,2.175364410316615,7.830483599488267,6.805359313121601,1,Confidential,0.1316355099577576
7566,Senior,1,0,2,1,Normal,1,0.9079384039144793,0.8191214914936098,0.3150416014590474,0.48060538294453237,0,0,0,0,0,Stage 2,Stage 1,Diabetes,Diabetes,0.47385096309110175,0.950866441387186,0.5891259610630846,0.11098302798714399,0.8398296536114787,0.9302614793946153,1,1,1,0,0,0,0.7828052323082421,1,0,1,0.18819948383288068,0,0,0,2.52821220648192,4.593136656593896,6.4606598812080405,1,Confidential,0.7014826858395566
7567,Middle-aged,0,0,0,0,Overweight,0,0.3938331895385864,0.043573928334055906,0.43336931967595665,0.1340721351746582,0,0,0,0,0,Elevated,Stage 2,Diabetes,Diabetes,0.0444229515766429,0.11046143855074465,0.7325012721150657,0.7067585582857494,0.6909733377903262,0.8775231612396033,0,0,1,0,0,0,0.36365729220913284,0,0,0,0.4654461175774209,0,0,0,2.4263407768949974,7.8628014200899425,2.9032102408018536,1,Confidential,1.0601006320410888
7568,Senior,0,2,2,2,Underweight,0,0.05435011873912565,0.6280952251263557,0.12842655190737934,0.457100891850201,0,0,1,1,0,Stage 2,Stage 2,Normal,Diabetes,0.6615088605296345,0.5021422119173062,0.3914297016775057,0.5316491356959734,0.3995176697428374,0.4566447470676196,1,0,0,0,0,0,0.1862082687716339,1,0,0,0.43572554147386766,0,0,1,3.237401900501356,3.4489786792162205,7.506879472667255,0,Confidential,0.9797556687028691
7569,Middle-aged,0,0,2,3,Overweight,1,0.5076893118079472,0.8977185806045609,0.13151064657906325,0.23309292537045934,0,0,0,0,0,Stage 2,Stage 2,Diabetes,Diabetes,0.0328404319631536,0.8722765518374592,0.4695919419296706,0.5935681546295313,0.4649018616460542,0.5442531008980644,1,0,0,0,1,0,0.9626421674204326,0,0,0,0.1082689746936271,0,0,0,1.6412917875786874,4.200919915478326,0.3739349077397691,1,Confidential,1.0100883233012026
7570,Young adult,1,0,1,1,Overweight,1,0.5375617799824318,0.648790043292499,0.1055835869089068,0.39846187460952087,0,0,0,0,0,Stage 2,Normal,Prediabetes,Prediabetes,0.04865020819425746,0.9959182165247215,0.43402672545171694,0.4648734777293349,0.34057448806540735,0.036092968744587284,0,0,0,0,0,0,0.7683128879687725,0,0,0,0.9999834224810452,0,0,0,1.5260310461068345,0.3849399302597778,8.888352327140755,0,Confidential,1.2743958830185838
7571,Young adult,1,1,1,1,Underweight,0,0.6025846823478309,0.16238608083409,0.9334010389299929,0.8223536731688813,0,0,0,0,0,Stage 2,Stage 2,Diabetes,Diabetes,0.7148938341028493,0.6079867463145741,0.08742884325609612,0.7482352273958304,0.6393439226670932,0.7258550460089491,1,1,1,0,1,0,0.17076144875441238,0,0,0,0.3259669603383319,0,1,0,0.8460468772382956,1.4496422708248602,0.9110107761420172,1,Confidential,0.13674775055556504
7572,Middle-aged,0,0,1,1,Obese,0,0.29417255925492286,0.30506498458078907,0.7894711647387731,0.6302888370576855,0,0,0,0,0,Elevated,Stage 2,Diabetes,Normal,0.6652402427752285,0.6263820370173132,0.22469972359328905,0.5712049382967408,0.06442140926958706,0.14195385162400068,1,0,0,0,0,0,0.6145076029004539,0,0,0,0.3345970491563438,1,0,0,1.3089447700572765,3.6495425091603817,0.6130182212699331,0,Confidential,3.4879665959025887
7573,Young adult,0,3,1,1,Overweight,0,0.5819844905317488,0.776190769623889,0.9858669793887368,0.16366643571928496,0,0,0,0,0,Stage 1,Stage 2,Diabetes,Normal,0.36711075608175797,0.5870694624611722,0.11839050120573447,0.27684457240354426,0.9566294929384493,0.6710365110862629,0,1,0,0,1,1,0.12557326808178237,0,0,0,0.002934247402728139,0,0,1,0.3996384997592916,3.1783404654363903,4.693116833183433,0,Confidential,0.12375794608012555
7574,Senior,1,2,1,2,Normal,0,0.31551784409092726,0.9629050050688748,0.9834634879554546,0.6796059340332351,0,0,0,0,0,Stage 2,Normal,Diabetes,Normal,0.9080093131322229,0.7625079824903662,0.9060986134913667,0.03623708940203185,0.0830593593424892,0.6106263236462406,0,0,0,0,0,0,0.19421150224504524,0,0,0,0.16161609355588938,0,0,0,0.8362640020523777,5.32865777486395,4.488463318557832,0,Confidential,10.909048909890277
7575,Young adult,1,0,1,1,Obese,0,0.8456354360715096,0.6636062351065422,0.2830096882457137,0.152387832566368,1,1,0,1,0,Normal,Stage 2,Diabetes,Normal,0.7216503372172084,0.5444327036465804,0.9429565376862392,0.8701929274333586,0.9174411829822895,0.34265696338261376,0,1,0,0,0,1,0.59919520825827,0,0,0,0.4564215325407636,0,0,0,3.074161577666276,1.139799174638224,8.018058672783784,0,Confidential,1.0278114337760684
7576,Young adult,0,2,0,3,Overweight,0,0.9883306986006941,0.5648008177330033,0.13549821180405078,0.08613028614340368,0,0,1,1,0,Normal,Stage 2,Diabetes,Prediabetes,0.18271515988931875,0.07380104873660863,0.7330568482717879,0.2105848921429932,0.9299287874486712,0.7004662231918941,0,0,1,0,0,0,0.4799778484139763,0,0,0,0.7883133736770346,0,0,0,2.9107374128505885,9.997164754414314,1.893664149521893,0,Confidential,0.7882935318982691
7577,Young adult,0,3,0,3,Underweight,0,0.5446584827539136,0.6913910340308327,0.7886561534745691,0.6323918598929049,1,0,0,0,1,Normal,Stage 2,Diabetes,Diabetes,0.5995517255896909,0.7770632536585691,0.4036552704688545,0.6341867440250863,0.671991214713794,0.6374654247671033,0,0,1,1,0,0,0.40524393815523463,0,0,0,0.8058842629307702,0,0,0,2.2963061196339374,3.203611252428009,5.052364576641491,1,Confidential,0.6006853387819576
7578,Senior,1,0,2,0,Normal,0,0.6418564210405593,0.38099386936845214,0.9658991287305244,0.769810378923342,0,0,0,0,0,Normal,Stage 1,Diabetes,Normal,0.19516008141650942,0.9406587072905644,0.9901021694159617,0.253477079511996,0.4375048207282808,0.4657324667473538,1,0,0,0,1,0,0.6878984489730752,0,1,0,0.8199139486671455,0,0,1,3.4882125858979425,7.359845601648347,8.597712659435714,0,Confidential,2.2630657366650597
7579,Senior,1,0,0,2,Obese,0,0.6320712443859261,0.9954545377595748,0.06333385090758288,0.10251285355470141,0,0,0,0,0,Stage 1,Stage 2,Diabetes,Prediabetes,0.31275028005505534,0.3075594983432718,0.6157916533552297,0.663862821448725,0.931087272081959,0.3249734860011686,0,0,0,1,0,0,0.9609872280370784,0,0,0,0.055588283574480694,0,0,1,1.925448434871988,4.301088825581739,3.4531335326992387,0,Confidential,0.6613683505503065
7580,Middle-aged,1,3,1,0,Normal,0,0.022078195373652368,0.9493583970856083,0.7245454104885898,0.8405542839929271,0,0,0,0,0,Stage 2,Stage 2,Diabetes,Normal,0.6046168324037471,0.569261545054067,0.13177680544500836,0.9030833592047542,0.7132831640356532,0.01435548990726171,0,0,0,0,0,0,0.4065700590993394,0,0,0,0.2665920432963483,0,0,0,2.552953831253061,5.397818484441284,3.2459955020850364,0,Confidential,0.18474683279980172
7581,Senior,0,0,1,2,Overweight,1,0.008289227791439474,0.9849690973593591,0.7550166991240997,0.437577012059987,1,0,0,0,0,Normal,Stage 2,Diabetes,Normal,0.6414140924852593,0.5436285671082051,0.9949054235173411,0.32911097905216474,0.29262849838413507,0.8513189895100253,0,1,0,0,0,0,0.6235271833958544,0,0,1,0.9856364404457612,0,0,1,1.317081150229784,7.949843501969992,0.17185008678813,0,Confidential,3.399892454122234
7582,Senior,1,3,0,2,Normal,0,0.3792534163611182,0.8913467427476406,0.7742730555853483,0.3026670132522129,0,0,0,1,1,Normal,Stage 2,Diabetes,Diabetes,0.15318582346222698,0.8537152277837559,0.48265897466321017,0.7517239620474672,0.209061580353763,0.41273908438971574,0,0,0,0,0,0,0.1550950649749728,0,0,0,0.5742975276787213,0,0,0,1.853099029017338,5.156344811114396,2.882200194930685,1,Confidential,2.3086928446942765
7583,Young adult,0,2,1,1,Normal,0,0.7581987266888968,0.9901190192831649,0.32628455670080403,0.18964738394293068,0,0,0,1,1,Stage 2,Stage 2,Normal,Normal,0.5977776975240153,0.5789544409711145,0.9406977144868871,0.08140703339027994,0.5809613091100129,0.3869902545699755,1,0,0,0,0,0,0.8519089339800222,0,0,0,0.11382416596174383,0,0,0,0.5706674438565416,0.3497541867255016,0.2610323963576566,0,Confidential,1.6192088866089245
7584,Senior,0,0,2,1,Obese,0,0.7418892080194543,0.6259597447984205,0.4993144482817001,0.5421379980351605,1,0,0,1,0,Stage 2,Stage 2,Normal,Diabetes,0.7857169119355804,0.3733522750316278,0.927702134130348,0.9679402418233238,0.05656964835270434,0.10398007072838555,0,0,0,0,1,0,0.03989476598384306,0,0,1,0.2943878209791455,0,0,1,2.9439756241527184,2.031157430371431,2.6388001213553283,0,Confidential,16.399291159567525
7585,Middle-aged,0,2,2,0,Overweight,0,0.6193339649829895,0.7062532143852015,0.6428318975702726,0.10525312282371302,0,0,0,0,0,Stage 2,Stage 2,Prediabetes,Normal,0.129261181767306,0.861838529188693,0.28674812790184223,0.423110100869239,0.46540799039000524,0.12563061048991767,1,0,0,0,0,0,0.5524884883504114,0,0,0,0.025229057596828478,0,0,0,3.6696801734837408,9.20958452987023,1.1606988896316015,0,Confidential,0.6161220559654582
7586,Young adult,1,3,0,1,Overweight,1,0.01451474416794555,0.2906191736921515,0.0731949411349356,0.763742114699017,1,0,0,0,0,Stage 2,Stage 1,Diabetes,Normal,0.0952507857198734,0.35778005349383774,0.6335470798568985,0.2572754545697797,0.41576334050028774,0.12056305295324296,0,0,0,0,1,0,0.7506749587319906,0,0,0,0.1596997076608172,0,0,0,2.968531455310302,2.884590773626906,6.923198238335042,0,Confidential,1.5238165998342994
7587,Middle-aged,1,0,2,2,Underweight,0,0.4562943691122264,0.21636131433771474,0.45323189652661117,0.8648058436968834,0,0,0,0,0,Normal,Stage 1,Normal,Prediabetes,0.47705752597526185,0.19136156113287456,0.7161565215332295,0.13768706733564917,0.6961177779701289,0.4822284896533825,0,1,0,0,0,0,0.30464474343541387,0,0,0,0.04828984902586407,0,0,0,2.3274354163535382,1.6223348153890271,1.945382805508428,0,Confidential,1.0287864269485163
7588,Young adult,1,2,0,1,Underweight,0,0.21531123475584624,0.45392460467866436,0.8162124696407276,0.8739843345892805,0,0,0,0,0,Stage 2,Stage 2,Diabetes,Normal,0.5622125731962265,0.32481639272774887,0.013935693194518262,0.20452429091445373,0.595010671992735,0.44335629037825763,1,0,0,0,0,0,0.5935795278519727,0,0,0,0.37241819564596723,0,0,0,2.4895221881157696,3.350770992350033,0.6361027342044867,0,Confidential,0.02342091301967171
7589,Young adult,0,1,0,1,Underweight,1,0.5992639344551947,0.7626825533619193,0.765950534558764,0.13289610061650536,1,0,0,1,0,Stage 1,Normal,Diabetes,Diabetes,0.3158126015539635,0.5131008367338551,0.8453168837581799,0.49376359882224513,0.8926095161383414,0.8978006771280029,1,0,0,0,1,0,0.23973611819908228,0,0,0,0.2540950549902928,0,0,0,3.2930664919050106,8.462638912982236,9.642871496329263,1,Confidential,0.9470175574816169
7590,Middle-aged,0,0,1,2,Obese,1,0.7830645827645799,0.3945548656880402,0.6672732893096853,0.4652947177277488,0,0,0,0,0,Normal,Stage 2,Diabetes,Prediabetes,0.5585631124087049,0.3894902069047722,0.23856711551696774,0.5111560701748292,0.011251122761999077,0.28720143031802337,0,1,1,0,0,1,0.9382320844329388,0,0,0,0.6509951324819465,0,0,0,1.3410009866096666,0.9268958732343436,1.134988578677697,0,Confidential,21.203849656919004
7591,Senior,1,0,2,2,Overweight,0,0.7587782215261576,0.5361876462138057,0.2616945043698922,0.9554684338219156,0,0,0,0,0,Normal,Normal,Diabetes,Diabetes,0.5921711772353843,0.49937730741019726,0.7629495173642198,0.9629192438540306,0.29447009281860603,0.25682257699902555,0,0,0,0,0,0,0.609042706895085,0,1,0,0.8768179851253333,0,0,1,3.227143769871347,7.091868510947405,8.990722121682461,1,Confidential,2.5909236148955803
7592,Senior,0,1,0,1,Obese,0,0.17344986414658628,0.6207166733586722,0.8366898091799357,0.7735432346599643,0,0,0,0,0,Normal,Normal,Diabetes,Diabetes,0.4299259425290385,0.9183938840604172,0.5799198038318152,0.2703437148703231,0.2438206545162111,0.2981568321197283,1,0,1,0,0,0,0.9642756633984764,0,0,0,0.4422621735334216,0,0,0,3.492924488738851,1.4590701306080955,6.043847168890066,1,Confidential,2.378468735483021
7593,Senior,1,2,0,2,Overweight,0,0.29074721396000164,0.44565731608130604,0.6620590902026052,0.46212777455464715,0,0,0,0,0,Stage 1,Stage 2,Diabetes,Prediabetes,0.08333558334150142,0.5813280654323029,0.9893963182607604,0.0010569814016532786,0.5529288566162772,0.42470073318967383,1,1,1,0,0,0,0.17469989075904419,0,0,0,0.18456869653060856,0,0,0,0.1624838686107748,0.2285821964996393,1.5262854718640215,0,Confidential,1.7893736353633354
7594,Young adult,1,0,1,1,Normal,1,0.26447010558949696,0.2237668080817507,0.8456240088992625,0.976008024749046,1,0,0,0,0,Stage 2,Stage 1,Diabetes,Normal,0.9759642428242856,0.4024381053776729,0.27648904606964786,0.520744369488888,0.19557688054613948,0.7490834449579409,0,1,0,0,0,0,0.8952962934674015,0,0,1,0.049346874848026134,0,0,0,1.29435505682843,3.9374709115782194,0.6449317009841271,0,Confidential,1.4137102775009238
7595,Senior,1,0,0,2,Underweight,1,0.6569831992335938,0.3426129571962288,0.9241197078966936,0.9833947554968957,0,0,0,0,0,Stage 2,Stage 2,Diabetes,Normal,0.685189826064622,0.3828593860843966,0.40010134736398517,0.6520990596542946,0.35328905079839434,0.39793951305485487,0,0,0,1,1,0,0.17175889237101066,0,0,0,0.5216567133006849,0,0,0,0.1625868035906257,2.7731350498586336,0.7687250495063358,1,Confidential,1.1325042382711838
7596,Young adult,1,0,2,1,Obese,1,0.850378660206323,0.5900387402565793,0.6691185266990487,0.7813050086068866,0,0,0,0,0,Normal,Stage 2,Prediabetes,Normal,0.8179164464301292,0.14238544533848624,0.6657616963328397,0.8313975524579285,0.9058558396334566,0.7234070090231537,0,0,0,0,0,0,0.35625013719869864,0,0,1,0.5802691731651435,0,0,0,0.9381243424618328,6.921288856911952,7.807832241155642,0,Confidential,0.734953253270666
7597,Young adult,0,2,1,3,Overweight,0,0.8910849060541278,0.004632389875059875,0.5823721890913871,0.16212813961594652,0,0,0,0,0,Stage 1,Stage 2,Diabetes,Diabetes,0.43165076125994606,0.9023378816016229,0.655499718342049,0.7289922030626264,0.7486549636282402,0.9026171307593964,0,0,0,0,0,0,0.7879394363757978,0,0,0,0.5172840297730331,0,0,1,1.0913299696013017,6.5455159055452885,0.7753249660058847,1,Confidential,0.8755698555249954
7598,Senior,1,0,1,2,Underweight,1,0.8429600163240526,0.30272752814830123,0.5990725523029807,0.4388357645722757,1,0,0,1,0,Stage 2,Stage 2,Normal,Diabetes,0.08734343648096814,0.14176433739518268,0.5415276453922315,0.9583498771893977,0.26171438551973725,0.06977571551530223,0,0,0,0,1,0,0.22817253318136632,0,0,1,0.43913061338846043,0,0,0,2.462017908480137,1.6770544294818046,4.680650412043912,0,Confidential,2.0691550612199423
7599,Senior,0,0,2,1,Overweight,1,0.13470553514846587,0.677906802392463,0.23596273898282938,0.39134908943183866,0,0,0,0,0,Elevated,Stage 1,Diabetes,Normal,0.5643606678540557,0.5540526378932463,0.39527850299112743,0.2905079150715251,0.6800897119051271,0.03849662808291665,1,1,1,0,0,0,0.466793848216241,0,0,0,0.06973649900069914,0,0,0,1.6314547668153885,8.972373046641932,3.5295367722887097,0,Confidential,0.5812152368602056
7600,Young adult,0,3,1,1,Obese,0,0.17908700409700595,0.03343536277758359,0.03921464356120212,0.48754871922186094,0,0,0,0,0,Stage 2,Stage 2,Diabetes,Diabetes,0.4630308794109439,0.8851708695959265,0.5518009276604974,0.8183905903091533,0.16154248274800515,0.1837094370477356,1,0,1,1,0,0,0.9083914192011063,0,0,0,0.15193615239327982,0,0,0,1.4355680691657646,2.277690248969342,8.817096690540831,1,Confidential,3.4158254737316858
7601,Middle-aged,0,2,2,1,Overweight,0,0.9137241132551365,0.3365148665237419,0.13979300335055964,0.46255884280443327,0,0,0,0,0,Normal,Normal,Diabetes,Diabetes,0.9113454320479482,0.9432207949897929,0.5491030871369649,0.46356717818494825,0.7647916461097928,0.35742709224541713,0,1,1,0,0,0,0.9000786675069169,0,0,0,0.42928832835079905,0,0,1,1.9444598675573848,2.0560693289502963,4.607409063202447,1,Confidential,0.7179773601477547
7602,Middle-aged,0,3,1,1,Underweight,0,0.8600839137097319,0.352893158389857,0.5510586568773325,0.8156164699615794,0,0,0,0,0,Stage 2,Stage 2,Diabetes,Diabetes,0.7728607187487847,0.5313773278094903,0.31320905649290065,0.8701749845408198,0.6876157727966438,0.10224479380265988,0,0,0,1,0,0,0.39356031306182715,0,0,0,0.39827190609703245,0,0,0,3.184802155450276,8.553648631829606,1.5679562555427096,1,Confidential,0.45550010468641394
7603,Middle-aged,0,1,2,3,Normal,0,0.8152821837709786,0.14013480901760583,0.8404402918147825,0.34860364092373286,0,0,1,0,0,Stage 1,Stage 2,Prediabetes,Prediabetes,0.636781461539169,0.001764221008118308,0.5594163395833289,0.8639266936108643,0.7648165650589362,0.752705008296352,0,1,0,0,1,1,0.36790510547564476,0,1,0,0.5384604165850881,0,0,0,0.2771024535343782,0.86828800660668,5.898968698842372,0,Confidential,0.7314385764385486
7604,Young adult,1,0,2,2,Obese,0,0.6266331944483496,0.9785776474426308,0.014845466631830982,0.055020517659169155,1,0,0,0,0,Normal,Stage 2,Diabetes,Diabetes,0.009994918317066781,0.9591724316461375,0.30513114157433296,0.2141534483515612,0.7199517226246887,0.7830800818342503,1,1,0,0,0,0,0.36801441930031936,0,0,0,0.4856682476857144,0,0,0,3.278385806848493,0.2674802499986195,5.525374929814636,1,Confidential,0.42382167023912803
7605,Senior,1,3,1,0,Obese,0,0.9240434011069384,0.14431824691612735,0.821236595492204,0.1617004073140429,0,0,0,0,1,Normal,Stage 2,Diabetes,Diabetes,0.5274080978975398,0.1744932685580623,0.6184948400927697,0.16251784998935892,0.2429532537400541,0.26848765128576557,1,0,0,1,1,0,0.6411187602406495,0,0,0,0.6362764960383731,0,0,0,0.6227270473034889,9.29047868709226,2.4326233467004856,1,Confidential,2.5457359824228707
7606,Senior,1,0,1,1,Overweight,1,0.6812526255120207,0.7098979524779258,0.7733921254837179,0.6373762690237238,0,0,0,0,0,Stage 2,Normal,Prediabetes,Diabetes,0.5271299045916437,0.18472709917572538,0.44776545912349786,0.8902192124905917,0.5891250878270111,0.5152438265526379,0,1,0,0,1,0,0.04541836077465869,0,0,0,0.21915028849254456,1,0,0,3.790882419946143,0.7006908083348651,4.769545715512535,0,Confidential,0.7600515890013808
7607,Young adult,0,0,2,2,Overweight,0,0.1030763754700082,0.616379315038851,0.7632961728978109,0.8647786933590681,1,0,0,0,0,Normal,Normal,Diabetes,Diabetes,0.05158935462513979,0.6833828000444734,0.5496883136396915,0.32461374747646105,0.8637025781957879,0.6757256986516026,0,0,0,0,0,0,0.367477739979851,0,1,0,0.7496626410957866,0,0,1,3.037335038665927,7.044323256060832,1.5123900531994383,1,Confidential,0.636432410318782
7608,Senior,0,0,2,1,Obese,1,0.15643593675095735,0.04299960725536793,0.5121002931523738,0.17358186039118417,0,0,0,0,0,Stage 2,Stage 2,Diabetes,Diabetes,0.2644510901474215,0.7822379268997028,0.8875937343903006,0.5166711783506168,0.032938868818442935,0.863743817222193,0,1,1,1,1,0,0.8373793153280564,0,0,0,0.40128010809358444,0,0,0,2.8635457622772624,3.494076313237482,2.5444734363890777,1,Confidential,26.946697510550955
7609,Senior,0,0,1,1,Obese,0,0.4201856401592228,0.16112933579116853,0.9504518423634948,0.937600644793474,1,0,0,0,0,Stage 2,Stage 2,Diabetes,Prediabetes,0.4467633346132035,0.34990658706000444,0.08790322197746181,0.6366221040154685,0.8962435706011322,0.23148307368212764,0,0,0,0,0,0,0.2779093439326793,0,1,0,0.15592398335662327,0,0,0,0.8332387984859855,7.947202723681258,3.481316182334173,0,Confidential,0.09807961235192236
7610,Senior,1,0,0,1,Underweight,0,0.1632101465904989,0.974170320410216,0.24415622166946063,0.4851151976461704,1,0,0,0,0,Stage 2,Normal,Diabetes,Normal,0.5243578182176972,0.6654620890202662,0.6765654165834074,0.262938951157714,0.3277295407292403,0.28503650992719665,0,1,0,0,0,0,0.9111390583773007,0,0,0,0.2176550345689962,0,1,0,0.8648986024289651,2.627228845430547,7.157035209553063,0,Confidential,2.0644016864575665
7611,Young adult,1,0,1,1,Obese,0,0.5232260835187772,0.44236311907127945,0.8392060913086706,0.6469563806856208,0,0,0,0,0,Stage 2,Stage 2,Prediabetes,Diabetes,0.7432268360642541,0.8316286141351791,0.6567241413243945,0.765589646877243,0.5694081620308653,0.03434894805059119,0,1,0,0,0,0,0.16088388037499612,0,0,0,0.7008262835376456,1,0,0,2.4956475408770955,8.552624699811842,6.219069073253454,0,Confidential,1.1533451487279456
7612,Middle-aged,0,3,1,2,Normal,0,0.838914314400447,0.17971925087665488,0.8285216356175459,0.9983104816994798,0,0,0,0,0,Stage 2,Normal,Diabetes,Prediabetes,0.3797156128168015,0.3487254001804505,0.6423162315929025,0.34619389985403753,0.8428290651856505,0.3265705090752392,0,0,0,0,0,0,0.9818207808329044,0,0,0,0.9497597545344976,0,0,0,3.8875003959493046,4.140278159122016,0.5612290923136609,0,Confidential,0.7620954925794107
7613,Senior,1,0,0,0,Normal,1,0.08251291137983673,0.6253134139881206,0.19973325781717446,0.2637813642271689,1,0,0,0,0,Normal,Stage 1,Diabetes,Diabetes,0.2538070184111873,0.7104302212346958,0.8546360226590652,0.9497693411605981,0.536899600968933,0.17883364369925234,0,1,0,0,0,0,0.41892008513956713,0,0,0,0.48744648885704733,0,0,1,3.3994616270095586,8.391483545122547,4.133169430441449,1,Confidential,1.5917985804361172
7614,Young adult,1,0,1,2,Overweight,1,0.20287767737748263,0.14666581080972274,0.5324482523916393,0.8590776568957844,0,0,0,0,0,Elevated,Stage 2,Diabetes,Normal,0.08734612116057085,0.4566499055420784,0.46529926883017647,0.8219432142795735,0.11328538858935916,0.6667018977312618,1,1,0,1,0,1,0.058288570026256314,0,0,0,0.5829658491259209,0,0,0,0.9331919042194224,4.283333571993044,7.696243892140152,1,Confidential,4.107319351808109
7615,Senior,0,0,1,2,Obese,1,0.251648146730242,0.2641046222205898,0.31079806857802467,0.15942183955142952,0,0,0,0,0,Stage 1,Normal,Prediabetes,Diabetes,0.0985762418558027,0.03017324858470967,0.7771115906007786,0.9681565367722966,0.10405220929520365,0.9449833299477326,0,0,1,0,0,0,0.846080159700975,0,0,0,0.07051733285697784,0,1,0,1.8431942881648853,0.3722273909548668,3.453154721962961,0,Confidential,7.468477563951159
7616,Senior,0,3,0,2,Underweight,0,0.11933650204369074,0.20374003724133075,0.7038939419466271,0.09968729493575101,0,0,0,0,0,Stage 2,Stage 2,Normal,Diabetes,0.786309199965653,0.03798961934183019,0.18146320103006808,0.35843418613898353,0.15218761166789613,0.03505445813688379,1,1,0,0,0,0,0.28516584594902716,0,0,0,0.05449674818821849,0,0,0,0.4620069141258183,4.173469131177777,8.46697421675996,0,Confidential,1.1923651277612344
7617,Senior,1,0,2,2,Obese,0,0.9679832854176119,0.9107886165601844,0.12700014194462145,0.8182310725290344,0,0,0,0,0,Elevated,Stage 2,Normal,Normal,0.7142663393786742,0.24506674353650415,0.6519739296417597,0.3772565747059962,0.07622216744802246,0.2046137316092674,0,0,0,0,0,0,0.6272468629876514,0,1,0,0.9860520463382559,0,0,0,3.57264831449232,0.586769607863945,8.48490110132378,0,Confidential,8.553599975838457
7618,Senior,1,0,2,2,Obese,0,0.9775053084105348,0.2995445573163502,0.6541160959916971,0.17088818178043763,0,1,0,0,0,Stage 2,Stage 2,Normal,Diabetes,0.9566819292572253,0.5521112156241372,0.5945235421956725,0.7660204818925409,0.3801251573508454,0.9228425470410901,0,0,0,1,0,0,0.21573858173690136,1,0,0,0.5194777316862543,1,0,0,2.113537618738265,5.286209763171573,9.132046711473569,0,Confidential,1.564020509294898
7619,Middle-aged,0,3,1,1,Obese,1,0.9328126423001515,0.078726895350059,0.9986250590776756,0.4579568064524496,1,0,0,0,0,Elevated,Stage 2,Prediabetes,Diabetes,0.8273438220961585,0.6172670425847993,0.6259830702352853,0.12958836887462016,0.3673709416364974,0.4156111077410918,0,0,0,0,1,0,0.48503438855833875,0,0,0,0.8326031987856533,0,0,1,3.1679248612730437,5.124984891260414,6.8328099302436325,0,Confidential,1.703953686284412
7620,Senior,0,0,2,2,Underweight,0,0.2994886153398066,0.4034554651145294,0.32309294343645134,0.9031272250640597,1,0,0,1,0,Stage 2,Stage 2,Diabetes,Diabetes,0.2246766058829786,0.24886336322463143,0.40828125546190486,0.3183042763982577,0.4993442455314008,0.5906218177690891,0,0,0,0,0,0,0.8159155565799937,0,0,0,0.236768404653971,1,0,0,1.63661017763624,6.24209648377899,2.034876148782101,1,Confidential,0.8176348463321392
7621,Middle-aged,0,3,2,2,Normal,0,0.9779059891693969,0.21136525784077204,0.21992228710982614,0.303391359589393,0,1,0,0,0,Stage 1,Normal,Normal,Prediabetes,0.030550517901570665,0.07920343537360945,0.5718674854581838,0.6450872282440845,0.29284077134271547,0.4228889196583123,0,1,1,1,0,0,0.21598632701313036,0,0,1,0.8149863636424137,0,1,0,1.1410421186225257,9.607169539714588,2.5198749099922155,0,Confidential,1.9528274114157405
7622,Senior,1,3,0,1,Normal,0,0.024456111243332364,0.05562009417440108,0.7400367969026918,0.6895275743852688,0,0,0,0,0,Elevated,Stage 2,Diabetes,Diabetes,0.21140123666126637,0.23969708300738213,0.7746643956238779,0.8174514716107208,0.4204602007468554,0.8176424149638643,1,0,0,0,0,0,0.9816623722067008,0,1,0,0.38807312880483136,1,0,0,1.4140560546414194,6.141240187209789,0.966925656379618,1,Confidential,1.8424202677158417
7623,Young adult,0,0,1,1,Obese,0,0.3774724193504609,0.2882231820814975,0.7956745256213309,0.7492453332286918,1,0,0,0,1,Normal,Normal,Normal,Diabetes,0.894532762468758,0.28041497113161495,0.3868152880116196,0.933150010612287,0.3932402507108381,0.2551807637891169,0,0,1,1,0,0,0.8216654995602041,0,0,0,0.7219238639292075,0,0,1,3.9991274416866585,5.497751177169757,4.695161808585545,1,Confidential,0.9836614825476169
7624,Middle-aged,1,0,1,2,Obese,0,0.8790691477957044,0.7890008361937951,0.7717163300710942,0.6826381139610554,1,0,0,1,0,Stage 2,Normal,Diabetes,Diabetes,0.5925308875830567,0.7627465314895974,0.9731653236497624,0.373719023690877,0.04906542923299495,0.4992632336145024,1,0,0,0,1,0,0.2367445955821737,1,0,0,0.5572571745211573,0,0,0,0.7391520032559025,4.012910882646118,4.280650123980956,1,Confidential,19.83403261446125
7625,Senior,0,0,0,2,Normal,1,0.6226009095413729,0.2939989639059955,0.4660456741906621,0.3775334988304645,0,0,0,0,0,Stage 2,Normal,Diabetes,Diabetes,0.20767732751756124,0.8826427590665805,0.4258772636219901,0.7176997503614664,0.04819943948740851,0.9688938091122803,0,1,1,0,1,0,0.28623544985433236,0,0,0,0.4995023765968244,1,0,1,1.1907899677110465,7.537891881883793,4.313126880557016,1,Confidential,8.835730625731552
7626,Middle-aged,0,0,1,3,Obese,1,0.391548201435023,0.8111146443390572,0.4968919724247063,0.29410773712637384,1,0,0,0,0,Stage 2,Stage 2,Diabetes,Diabetes,0.6710521701325626,0.01018055817402548,0.12046687159165237,0.9072128865092468,0.7110878460425427,0.9750232403195243,0,0,0,0,0,0,0.7483545619315236,0,0,1,0.32948695612577295,0,0,1,1.9239537146689496,7.163689793025883,6.389051017291343,1,Confidential,0.16941208074655395
7627,Senior,1,1,0,1,Overweight,1,0.7219965579685159,0.5924297971384811,0.2938422400056612,0.08259007695658505,0,0,0,0,0,Stage 2,Stage 2,Diabetes,Diabetes,0.567711454518773,0.5741452034868718,0.5080214443119613,0.8484936869042154,0.2576075100023709,0.6283428242385217,1,1,0,0,0,0,0.3409466041476463,0,0,0,0.27853472885113884,0,0,0,2.9275101703379574,0.3836843927549349,0.6935851078983002,1,Confidential,1.9720754426269858
7628,Young adult,1,2,0,1,Obese,0,0.3141653688495619,0.530239117908237,0.6837663659635703,0.8759813526166375,0,0,0,0,0,Stage 2,Stage 1,Prediabetes,Normal,0.9974937375672879,0.6839746619635272,0.22207044470941217,0.42316317306894585,0.12277883010345547,0.9984889228304237,0,0,0,0,0,1,0.863774769442383,0,0,0,0.49049971810095333,0,0,0,2.3281704978095714,9.57052938075395,5.748755880975872,0,Confidential,1.8087030518395715
7629,Middle-aged,1,1,1,0,Normal,0,0.8617575243293086,0.42346215461883485,0.30452465270255713,0.3148901499698399,1,0,0,1,0,Stage 2,Stage 2,Diabetes,Prediabetes,0.33637037159622607,0.43941877292509957,0.024516738393232762,0.4849163029854326,0.47864133252721586,0.7156130047105829,0,0,0,1,0,0,0.15465712315943497,0,0,0,0.016972559461550994,0,0,1,2.283086911689768,2.989815495825546,2.4705160391034973,0,Confidential,0.05122152377393928
7630,Young adult,0,1,0,2,Obese,0,0.7919740431692001,0.7106270746042569,0.07136439389155891,0.6978028907372723,0,0,0,1,0,Stage 2,Normal,Diabetes,Diabetes,0.7517594630168493,0.3475248214780084,0.11884006962494165,0.511051426967313,0.09565366894294342,0.6215926984212705,0,1,0,0,0,0,0.5990489159327798,0,0,0,0.15853470723048488,1,0,1,3.137367588165867,1.3075870931990008,5.142437192923278,1,Confidential,1.2423994911876168
7631,Senior,1,3,2,1,Overweight,0,0.3289997706547542,0.576950789333237,0.3351837923004007,0.09983768877199029,1,0,0,0,0,Stage 2,Stage 1,Diabetes,Diabetes,0.6573288094120353,0.7763985473923205,0.3235702634012112,0.27217915825977795,0.8813472285996478,0.8727638409397847,0,0,1,0,0,0,0.29568958302966486,0,1,0,0.05810242780950702,1,1,0,1.7049221417969207,9.425698636895708,9.36868629459611,1,Confidential,0.3671314243709877
7632,Middle-aged,1,0,0,2,Obese,0,0.8407952003498196,0.9595616127802109,0.7998235547703046,0.6757267836490174,0,0,0,0,1,Stage 2,Stage 2,Diabetes,Diabetes,0.8835652704232032,0.0274990885644978,0.4829785561714992,0.62158080683776,0.30990333244295276,0.9686593696388315,1,0,0,0,0,0,0.4062042320958369,0,0,0,0.4734357983503261,0,0,1,2.8762004772509755,6.300744886786324,4.4536584912044965,1,Confidential,1.5584813250125547
7633,Young adult,0,0,0,2,Obese,1,0.9683233952048066,0.18147709036595258,0.597709966077732,0.22657605428865324,0,0,0,0,1,Stage 2,Stage 2,Diabetes,Diabetes,0.5890786685150134,0.6380690163309053,0.9845310505759823,0.14044102679642068,0.8920292371697824,0.1573092040954052,0,1,0,1,0,0,0.49062396201466346,0,0,0,0.3030463370951088,1,0,0,3.742825472580955,5.568526721879166,4.389244799464034,1,Confidential,1.1036981856106962
7634,Young adult,1,1,1,2,Underweight,1,0.8013716111639747,0.41475175133942677,0.1835421282393512,0.005015840662911719,0,0,0,0,0,Stage 1,Stage 2,Normal,Diabetes,0.8181353565210753,0.347927876549135,0.7094498527899544,0.5369622410686135,0.7740582855363627,0.049254144561154345,1,1,0,0,0,0,0.4467976360905493,1,0,0,0.9573021977244184,0,0,1,0.2444328954376962,5.394448472783878,3.8814508693480807,0,Confidential,0.916532858114632
7635,Senior,0,0,1,1,Normal,1,0.022901181076393915,0.1727057637386046,0.984599573951306,0.8884953737418441,0,0,0,0,0,Elevated,Stage 2,Normal,Diabetes,0.708864157969352,0.5007920131548679,0.993258495279498,0.08317793214306218,0.8625674211837961,0.3876148128028991,0,0,1,0,0,1,0.534472723183521,1,0,0,0.8173458881309831,0,0,0,0.3884786092758121,1.3017818154804262,6.560633291892071,0,Confidential,1.1515140392345682
7636,Middle-aged,1,1,0,2,Obese,0,0.9503605080886288,0.5688092842311486,0.8706544571434435,0.4896506816059948,0,0,0,0,0,Normal,Stage 2,Diabetes,Normal,0.8058176054979782,0.4403399152391817,0.3835842693643343,0.286257091047079,0.21580478446092832,0.7035244951146558,0,0,1,0,1,0,0.5849131216329628,0,1,1,0.23930252016381948,0,0,0,3.272935447214202,1.780832904898103,6.870202838247788,0,Confidential,1.7774595235342554
7637,Senior,1,0,2,3,Overweight,1,0.10990107929121952,0.7832511588975172,0.39439026461864846,0.6085647682157894,1,0,0,0,0,Stage 2,Stage 2,Prediabetes,Prediabetes,0.9466877409098842,0.365609754504535,0.20740415424778114,0.49702609670263814,0.35966330837197524,0.3125121727987936,0,0,0,0,0,0,0.31758962894818493,0,0,0,0.23817431596906266,0,1,0,1.0352472703318003,4.305292522876023,5.322866625135905,0,Confidential,0.5766619764095512
7638,Young adult,1,0,1,2,Normal,0,0.4841066704683533,0.7172950655102008,0.4325652864257541,0.3785567126436099,0,1,0,0,0,Stage 2,Normal,Diabetes,Diabetes,0.08688540713532374,0.07646552333275143,0.5160395199149048,0.5004941360426065,0.15533334091113227,0.909423135860798,1,1,0,0,0,0,0.530743596799152,0,1,0,0.49217244959450696,0,0,0,1.1878549667996707,3.368240541650195,7.295640181204844,0,Confidential,3.3221426700024184
7639,Senior,0,0,0,2,Obese,0,0.03645085088288003,0.45628611288088716,0.1482189949889519,0.16846197797376294,0,1,0,0,1,Normal,Normal,Normal,Diabetes,0.5580415915425071,0.42262764800709796,0.4538877250278539,0.20732133319444784,0.0519067844826574,0.6109044901639837,0,0,1,1,0,1,0.9137747212377791,0,0,1,0.733805211769434,0,0,0,1.3405059752233028,3.711549063085007,5.646891479358337,1,Confidential,8.744285155623588
7640,Senior,0,0,0,1,Obese,0,0.48820847864059386,0.3972098159339944,0.06087851851131676,0.5959620996047504,1,0,0,0,0,Stage 1,Normal,Normal,Diabetes,0.9770211265219619,0.970327967943961,0.06867481262612385,0.3672737492948998,0.42580856295230984,0.8396866862240894,0,1,0,0,0,0,0.15211743035889946,0,0,0,0.5851854323717718,0,0,0,0.6435318754975352,7.43453965610176,9.443473013465011,0,Confidential,0.16128095722165026
7641,Young adult,0,3,1,3,Underweight,0,0.8396945517796033,0.31665951074663184,0.11706543751156377,0.8552437795379454,0,0,0,0,1,Elevated,Stage 2,Diabetes,Diabetes,0.65425545256994,0.2676285331359633,0.411569790492577,0.4770756600072857,0.9628772533806351,0.6300327758468776,0,1,0,0,0,0,0.9047026276151379,0,0,0,0.4634181554926488,0,0,0,1.889250402489695,6.419105119346996,8.850806265533656,1,Confidential,0.4274374423609728
7642,Young adult,1,0,2,1,Underweight,0,0.168322753795776,0.8130781481127077,0.6002699422359402,0.33292573705599116,0,0,0,0,0,Stage 1,Stage 2,Diabetes,Diabetes,0.9750836776165328,0.3179799007034933,0.7455069450908409,0.5680849996766268,0.4964820932088353,0.9357898359627081,1,1,1,0,1,0,0.8969859102365372,1,0,1,0.2928390372303924,0,0,0,3.8545251017260127,3.8679543677933417,8.002503593879437,1,Confidential,1.5015787181215785
7643,Senior,0,2,0,2,Obese,1,0.5657995988665903,0.8496383960671149,0.6461685618414148,0.9729647588288971,1,0,0,0,0,Stage 2,Stage 2,Prediabetes,Diabetes,0.645209970158717,0.48381125410733294,0.47538361006368013,0.39673921220459457,0.7696694148356855,0.7743816872428646,1,1,0,0,1,0,0.46412593997779555,0,0,0,0.5514907901368189,0,1,0,3.99042073786894,7.644501900732478,8.164168515181823,0,Confidential,0.6176464867909145
7644,Senior,0,0,0,2,Normal,1,0.15320603386922452,0.8374116667775765,0.4721228093444683,0.9839095460410826,0,0,0,0,0,Stage 2,Stage 2,Normal,Diabetes,0.9387227170320254,0.04903930945771186,0.7258735250032202,0.23284284628284496,0.2855661336272922,0.35070198687993503,1,0,1,1,0,0,0.1779468477396341,0,0,0,0.6676724201722967,1,0,0,3.964698569150007,5.172063666896137,7.70543926438084,0,Confidential,2.5418753820107987
7645,Young adult,0,0,0,1,Overweight,1,0.39975683601787226,0.8834610986359825,0.11952530487877742,0.42364444232726395,0,0,0,0,0,Stage 2,Stage 2,Diabetes,Diabetes,0.8393666653154795,0.20678377662428182,0.030501996706221668,0.23378116412493516,0.4743927545061962,0.8789319523369323,1,0,0,1,0,0,0.4280036091632979,0,0,0,0.9814006097578822,0,0,0,0.5296839220660523,8.747408095736649,6.218525617612917,1,Confidential,0.06429692784404292
7646,Middle-aged,1,0,1,3,Underweight,0,0.7667682193659687,0.6878653577680167,0.37374315172886763,0.5593904665438189,0,0,0,0,0,Stage 2,Normal,Diabetes,Normal,0.22363858495005212,0.5884149961880633,0.4833588836883218,0.8775147135131511,0.19002352505732456,0.7968694557834027,1,0,0,0,1,0,0.7069369389011129,0,0,0,0.35694189427131934,0,0,0,2.665130304073086,2.6806729830099583,9.944786250927775,0,Confidential,2.543679176262552
7647,Young adult,0,0,0,3,Overweight,0,0.3445216685812745,0.13399096024496068,0.4775672846168432,0.12158873452170638,0,0,0,1,0,Stage 1,Normal,Diabetes,Diabetes,0.566493675934915,0.7422280799172895,0.660021660986752,0.12951960950529212,0.5279996270656501,0.6676369915228579,0,0,1,0,0,1,0.3078164974639241,0,0,0,0.5338085755163096,0,0,0,2.5261407104483937,6.604466003095889,2.441823466451788,1,Confidential,1.250041907519542
7648,Senior,0,0,0,2,Normal,0,0.02725230813950516,0.282340309161387,0.9054220677701705,0.3797391936609057,0,0,0,0,0,Normal,Stage 2,Diabetes,Diabetes,0.6732082714366476,0.22059884867495982,0.8082482718668562,0.7972105887778724,0.6227138904677194,0.31749365271433705,0,1,1,0,0,0,0.81674899819636,0,0,0,0.7312027066141251,1,1,0,2.7470657446329603,2.6456884466204222,3.3319066448099943,1,Confidential,1.2979448254474977
7649,Senior,0,0,2,1,Obese,1,0.9122075782957845,0.8118149467698378,0.289154776331293,0.5928798564448373,1,0,1,0,0,Stage 1,Stage 1,Diabetes,Diabetes,0.36479748448881505,0.9650102224206102,0.19227917548225326,0.07840987143835243,0.0,0.2469850120112426,0,1,0,0,0,0,0.3901942865520359,0,0,1,0.6964787782243824,0,0,0,2.904678263949056,1.967725462623463,1.0333466972549377,1,Confidential,inf
7650,Senior,0,1,0,2,Obese,1,0.8333458413922747,0.5466945470572812,0.3491431768571214,0.02283880109946168,1,0,1,0,0,Stage 2,Stage 1,Diabetes,Prediabetes,0.051293536287028554,0.4423116126783003,0.5514635927715823,0.17762237685216026,0.5295630783804338,0.13985684917606814,0,1,0,0,0,0,0.7717550749088461,0,0,0,0.6633963133294739,0,0,1,3.300035866969856,1.9751466623905425,8.025332880946914,0,Confidential,1.0413558181928524
7651,Senior,0,1,2,1,Obese,0,0.46175854897468127,0.8802418602898491,0.43173799869830115,0.45014928899882334,0,0,0,0,0,Elevated,Normal,Diabetes,Normal,0.6114637197716067,0.6873564023699393,0.6000217083696198,0.4710255116878634,0.7298313317431981,0.7675934782598225,0,0,1,0,0,0,0.47417595276501345,0,0,0,0.8508845441862902,0,0,0,0.7571614485826483,3.1592771228785868,2.527417851752134,0,Confidential,0.8221375025603124
7652,Middle-aged,1,0,2,3,Underweight,1,0.7056518424336694,0.7892297333382212,0.5703193367912601,0.8946095742636685,0,0,0,0,0,Normal,Normal,Diabetes,Prediabetes,0.43580043639027854,0.18614732102800385,0.5650661929437903,0.7746380330706455,0.4283278909772221,0.053523060001713085,1,0,0,0,0,0,0.20333143165324646,0,0,0,0.6294192149601148,0,0,1,2.3108038916036944,8.592011806620793,1.3251131933977622,0,Confidential,1.319237446001012
7653,Middle-aged,0,2,1,0,Obese,0,0.4485583933791947,0.5417991439542206,0.15510207208291102,0.1661325015477232,0,0,0,1,0,Stage 2,Stage 1,Diabetes,Normal,0.8077023069299379,0.10626060669630465,0.6221202277930613,0.31991880947751955,0.7991357184204204,0.001225072776573799,0,0,0,1,0,0,0.5492359578863537,0,0,0,0.8281585263962792,0,0,0,0.6803394966032981,4.692930636327688,6.321971240923543,0,Confidential,0.7784913293861402
7654,Middle-aged,1,3,0,2,Obese,0,0.7431460237474774,0.45678942460890776,0.5687523877530499,0.3277095866929519,0,1,0,0,0,Stage 2,Normal,Diabetes,Prediabetes,0.8928369706591845,0.6909799045493504,0.26246956986888237,0.43387034164590327,0.18485343208560195,0.13822941456155044,0,1,0,1,0,0,0.9689719852855806,0,0,0,0.3291230384067948,0,0,0,2.0046584644688608,1.5200173323939137,6.3611038186263,0,Confidential,1.4198793439081938
7655,Senior,0,1,2,1,Obese,0,0.14329082683982491,0.7277615579623639,0.4599471830210733,0.5941001205991582,1,0,0,0,0,Stage 2,Stage 2,Normal,Normal,0.5481367409393362,0.23185969523656264,0.21105387162541045,0.09554715805752373,0.45229434304608185,0.39860226336915683,1,1,0,0,0,0,0.051213493281928736,0,0,0,0.34800135106664787,0,1,0,3.655519630019064,1.6253374052827618,2.625952414244831,0,Confidential,0.4666294745232029
7656,Middle-aged,1,0,0,2,Obese,1,0.7829390170920363,0.6640342903083599,0.4416203443618251,0.9018736076027286,0,1,0,0,0,Stage 2,Stage 2,Normal,Prediabetes,0.6945931772472637,0.848028458864032,0.5345953697724379,0.7166979866320435,0.8247225260133939,0.5325639279363904,1,0,0,0,0,0,0.82617631993232,1,0,0,0.19445215874223207,0,0,0,3.305746034842767,2.41918534449359,3.387540340288422,0,Confidential,0.6482124022446742
7657,Middle-aged,0,0,0,3,Obese,0,0.07548713010365929,0.725008908553294,0.10716036913046867,0.6140034572964778,0,0,0,0,1,Stage 2,Stage 1,Diabetes,Diabetes,0.10887162268168805,0.29749400321689723,0.0995331394695329,0.17628411890461654,0.4844175162552333,0.6067479491373219,0,1,0,0,0,0,0.6329033985935537,0,0,0,0.2354266512508146,0,0,0,1.6179462559767923,5.821188166972398,0.5027653130510812,1,Confidential,0.20546973660029705
7658,Middle-aged,0,0,1,2,Normal,0,0.9993563917864593,0.7175483018271762,0.04922022998773394,0.14236020170158625,0,0,0,0,1,Elevated,Stage 2,Normal,Prediabetes,0.6413257022244085,0.6392639339164441,0.39464710811343884,0.4691432124537856,0.003815967925856034,0.07682608249223424,0,0,0,0,0,0,0.2743804306943979,1,0,0,0.2557591848759613,0,0,0,0.9938184571070215,7.320624201540054,7.431613650782923,0,Confidential,103.41992275129195
7659,Senior,1,0,1,1,Normal,1,0.2918476342216171,0.2375401588300104,0.13836448559885442,0.8397896164654824,1,0,0,0,0,Stage 2,Normal,Diabetes,Diabetes,0.9973500111460201,0.38318019989568686,0.5034723498051936,0.09761007186063803,0.31258599863377745,0.6572880555903673,0,0,0,1,1,0,0.04608582700806418,0,0,1,0.92487650308963,1,0,0,0.2220867533898318,6.637047493883519,2.958555165589438,1,Confidential,1.6106682705102753
7660,Young adult,1,2,0,2,Normal,0,0.26518962332779406,0.07727775293581146,0.6193516443581378,0.6734757535885686,0,0,0,0,0,Stage 2,Stage 2,Normal,Diabetes,0.8365230039733248,0.7196609946594784,0.9366711661197786,0.9152228249716285,0.6263461914259466,0.5289279756139335,0,1,0,0,1,0,0.9925020950167017,0,0,0,0.4155684609543308,0,0,0,2.469988482545954,1.123366827635306,7.585233212392471,0,Confidential,1.495452800610702
7661,Senior,1,0,1,2,Overweight,1,0.7945843155532946,0.4960012849445838,0.8326467493752687,0.5562394552735109,0,0,0,0,0,Normal,Stage 1,Diabetes,Normal,0.1545981895415946,0.6654964153422979,0.1561345820303668,0.8500708078193253,0.5147709521359531,0.8674739238701032,1,1,0,0,0,0,0.8496573811803056,0,0,0,0.6043514316628277,0,0,0,1.9648254236328035,5.094007771341901,8.728760360438821,0,Confidential,0.30330884324865903
7662,Young adult,0,1,2,2,Normal,0,0.08043900013821015,0.44156695475291524,0.8383111240377611,0.474763972121483,0,0,0,1,0,Normal,Stage 1,Diabetes,Diabetes,0.23068643371204162,0.34420716540917456,0.8941036063897623,0.7196070017910907,0.5326333104817704,0.0859927842901349,0,0,0,0,0,0,0.6440754460024855,0,0,0,0.02094876538658886,0,0,0,1.413783294746258,8.814019866411428,4.521306008516893,0,Confidential,1.6786475588262393
7663,Senior,1,0,0,2,Obese,1,0.4849119353058792,0.9470762230551214,0.17245482556747854,0.2798987619710125,1,0,0,0,0,Stage 1,Stage 2,Diabetes,Normal,0.7934719770156339,0.10071138244757406,0.9922202405794067,0.8561461600810385,0.6363733221886915,0.8197595918792188,0,1,0,0,1,0,0.03739942868131473,0,0,0,0.34898939328804207,1,0,0,0.775939776170961,0.0916731952551841,2.4747691527257434,0,Confidential,1.5591795035763658
7664,Senior,1,1,0,3,Obese,0,0.3798485431299201,0.027883943809090265,0.5076481288517259,0.37498940834991024,0,0,0,0,0,Normal,Normal,Diabetes,Prediabetes,0.7308760936908929,0.08097295976947981,0.7993546089497103,0.9750582128790461,0.8874098372315204,0.1563724911338202,0,0,0,0,1,0,0.07543614787367625,0,0,0,0.06929724924916994,0,0,1,2.024709137951553,7.808988037547694,6.866130264645772,0,Confidential,0.9007727606936174
7665,Senior,0,2,2,0,Normal,1,0.04467277935847703,0.7700637379100921,0.011015489744844524,0.621935078895736,0,1,0,0,0,Stage 2,Stage 2,Prediabetes,Normal,0.8623544194951175,0.6977087745351355,0.44991867374176553,0.14297455631738964,0.07099303082341074,0.2263605568056887,1,0,0,0,0,0,0.1420287936943503,0,0,1,0.6589817605735104,0,0,0,1.1829277562461291,1.1453896276290654,6.037300225099463,0,Confidential,6.337504801857253
7666,Senior,1,0,2,1,Overweight,0,0.2991247587102225,0.7110977858073231,0.7315596439946586,0.22469456037375224,0,1,0,0,0,Normal,Stage 2,Normal,Diabetes,0.37497726448344504,0.18544738367462815,0.7302590406740357,0.299797874016887,0.5645601661604471,0.19126592949664242,0,1,1,0,0,0,0.6805336511184819,1,0,0,0.0854234758662579,0,0,0,1.2862939672925906,2.3267727454217715,3.8870431871336217,0,Confidential,1.2935008249705262
7667,Young adult,1,1,0,2,Obese,1,0.8343919658317741,0.2336216019806381,0.19481016321604844,0.1403805894798893,1,0,0,0,0,Stage 2,Stage 2,Normal,Prediabetes,0.07258324069555443,0.36484842776638887,0.31028143156558485,0.781698846492006,0.052060728796453404,0.6933388481666517,1,1,1,0,0,0,0.7594549093077254,0,0,0,0.12885871498243534,0,0,1,2.730297104715844,4.220044002199918,2.8331323214197246,0,Confidential,5.959990164154647
7668,Senior,0,3,2,2,Overweight,1,0.3879022727085745,0.9120848326458834,0.5227441680864744,0.5781721212014251,0,0,0,0,1,Stage 1,Stage 2,Diabetes,Diabetes,0.09237535415900604,0.7332742202035106,0.1433439689976732,0.24357212116722654,0.8677907016442226,0.5943675618265092,0,0,0,0,0,0,0.02665409378318722,0,0,0,0.039492954832814724,0,0,0,2.151252833681454,4.644362238533545,6.401124645231057,1,Confidential,0.16518265144587993
7669,Middle-aged,1,3,1,2,Underweight,1,0.0683768822151928,0.15237923422442637,0.2083591995283729,0.16239989032451707,0,0,0,0,1,Stage 1,Normal,Normal,Diabetes,0.4831420962342693,0.6011765794231915,0.1110447635896139,0.33503146203038264,0.6809750261115877,0.3148146886050084,0,1,1,0,0,0,0.9855762932950048,0,0,0,0.5976512575391423,1,0,0,3.330864098654161,2.5283783888746223,7.478771633779356,0,Confidential,0.16306730692267354
7670,Senior,0,0,0,2,Underweight,0,0.8685959668744424,0.9357790410647523,0.4269370815278131,0.15324043638334628,0,0,0,0,0,Stage 2,Stage 1,Diabetes,Normal,0.8062445889058989,0.19710821075212914,0.6142901395631504,0.1637737457835422,0.8529679357248967,0.6172624114257839,0,0,0,0,0,0,0.22872755768117434,0,0,0,0.40910316104530875,0,0,0,3.829449209172988,9.484500324480326,4.11520692639621,0,Confidential,0.7201796384539292
7671,Middle-aged,1,2,2,1,Overweight,1,0.05580685199435463,0.9550764721663804,0.5217296521163208,0.31616931059567777,0,0,0,0,0,Normal,Stage 2,Prediabetes,Diabetes,0.40807214219115373,0.8842861015874854,0.06077608917652322,0.3664910879960657,0.9325122366308496,0.7552587996187305,0,0,0,1,0,0,0.3584249250204234,0,0,0,0.34832870507879005,0,0,0,1.6876747124400255,2.177345915443415,4.815525812616034,0,Confidential,0.06517457550595386
7672,Senior,0,0,1,3,Obese,1,0.8050980949978036,0.30446976532729536,0.8644012749036765,0.6970244953897659,0,0,0,0,0,Normal,Normal,Diabetes,Normal,0.8531647771479747,0.6222165904235669,0.2855524475926525,0.9573695261573161,0.012884503937508951,0.47421813362084686,1,0,1,1,0,1,0.20347514313212553,0,0,0,0.720499683631733,0,0,0,0.4675800203846978,4.8438858442576125,8.57094596283124,1,Confidential,22.162471211744634
7673,Middle-aged,0,0,0,3,Obese,0,0.8065894917031612,0.34350990570644896,0.15969616384875585,0.0012927310773476197,0,0,0,0,0,Normal,Stage 2,Diabetes,Normal,0.9265261797460367,0.03602131979630842,0.14734635403941088,0.5832723735149299,0.889107894820043,0.34540728297339696,0,0,1,1,0,0,0.10222895074971505,0,0,0,0.2935423030384862,0,0,0,1.884356732065984,3.72515707023384,0.4235048566624388,0,Confidential,0.16572381698312783
7674,Senior,1,0,2,3,Obese,1,0.05013585756426116,0.6141481921186909,0.19554406258253373,0.7750893004730427,0,0,0,1,0,Normal,Normal,Diabetes,Normal,0.7078731582177681,0.8301790682675316,0.29392203886150625,0.7618314611321284,0.4036862731415767,0.1007940035333715,0,1,0,1,1,0,0.6418502367698915,0,0,0,0.777816693654398,0,0,0,0.0406585021723633,7.927256017086329,9.103394550256908,1,Confidential,0.728095202678405
7675,Young adult,1,1,1,3,Normal,0,0.9867829325078082,0.9753249661650294,0.5006266920725589,0.7758855613841381,0,0,0,0,0,Normal,Stage 2,Prediabetes,Diabetes,0.19468521991187582,0.8909023805961337,0.32498611176290426,0.8429418717535659,0.10692684751087056,0.725384585046255,1,0,0,0,0,0,0.9205753535246015,0,0,0,0.82092766462427,0,0,1,2.1003320022282,0.6060717477784772,8.972606302207621,0,Confidential,3.0393312748686903
7676,Middle-aged,1,0,0,2,Obese,0,0.8679517678729111,0.690854652448676,0.14643900462527695,0.5666642304608788,0,0,0,0,0,Stage 2,Normal,Diabetes,Diabetes,0.7780080633723071,0.509656402405912,0.4446552508226327,0.9171931993954443,0.3013616599317249,0.15945878842185693,1,0,1,1,0,0,0.2948712290461922,0,1,0,0.4595482073892573,0,0,0,2.9939976962473303,8.680149386297394,0.2208560739073106,1,Confidential,1.4754871303913433
7677,Senior,0,1,2,2,Normal,0,0.8222758194510554,0.6923209504636275,0.3148930362435185,0.12025237976445247,1,0,0,0,0,Stage 1,Stage 1,Diabetes,Prediabetes,0.6485825311510852,0.07149544903139556,0.9112344447991358,0.7336100568705377,0.8544631615657068,0.5122480396000644,1,1,0,1,0,0,0.904343174750037,0,0,0,0.43500240109250915,0,0,0,2.0936564596799085,0.224839015260132,6.304559440302297,0,Confidential,1.066440878655789
7678,Senior,0,2,0,2,Overweight,0,0.5563541325870391,0.7344656475384367,0.3965046656577381,0.3982270632057491,0,0,0,0,1,Normal,Stage 2,Prediabetes,Diabetes,0.6103728001505491,0.019885626225315325,0.08362021560729271,0.702218207017925,0.7471494763332691,0.8226477141974835,0,0,0,0,0,0,0.5108851188091513,0,0,0,0.44905889156775786,0,1,0,1.817213602314752,1.5086612068743577,2.889846233397162,0,Confidential,0.1119189911203171
7679,Young adult,1,2,0,3,Obese,1,0.3790010032030703,0.7134239573506792,0.852909560004004,0.7899698659634599,1,0,0,0,0,Stage 2,Stage 2,Diabetes,Prediabetes,0.47497170352251283,0.9927638314649626,0.4490750422425047,0.6732451021392885,0.18477248719574307,0.9521527084103405,0,0,0,1,0,0,0.7185870607307637,1,0,0,0.41090339968142214,0,0,1,1.3719203500659345,2.208232110546149,6.221770300723191,0,Confidential,2.430421590670945
7680,Middle-aged,1,1,1,3,Obese,0,0.468137453576117,0.4870770472387432,0.544962360824256,0.7154703532438415,0,0,0,0,1,Stage 1,Stage 2,Prediabetes,Diabetes,0.5058751806321385,0.37576989425112123,0.7651956414114123,0.5338191430368779,0.22169981841936548,0.3076367789625323,0,0,1,0,0,0,0.7884452082996659,0,0,0,0.39182841368511545,0,0,0,2.390505578780241,7.269660150346892,4.290049561903664,0,Confidential,3.451494218024007
7681,Young adult,0,0,0,2,Obese,0,0.18959805329293591,0.7671027014435818,0.42506687590740716,0.9671911711022855,0,0,0,0,0,Normal,Stage 2,Prediabetes,Diabetes,0.6319615516355944,0.699645296777219,0.9281267477280895,0.25881537608732247,0.12032330165813354,0.013712005659207244,1,0,1,1,0,0,0.8579233699094242,1,0,1,0.37909497896156574,0,0,0,2.5905499380290418,1.8747540095437052,0.6161047642935913,0,Confidential,7.7136077130356115
7682,Young adult,0,1,1,3,Underweight,1,0.2817757540266428,0.2952636645426434,0.19256775523770328,0.5789594530833772,0,0,0,0,0,Normal,Stage 2,Diabetes,Diabetes,0.013434188218822057,0.7438829269047335,0.976533132045946,0.08872954210636397,0.43884459505783757,0.36375526191824503,1,0,0,0,0,0,0.28305138861615187,0,0,0,0.43982392557020794,0,0,1,1.5884566922334886,7.154943511197523,6.977619392236386,1,Confidential,2.2252367763974483
7683,Middle-aged,1,3,1,1,Obese,0,0.03147331901259604,0.928265261856842,0.79387537833461,0.9482054365402822,0,0,0,0,1,Normal,Stage 2,Normal,Prediabetes,0.0949445598370751,0.5328717233100216,0.5528919165100736,0.17740336567841836,0.28954144034067975,0.34175720746972604,0,1,0,1,1,0,0.08695622948006922,0,0,0,0.6100888418829286,0,0,0,3.396501986476134,2.917174167004651,1.424060466866507,0,Confidential,1.9095432966677617
7684,Senior,0,0,1,3,Obese,0,0.2860256567048895,0.4658274998402451,0.3475522934785553,0.3639312604716026,1,0,0,0,0,Elevated,Stage 2,Normal,Normal,0.726962189828835,0.8695152190582243,0.7902449072807423,0.6979688649707079,0.2103129856941155,0.30017985444917217,0,0,0,1,1,0,0.37584069536836995,0,0,1,0.9011454883635504,0,0,1,1.739365552597778,8.744162229311996,3.0300803844483646,0,Confidential,3.7574708222253776
7685,Senior,0,0,2,3,Obese,0,0.2083825297391327,0.413067184826929,0.925741208237599,0.902525945056318,0,0,0,0,0,Stage 2,Stage 2,Diabetes,Normal,0.5816374757086293,0.15302738528200477,0.7182631375281257,0.6827469677693192,0.43074196602393877,0.9511100363786695,1,0,0,0,0,0,0.9741460934068078,0,0,0,0.6556759894274039,0,1,0,0.9053551848000536,0.1601034331903961,8.885941947640704,0,Confidential,1.6675021107374703
7686,Middle-aged,1,3,0,2,Obese,1,0.15311426680057422,0.7206081050679657,0.5831887776141038,0.7358749865504378,0,0,0,0,0,Elevated,Normal,Diabetes,Diabetes,0.21364048662837648,0.3136664063383071,0.06949984382974184,0.40518146707405384,0.7825060759640081,0.5478549295087871,0,0,1,0,0,0,0.5764563935599749,0,0,0,0.6179814474111363,0,0,0,2.315179640885772,7.559981524145342,3.5498131143651435,1,Confidential,0.08881700214803
7687,Middle-aged,1,0,1,1,Obese,0,0.026230291129632013,0.7440264833256551,0.4887022462654098,0.3290191039127789,0,0,0,0,0,Stage 2,Stage 1,Diabetes,Diabetes,0.21280311484189174,0.028287487123806063,0.21625151002055132,0.35946191492020524,0.7534479341460842,0.8852654266152427,0,1,0,0,0,0,0.22405062124790465,0,1,1,0.9680754271642448,0,1,0,2.3627586791141746,6.153578241924188,0.2939844828384608,1,Confidential,0.2870158642954389
7688,Young adult,1,0,1,2,Obese,0,0.1448923167311379,0.9573921526592305,0.08925261334555101,0.2650155856812575,0,0,0,0,0,Normal,Stage 2,Normal,Normal,0.4092409363445476,0.8646740073987406,0.522807722683378,0.509149208013878,0.018354771124650116,0.9390819471330998,0,0,0,0,0,0,0.6956679552720295,0,0,0,0.9401257265378914,0,0,0,3.001409935178726,7.208971474535835,6.653352763009669,0,Confidential,28.483478172128063
7689,Middle-aged,0,0,2,1,Normal,0,0.24960654519365993,0.7574574930332296,0.5365342031128166,0.3368484519896343,0,0,0,1,1,Normal,Stage 2,Normal,Normal,0.7787253106651377,0.7426467114898967,0.6060529310279128,0.48003477399338584,0.04239813097108058,0.17699409944422287,0,0,0,0,1,0,0.006930238843017098,0,0,1,0.20067743627426007,0,1,0,2.0596196741539248,6.883367824825585,5.0318407825962925,0,Confidential,14.294331310059317
7690,Middle-aged,0,1,1,1,Normal,0,0.8451631739082958,0.19552182102143814,0.16041974731105246,0.5686056849075128,0,1,0,0,0,Normal,Stage 1,Diabetes,Normal,0.6094878348479049,0.5453890736445436,0.1368026754893943,0.10782995380289212,0.04525256129208821,0.960560609240001,0,0,0,0,0,0,0.11112579594606768,0,0,0,0.8759046933692454,0,1,1,3.2697871331620454,3.3884302396509303,6.402283999784047,0,Confidential,3.0230924302026714
7691,Young adult,0,0,1,0,Obese,0,0.7163268793785479,0.340485784053731,0.5163789557507495,0.8950352795893782,1,0,0,0,0,Stage 2,Normal,Normal,Diabetes,0.23207491357627713,0.45543843359865954,0.24622866665996268,0.060918784630623335,0.02927108040326959,0.2817545366016394,1,1,0,1,0,0,0.5134977689518385,0,0,0,0.7081540510973998,0,0,1,3.1002933923233,3.728171631792856,1.5881690832917073,0,Confidential,8.41201155774417
7692,Young adult,0,1,2,2,Normal,0,0.4012317349270994,0.9469804614392967,0.894834373325638,0.5269300336157486,0,0,0,0,0,Stage 2,Normal,Diabetes,Diabetes,0.3867660865444875,0.9930426216185914,0.8538267376618256,0.08461926652909862,0.9986184375780298,0.6145889522622056,0,0,0,1,1,0,0.15433484924832336,0,0,0,0.18475164562673557,0,0,0,2.87893849115972,8.106426336607024,4.011553496865655,1,Confidential,0.8550079845637834
7693,Young adult,1,2,1,2,Normal,1,0.9314308253240268,0.8329175043019342,0.28986690998989506,0.2426389575250426,0,0,0,1,0,Normal,Stage 1,Normal,Diabetes,0.8622141488651954,0.8487699652255979,0.38037515679692446,0.36155803636834566,0.9050351139460071,0.7651913289602719,1,0,0,0,0,0,0.4876193339947841,0,0,0,0.24684642474286497,0,0,0,1.8270141882388216,2.8693378307479844,7.197420951326978,0,Confidential,0.42028773352059906
7694,Middle-aged,1,0,1,2,Obese,0,0.3449064810044003,0.644222760713278,0.3069382777007488,0.03368070553090041,0,0,0,0,0,Stage 1,Stage 2,Diabetes,Diabetes,0.28854660638918544,0.7767518919083087,0.33684648288778396,0.575268998893347,0.7411325619341906,0.4591481363697093,0,1,0,1,0,0,0.4102112767791631,0,0,0,0.3825129212136678,0,0,0,1.5433185945413914,3.708429895657667,0.4204724737379628,1,Confidential,0.4545023389725177
7695,Senior,0,0,2,2,Normal,0,0.10226191115381127,0.4059684788464167,0.2599606194103888,0.04673289466723074,1,0,0,0,0,Normal,Stage 2,Diabetes,Normal,0.2848849530390475,0.9375688459508608,0.9784678784099123,0.7224303472095306,0.6356482937140464,0.22095452298587379,0,1,0,0,0,0,0.8149406297859303,0,0,0,0.8060038299894806,0,1,1,3.14228662587304,4.111730668757732,8.884946317067314,0,Confidential,1.5393227482650762
7696,Senior,0,0,1,3,Obese,1,0.3101152311297496,0.10607425470324151,0.4255284503018604,0.528361971469051,0,0,0,0,0,Stage 2,Stage 1,Normal,Prediabetes,0.542640055555413,0.039520539291843945,0.8462932551232305,0.7507743605347519,0.558292807657413,0.2403479367949146,0,0,1,0,1,0,0.2683268586914798,0,1,0,0.41581298420134094,0,0,1,3.65451803238744,0.9161053899071624,0.3021251047526363,0,Confidential,1.515859139712479
7697,Young adult,0,0,1,3,Obese,1,0.7440574366404996,0.6319891716765524,0.9186002301094396,0.38228086780271064,1,0,1,0,0,Stage 1,Stage 1,Prediabetes,Prediabetes,0.7651645133096738,0.14120764295271926,0.49508368481274245,0.43983166774447074,0.19805523199820263,0.8307359042814213,0,0,0,0,1,1,0.19624350454880313,0,0,0,0.29720107929570166,0,1,0,2.9759453028608864,3.8728474919422737,9.786986390687211,0,Confidential,2.4997253534672357
7698,Young adult,1,0,2,2,Overweight,0,0.4102301227103498,0.22848676323200034,0.7872349397727088,0.2210534943932011,0,0,0,0,0,Stage 2,Normal,Diabetes,Diabetes,0.400344707962477,0.035698817166919486,0.05276584839148746,0.7574062119831877,0.7645344490787078,0.872438177506675,0,0,0,0,0,0,0.20525095068378296,0,0,0,0.9472890413565805,0,0,0,1.8407197724908348,8.708027915921766,6.015235166755158,0,Confidential,0.06901696641017582
7699,Young adult,0,2,2,1,Overweight,0,0.6661345942071429,0.9207705344941557,0.06464199108863745,0.8745672694204764,0,0,0,0,0,Normal,Stage 2,Prediabetes,Diabetes,0.04752768728548236,0.05217138080645976,0.3620824490122887,0.5304523766281166,0.09424280881827757,0.8296023188948835,1,0,0,0,0,0,0.1898354472745052,0,0,0,0.7728525939330105,0,0,0,1.6758712365514263,6.228079736611551,1.1012737874028355,0,Confidential,3.842016739022171
7700,Middle-aged,1,0,1,0,Obese,0,0.5442781050853657,0.1088569449928706,0.7191448132363235,0.1451268852807036,0,0,0,0,1,Stage 2,Stage 2,Diabetes,Diabetes,0.2650605794060661,0.05216684115221161,0.3946689379178172,0.3930568695607222,0.014454569142052287,0.19909001016755737,0,0,0,0,1,0,0.2605258794787753,0,0,0,0.6294560049535749,0,0,0,3.586765774286405,1.613906107797286,3.217898403894542,1,Confidential,27.304095614280023
7701,Senior,1,3,0,3,Obese,0,0.8700697599811493,0.9372848541184391,0.025190591164665942,0.9371721155677707,0,0,0,0,0,Stage 2,Stage 1,Diabetes,Diabetes,0.7485347567085965,0.3513598925885603,0.6027972736164955,0.9805224439112903,0.22700960461720943,0.766402964139409,0,1,0,0,0,0,0.8639786825539328,0,0,1,0.9704760853396239,0,0,1,2.257811812175384,6.098904349670836,8.519796960344841,1,Confidential,2.6553822453149096
7702,Senior,0,0,2,1,Obese,0,0.9026694423434704,0.5797366278924201,0.7338516673642758,0.6806229674997383,0,0,0,0,1,Stage 2,Stage 2,Prediabetes,Normal,0.432288057563219,0.7171807058128142,0.7189430759387203,0.8792735154457425,0.037860445671832665,0.9988058396300077,0,0,1,1,1,0,0.614818842885299,1,1,1,0.806613720866666,0,0,1,2.6072692312529737,7.0592154670971325,8.548827442323919,0,Confidential,18.989292470838453
7703,Young adult,1,0,2,3,Obese,1,0.42419594615745165,0.8599122052949559,0.2778869895402199,0.036396604600776095,0,0,0,0,0,Normal,Normal,Normal,Diabetes,0.946946388689883,0.13862995075906487,0.6051731724751166,0.8147143399987031,0.44836120444849503,0.4316520259057449,0,0,0,0,0,0,0.8424395720567139,0,0,1,0.5608601083209216,0,0,1,3.9617174371858255,9.36047335855909,4.99946303049501,0,Confidential,1.3497447291843805
7704,Middle-aged,0,0,0,2,Normal,0,0.3943132434584281,0.2534988398531554,0.20393438370073189,0.7046472387228103,0,0,0,1,0,Normal,Normal,Diabetes,Diabetes,0.705547688692706,0.7941614256388911,0.8520520568951888,0.40364654731799937,0.43558352334650996,0.5319917615053998,0,0,1,0,0,0,0.12079364578234135,0,0,0,0.5020351188922451,0,0,0,2.05437953069051,8.953687284585692,7.524058619570794,1,Confidential,1.9561163616773791
7705,Young adult,0,0,2,2,Obese,0,0.4286277744120558,0.2961475727933385,0.2242874100230151,0.8873360665301938,1,0,0,0,0,Elevated,Stage 1,Normal,Prediabetes,0.4148128966676634,0.3152246002754157,0.3353534238204412,0.6722209912437069,0.6559305479670788,0.5079092779394143,0,1,1,0,0,0,0.8069227090508493,0,0,1,0.017436936657777374,1,0,0,1.767705866909712,1.7077682206263056,0.5143842113952624,0,Confidential,0.511263616033435
7706,Senior,1,0,1,1,Obese,0,0.31050330210984295,0.4685826302827268,0.43483800474174156,0.0667102087514454,1,0,0,0,0,Normal,Stage 2,Diabetes,Diabetes,0.5006162559352169,0.20865022312175818,0.08157680011967128,0.36335499589939907,0.2632756944378497,0.4693910141055372,1,1,0,0,0,1,0.9122228821584619,0,0,0,0.30791513650949587,0,0,0,0.7896310642564002,5.264234132902571,4.0616520140418775,1,Confidential,0.30985313814803644
7707,Young adult,0,0,0,2,Obese,0,0.06792140999382687,0.5065227071701349,0.1654589127045702,0.9453425821968499,0,0,0,1,0,Stage 1,Normal,Diabetes,Diabetes,0.9442831979425106,0.4156555862578101,0.6174879722119391,0.7717973172579085,0.1030944283132732,0.47337511268236754,1,1,0,0,0,0,0.33208806081989584,0,0,0,0.6709614741295438,0,0,0,1.8945561092675416,9.988898082609191,2.496377155886212,1,Confidential,5.989537769544416
7708,Young adult,0,0,0,1,Obese,1,0.6012894753631886,0.6735659376751983,0.03693732789602013,0.18400265818873762,0,0,0,0,0,Stage 2,Stage 2,Prediabetes,Diabetes,0.44615385077504466,0.7726294316118648,0.36865152218302844,0.37467938475915724,0.3595239620883607,0.728825458939315,0,1,0,1,0,0,0.8041140561250363,0,0,0,0.0005616706365143421,0,0,1,1.2258867395900617,3.718873902875349,4.947847641187616,0,Confidential,1.025387904721701
7709,Senior,1,1,1,3,Obese,1,0.9110852487816826,0.12894066317679123,0.5022711869718478,0.2297140508635963,0,0,0,0,0,Stage 2,Stage 1,Diabetes,Diabetes,0.7959891976977294,0.18350332229923827,0.16166480139473305,0.8301519381287095,0.15617151197358042,0.1916222210729492,0,0,1,1,1,0,0.4177935178206048,0,0,0,0.48215298563492087,0,0,0,2.009329605031926,4.586039280543298,0.1394399824425163,1,Confidential,1.035174721379927
7710,Senior,1,0,2,1,Obese,1,0.7158944794501836,0.2039291284241966,0.8059844552347871,0.033179258605056994,0,0,0,0,0,Stage 1,Stage 2,Normal,Diabetes,0.4675222594386046,0.6666248998926217,0.15405294003904668,0.14360306396245626,0.9643211575362849,0.24332411833683656,0,1,0,0,0,0,0.5913012861172112,0,0,0,0.5943866151840037,0,1,0,1.368484955721912,7.787672701426653,0.6804006027673748,0,Confidential,0.15975273261931938
7711,Senior,1,0,2,2,Overweight,0,0.05990104105020425,0.3317859437562278,0.4144528480642928,0.389240215305109,1,0,0,0,0,Stage 2,Stage 2,Diabetes,Diabetes,0.9942884697529601,0.035137329098740414,0.6856150922590034,0.8652068154861978,0.27181593198555165,0.07904854333772116,0,0,0,1,0,0,0.28155914784186353,0,0,0,0.5113114520639712,0,0,0,1.6433426441272871,2.112327583512883,0.984699447620685,1,Confidential,2.5223506482888842
7712,Middle-aged,0,3,1,1,Obese,0,0.905461890261086,0.6741138048194585,0.6607858270779833,0.7796919671127355,0,0,1,0,0,Elevated,Normal,Diabetes,Normal,0.46897485034914055,0.8097388245891713,0.5284795833574125,0.2369861902062385,0.7027622324218757,0.6012537117163897,0,1,0,0,0,0,0.5866016664851172,0,0,0,0.26866551684870305,1,1,0,2.646679012508806,3.992000108064973,0.6265898370128697,0,Confidential,0.7520033931478556
7713,Middle-aged,1,0,0,0,Normal,1,0.48876296102727695,0.92621889964993,0.9038717048776937,0.6726409612348071,0,0,0,0,0,Elevated,Normal,Normal,Diabetes,0.31157448112082675,0.2743690545957028,0.06144160655644626,0.32120561602923875,0.7404844594507163,0.3852129544138908,0,0,1,1,0,0,0.7637597862908531,0,1,0,0.5681197163739643,0,0,0,2.513609396535154,0.7595064040232746,0.0992417818429058,0,Confidential,0.08297487647751987
7714,Middle-aged,0,1,1,2,Obese,0,0.5151133292550008,0.19241265865242999,0.7222866761840556,0.9353840497256941,0,0,1,0,0,Normal,Stage 1,Diabetes,Prediabetes,0.6591197221419034,0.3221439405354634,0.23771920748129705,0.14676948799714928,0.47049053176811007,0.38108665066440905,0,1,0,1,1,0,0.5619619030035805,0,0,0,0.16002417611187775,0,0,0,1.736982252096257,0.2597383182402879,2.799522053133616,1,Confidential,0.5052582176052405
7715,Young adult,0,0,1,3,Obese,0,0.15836191548127762,0.5617196565047221,0.5023042211066828,0.8551355435734552,0,0,0,0,0,Stage 1,Stage 2,Diabetes,Normal,0.2256183541752958,0.3075875133769904,0.7800365799767681,0.4809961053938843,0.5860349205164036,0.008330906515920916,1,1,0,0,0,0,0.5581728416269405,0,0,0,0.5631046123464969,0,0,0,1.4549422734040591,3.4498499774300004,3.1321031766438723,0,Confidential,1.3310411251421908
7716,Middle-aged,1,0,1,2,Obese,0,0.9436042554102207,0.04553487609854021,0.18498658394329723,0.35877153691877617,1,0,0,0,0,Stage 1,Stage 2,Prediabetes,Normal,0.3861348289408409,0.8598334022468452,0.70738717473803,0.4009388689004925,0.03292365014376275,0.18379275372110623,1,1,0,0,0,0,0.5444249060169142,0,0,0,0.11648890061626062,0,0,0,3.1753945352933552,0.4360085183360684,3.6085021968492894,0,Confidential,21.485684960482477
7717,Middle-aged,1,2,1,3,Obese,0,0.12255109467652432,0.49956459219936356,0.7541806347334851,0.9999999999999999,0,0,0,0,0,Stage 1,Stage 2,Diabetes,Diabetes,0.9346880259846975,0.7507030842680256,0.027849563276159506,0.7541157082642762,0.41713828319637614,0.6240530863847407,1,0,1,0,1,0,0.5174839463552001,0,0,0,0.11018941994497705,0,0,0,1.7758069977874924,2.957924986799446,0.5203175749973521,1,Confidential,0.06676338374593341
7718,Young adult,0,0,0,1,Obese,0,0.0,0.5257540547734361,0.9613395119061618,0.08387182329349696,0,0,0,0,0,Normal,Stage 1,Prediabetes,Normal,0.370237723972639,0.40766868733000283,0.1887744376828695,0.5906491085732413,0.5289161335775006,0.16952266271354535,1,1,0,0,1,0,0.9903655097071781,0,1,0,0.4110482445271737,0,0,0,1.2185631335164748,9.672242121658792,9.484635535133451,0,Confidential,0.35690807237440586
7719,Young adult,1,3,1,2,Normal,0,0.6130442335914043,0.4126130776859486,0.915579253993783,0.2092965120573147,0,0,0,1,0,Stage 2,Stage 1,Diabetes,Normal,0.7753889607391932,0.9191103396487715,0.26594009515017136,0.879164589818618,0.996614291671974,0.07725292509772305,0,0,1,0,0,0,0.6322803852049671,0,0,0,0.6343071681534259,0,0,1,2.3843867299534534,0.93943291901735,3.4327203237684776,0,Confidential,0.2668435495782585
7720,Middle-aged,0,2,0,2,Overweight,0,0.010891290013923173,0.8318399560890817,0.8037624393645332,0.9130515651667509,0,0,0,0,0,Stage 2,Normal,Normal,Normal,0.6616919298266867,0.17077529906553635,0.4928192260065263,0.4995225882070556,0.32760408156205445,0.33395951102040267,0,0,0,1,0,0,0.8526765582010455,0,0,0,0.7692238536428104,0,0,0,2.031906672262996,0.1341607794684274,0.6866147105667086,0,Confidential,1.5043134495049841
7721,Senior,0,0,0,2,Obese,0,0.8908770767764748,0.4856159434674292,0.39832289019532885,0.34914300387277375,0,0,0,0,0,Stage 2,Stage 2,Prediabetes,Diabetes,0.6420815944777333,0.994543953139503,0.26309713703261206,0.91163797115355,0.12450800156589314,0.311754416871035,0,0,0,0,0,0,0.141211789605675,0,0,0,0.6253798868764929,0,0,1,0.2804061834578917,0.0170444575775019,8.34632735579998,0,Confidential,2.1130942085948883
7722,Young adult,0,0,1,2,Obese,0,0.378670342396821,0.8364003200411334,0.8996510542026364,0.04010629671824095,0,0,0,0,1,Stage 2,Normal,Prediabetes,Normal,0.09606926566987352,0.44151881159588824,0.008740721945289076,0.019557500077844236,0.7872096680315879,0.07544239937055003,0,0,0,1,0,0,0.3238294824662297,0,0,0,0.9882270966511485,0,0,0,0.4407843197496675,7.242520956212402,0.6352414353354452,0,Confidential,0.011103423014538412
7723,Young adult,1,0,2,2,Obese,0,0.5385390694598867,0.3099707042986882,0.3300007341652168,0.7139071486120593,0,0,0,0,0,Normal,Normal,Diabetes,Normal,0.04165757962002338,0.7776337690506091,0.13244374128017666,0.5813743974176862,0.525858145953957,0.6464325971687157,0,1,0,0,0,0,0.06064624824261074,0,0,0,0.8988975958798497,0,0,0,3.168035507566679,1.1140045576417523,5.469998781818255,0,Confidential,0.25186210824957567
7724,Young adult,1,0,1,1,Underweight,0,0.5312568069041921,0.3016794751214353,0.7394834976520435,0.10003757794943635,0,0,0,0,0,Stage 2,Stage 2,Prediabetes,Diabetes,0.12384413801174536,0.4959912234979412,0.24028510954818816,0.9978250337876937,0.5800988114556149,0.6031734414798039,0,0,1,1,0,0,0.7995657382599208,0,0,0,0.5288620125511888,0,0,0,1.609298103913777,7.593742598655902,4.61470503529836,0,Confidential,0.4142141042234717
7725,Young adult,0,0,2,1,Normal,0,0.18976915839329841,0.49941382194526385,0.8890242800807503,0.9348803656886443,0,0,0,0,0,Normal,Stage 2,Diabetes,Normal,0.8904227093399908,0.5776207783002685,0.3535941065729493,0.5407394630993201,0.05748569253172914,0.419575176973096,1,0,0,0,0,0,0.11650308442072548,0,0,0,0.41919762672560607,0,0,0,0.6976660491961137,4.0193466872723285,3.6064096244291566,0,Confidential,6.150993247194223
7726,Senior,0,1,0,2,Normal,0,0.9985965571940295,0.576102887202269,0.5857380906445299,0.6628045515626274,0,0,0,0,0,Stage 2,Normal,Prediabetes,Diabetes,0.08611815205751021,0.44612442555496035,0.17595529296572265,0.39582355137573916,0.7757425654737786,0.2592620798210151,1,1,1,0,0,0,0.13900956711691415,0,0,0,0.4670316440541027,0,0,0,2.7429259972062128,2.824260650645931,4.599165158879933,0,Confidential,0.22682175865682883
7727,Senior,1,0,2,1,Obese,0,0.9285533309631863,0.6367798872863298,0.7884384843278797,0.07127678919235458,0,0,0,0,0,Normal,Normal,Normal,Diabetes,0.6698571986716851,0.08735976660522139,0.21713735395472522,0.3521170031343381,0.18068203476896372,0.7100512226782895,0,1,0,0,0,0,0.7913776599918588,0,0,1,0.8765447680689126,0,0,0,3.92953741848377,3.6927729419285846,2.2816150940461,0,Confidential,1.201765046715223
7728,Middle-aged,1,3,1,1,Overweight,0,0.9273165605114831,0.8519168570842347,0.32611251255334506,0.412207712961668,0,0,0,1,0,Normal,Stage 2,Normal,Normal,0.8541168575940427,0.6424607517015118,0.8475500650907724,0.5198180369680694,0.600130380377564,0.9706603116690249,1,0,0,0,0,0,0.5311407381538067,1,0,0,0.45818588078526246,0,0,0,3.285511308170108,2.406418535552586,4.203394008995326,0,Confidential,1.412276553234228
7729,Middle-aged,0,1,0,2,Overweight,0,0.6896793690581033,0.8288704616324462,0.3326504575868177,0.34949349979548827,0,0,0,0,0,Normal,Stage 2,Diabetes,Normal,0.5870653814998796,0.6723929389674718,0.44316932300726575,0.20206076550578494,0.10693106538703379,0.6228509500714137,1,0,0,0,0,0,0.47663820331415746,0,0,0,0.6617907439780659,0,0,0,3.972564897698713,4.255759876789242,7.550504188952899,0,Confidential,4.1444394236906525
7730,Senior,0,1,0,2,Underweight,0,0.7550747845117282,0.21389344766429189,0.8020124026982584,0.8875433097899371,0,0,0,0,0,Stage 2,Stage 1,Prediabetes,Normal,0.7018346638488443,0.5762712387564859,0.22259802674590246,0.9813799341700866,0.8553329358218877,0.8320647230107007,0,0,1,0,0,0,0.7448739701402662,0,0,0,0.7252142911627508,0,0,0,0.696513546649101,1.4854899813135958,0.3835249151935527,0,Confidential,0.26024722938092926
7731,Senior,0,1,2,2,Obese,0,0.7233489436634332,0.027466640466528105,0.04887610563406097,0.7156052527048727,0,0,0,0,0,Stage 2,Stage 1,Diabetes,Normal,0.44379917215962905,0.39666042540128643,0.417865753471363,0.7002658190640794,0.13949793155471274,0.5367402414977892,0,1,0,0,0,0,0.5919682066570241,0,0,0,0.5179733741084629,0,0,0,3.989696315148259,9.195805922774571,0.6178571172974834,0,Confidential,2.995497845840611
7732,Middle-aged,1,1,0,2,Obese,0,0.18764064386058063,0.4600222651041156,0.0003223855162028906,0.7544808234617674,0,0,1,0,0,Stage 2,Stage 1,Diabetes,Diabetes,0.21308501712660083,0.7558875749798523,0.1947816829467408,0.3421315405074103,0.7748347264311053,0.17949769805467428,0,0,1,1,0,0,0.06393682775298323,0,0,1,0.7113641589261929,0,0,0,1.5416848398483043,8.146577167907695,8.865501426220925,1,Confidential,0.251384813176749
7733,Senior,1,0,2,1,Normal,0,0.36823400095470116,0.8643486697781553,0.7784727536629384,0.5309071966533291,0,0,0,1,0,Normal,Normal,Diabetes,Diabetes,0.171800231029704,0.6345747256775508,0.1803633149932633,0.25229044469138945,0.5249295326674788,0.43611218473453495,0,1,0,1,1,0,0.321392284144597,1,0,0,0.9837414322699543,0,0,0,1.9379160110594855,8.87519364324991,3.367355834533817,1,Confidential,0.34359528997488514
7734,Middle-aged,0,0,2,3,Overweight,1,0.9955085168373031,0.9014531563082605,0.8041215301461111,0.2762790307704429,1,0,0,0,0,Elevated,Normal,Diabetes,Normal,0.16348887530279094,0.29090431059283844,0.6117232874845142,0.27346742255516093,0.23763525653954837,0.28860428660341486,0,1,0,0,0,0,0.8243438352862674,0,0,0,0.5172712959479353,0,0,0,2.2882569166357505,0.0597586755799317,6.571567929975193,0,Confidential,2.574210983641261
7735,Senior,0,2,2,3,Underweight,1,0.5301988124842708,0.20682409557559994,0.9172824078924762,0.040338705847957734,0,0,0,0,1,Stage 2,Stage 2,Diabetes,Diabetes,0.5463269332724962,0.4019073710732458,0.5106981401599924,0.3267129875863067,0.27819788407649204,0.9295974692475415,0,0,0,1,0,0,0.36566845382065055,0,0,0,0.36259364010910117,0,0,0,2.3683521314720983,1.776253639397073,3.463577895658696,1,Confidential,1.8357369677893491
7736,Young adult,0,0,0,0,Normal,1,0.164560107715083,0.7516230048646916,0.24778102082625125,0.73968451279021,1,0,0,0,0,Elevated,Stage 2,Prediabetes,Diabetes,0.13300558801518614,0.7243541684298238,0.4845278204632948,0.013014990365289913,0.35507990739959383,0.6613897018165209,1,0,0,0,0,0,0.582787018356724,0,0,1,0.7120149355696509,1,0,0,3.200363383410436,9.922992810781144,8.210986785900134,0,Confidential,1.364559949369439
7737,Middle-aged,1,1,1,0,Underweight,0,0.5791379718168654,0.8343292129762953,0.31381203915702666,0.13430840390821197,0,0,0,0,0,Stage 2,Normal,Normal,Diabetes,0.6060169288575448,0.3880401044538654,0.8187486521868277,0.4733370688967313,0.27632486419726554,0.5153227604233303,0,1,0,0,1,0,0.28326088257464604,0,0,0,0.42105324911287634,0,0,1,3.782486616851173,8.671951874429348,6.255800640600013,0,Confidential,2.9629930501018222
7738,Middle-aged,0,3,0,2,Overweight,1,0.14933211215537928,0.93501756508861,0.4313607322209542,0.5559226202698849,0,1,0,1,0,Normal,Stage 2,Diabetes,Normal,0.626380077795505,0.7348473716069349,0.3964197107459586,0.8467607910998909,0.06811265381328291,0.28070948532062734,0,0,0,0,0,0,0.3760707738383296,0,0,0,0.9378743915168324,0,0,0,0.6704198728824999,4.667778992527898,7.202839011170156,0,Confidential,5.820059688654376
7739,Senior,0,0,1,3,Obese,0,0.5753501752040712,0.8527780786948289,0.26555777227353855,0.10044048553546159,0,0,0,0,0,Stage 2,Stage 2,Diabetes,Prediabetes,0.7688174355717944,0.3022084352180373,0.5966352441705964,0.8018831317281578,0.7223550520264033,0.7515868930788213,0,0,1,1,0,0,0.9120494272872329,0,0,0,0.01759492455519964,0,0,0,0.8716495150468146,5.646574718156159,2.3456909506181134,0,Confidential,0.8259584293026976
7740,Middle-aged,0,0,2,2,Obese,1,0.47295912573767396,0.2744934401601689,0.5329397739071362,0.7885593089153354,1,0,0,0,0,Stage 2,Normal,Prediabetes,Diabetes,0.38431945210993834,0.4791321896163475,0.2585503496587269,0.5846716529987588,0.5834819019365636,0.6669263521471902,0,1,1,0,0,0,0.8415904717903004,0,0,0,0.24618266706084213,0,0,0,0.1743293474800396,3.790492827696324,7.874592464112279,0,Confidential,0.443116313977527
7741,Middle-aged,0,2,1,1,Obese,0,0.37077276495832984,0.08212446623100517,0.19317229193407365,0.0989540538051833,0,0,0,0,0,Stage 1,Stage 2,Diabetes,Normal,0.8780982007870343,0.8781935573781418,0.04713786433547451,0.7442964003839128,0.08682874092603127,0.7599626502419659,1,0,0,0,0,0,0.19759222120585207,0,0,0,0.8600668935578982,0,0,0,3.733172583171872,6.681169846584148,5.3611695688729535,0,Confidential,0.542883195503559
7742,Middle-aged,1,0,2,1,Obese,0,0.09191416431742112,0.32319849800143363,0.3210116964624664,0.8282633347021168,0,0,0,0,0,Normal,Normal,Diabetes,Diabetes,0.5766232897554541,0.5660847627811446,0.8968158280443472,0.1282818422063256,0.21248637559441313,0.29907176586965145,0,1,1,0,0,0,0.8076770318889859,0,0,0,0.7181000964530618,0,0,0,0.9996604255912906,5.968470478219114,9.054755624494335,1,Confidential,4.2205803809094995
7743,Middle-aged,0,0,1,2,Overweight,0,0.38845326821279647,0.9917934442822256,0.0924611268208068,0.4626649503973165,0,1,0,0,0,Elevated,Stage 1,Normal,Diabetes,0.9145798391547271,0.0336197056710361,0.10403249935237513,0.3680670818510236,0.2637712020466435,0.30750298109209595,0,0,0,0,0,0,0.8447352466261794,0,0,0,0.6867492013772035,0,1,0,3.0981573843296366,0.3392151764233042,2.190057558974336,0,Confidential,0.3944043115592988
7744,Senior,0,2,1,2,Underweight,0,0.5719213374673782,0.01040175257969614,0.10112045746637617,0.016654455366876153,0,0,0,0,0,Normal,Stage 1,Diabetes,Normal,0.8203814481811127,0.5859112772253323,0.7188209370567502,0.0,0.7416420954471397,0.6539623607705005,0,0,1,0,1,0,0.27443108397875765,0,0,0,0.24974009599919744,0,1,0,3.7387676041330296,6.374195707775311,5.16661512753249,0,Confidential,0.9692288793604272
7745,Middle-aged,0,1,1,2,Overweight,1,0.9117265512243136,0.4042094488365377,0.42593963013450686,0.09878151110475186,0,0,0,0,0,Stage 2,Normal,Normal,Normal,0.850914036621607,0.06301396520306284,0.5559646607948401,0.4728670689362408,0.705175420840867,0.442993848927408,0,1,0,1,1,0,0.0,0,0,0,0.34741291618975284,0,0,0,0.1701057196076956,5.947573631902934,9.750167470064111,0,Confidential,0.7884061814461646
7746,Young adult,1,0,2,1,Normal,0,0.039198995162572824,0.890094056225628,0.3710100871493417,0.8120746058165277,0,0,0,0,0,Elevated,Stage 1,Diabetes,Normal,0.17271592862433793,0.703084042519174,0.7204633612242219,0.5869279344629481,0.06296564923726977,0.32530954815978486,1,1,0,0,1,0,0.50825447202307,0,0,0,0.9563592156566613,0,0,0,3.0102456699809377,1.2565102689171992,8.876849306732543,0,Confidential,11.442165211532117
7747,Young adult,1,0,0,3,Overweight,0,0.48454567929014536,0.09652044524226086,0.5993820534782442,0.07410913717773748,0,0,0,0,0,Normal,Normal,Diabetes,Diabetes,0.5706068281029097,0.09449691306875573,0.19987561777677954,0.04273039911855092,0.5674508233576266,0.7391731433125075,0,0,0,0,1,0,0.3099947241105621,0,1,0,0.3996002272381645,0,0,0,2.8907288739088224,9.329394296360142,9.820954077597555,1,Confidential,0.352234254581055
7748,Senior,0,0,1,3,Overweight,0,0.8765104701502417,0.8307043924692077,0.574315368835328,0.8056136706621945,0,0,1,0,1,Normal,Normal,Normal,Diabetes,0.40517697985392087,0.9659566529216733,0.9411026536209426,0.7552484624313998,0.6175552798191941,0.501071715350033,0,0,0,0,1,0,0.8280267070706117,0,0,1,0.3711207895674232,0,0,0,3.898493846809452,9.449872155764352,9.591720128618062,1,Confidential,1.5239164563478036
7749,Middle-aged,0,2,1,2,Normal,0,0.15719120406594247,0.8363625770627949,0.4947975492652291,0.8593367599561986,0,0,0,0,0,Normal,Stage 2,Normal,Diabetes,0.0523035611568773,0.6800879175827138,0.7275890183780274,0.47600751519884693,0.3188901341544459,0.9238919140411155,0,0,0,0,0,0,0.07747706193619634,0,0,0,0.6562010184319219,0,0,0,1.3832229259136253,0.3776710666214578,6.92414565657892,0,Confidential,2.2816291269319704
7750,Young adult,0,1,0,0,Normal,0,0.7033833403741754,0.6565805992450525,0.7240599764025425,0.46735401270594557,0,0,0,0,0,Stage 2,Stage 2,Normal,Diabetes,0.390033421849753,0.8834262883458261,0.26060565793796653,0.8677830241107654,0.6179890378419236,0.795019938238228,1,0,0,0,0,0,0.3754902713742683,0,0,1,0.10360408663642079,0,0,0,3.339911516619276,8.137090879352193,1.9662911788226844,0,Confidential,0.4216994832918497
7751,Young adult,1,3,0,2,Overweight,0,0.6943192260449927,0.7062625490617984,0.34208933746706377,0.10038400945297321,1,0,0,0,0,Normal,Normal,Diabetes,Diabetes,0.8379144544683996,0.39523506554627064,0.8086578671713567,0.13555879577302077,0.2810899287352262,0.09687167374595873,1,0,1,0,0,0,0.32771994941129706,0,0,1,0.0623024427302655,0,0,0,0.2805711379202944,4.011165011379191,4.339711351516208,1,Confidential,2.87686531783597
7752,Middle-aged,1,0,1,2,Obese,0,0.6063525106004333,0.2974787850159147,0.025881672582986334,0.03228252868113879,0,0,0,0,0,Elevated,Normal,Normal,Normal,0.03457348337625697,0.7234496540376143,0.7306439247422076,0.4481659865840188,0.44686926122705006,0.4390013292676521,1,1,0,0,1,0,0.29707776523782775,0,0,0,0.37196346665176094,0,0,0,0.1066394586405712,6.702984121901521,7.255389857823481,0,Confidential,1.6350283810883433
7753,Middle-aged,1,2,0,2,Obese,0,0.15623834335983938,0.4838646593675394,0.9700767022455564,0.7069614752033989,0,0,0,0,0,Stage 2,Stage 2,Normal,Normal,0.1894782005220632,0.570039113726812,0.17227406544801793,0.805051208384854,0.09978427311770516,0.9005894122717346,0,1,0,1,1,0,0.15378462547845703,0,0,0,0.5298412331541671,0,0,0,2.1528664849052137,7.693569341495343,1.9030388297480472,0,Confidential,1.7264651038225642
7754,Middle-aged,0,0,1,1,Obese,1,0.9968118307012357,0.5606735324500699,0.10999108841912764,0.9487354858363449,0,0,0,0,1,Stage 1,Normal,Normal,Normal,0.36251449678433095,0.7180442374217376,0.08561188771477646,0.15314760571589342,0.19120963161519228,0.4369601937757659,0,1,0,1,0,0,0.8673687387820896,0,0,0,0.9235751514328909,0,0,0,2.4814942857736177,8.445047055535213,7.952176571440472,0,Confidential,0.44773836438882764
7755,Young adult,0,0,0,3,Normal,0,0.3619783800529118,0.2141307482314285,0.005169532765307887,0.38615465982026975,0,0,0,0,0,Stage 1,Normal,Diabetes,Normal,0.07212453369667145,0.2960905884973313,0.3585735778055239,0.7142372500208651,0.05628493923084976,0.32097523467155387,0,0,1,0,0,0,0.12753153377116916,0,0,0,0.24298606992354943,0,0,0,1.1714663210943206,0.3932596012808387,5.569124785346658,0,Confidential,6.370684284384726
7756,Senior,0,0,0,1,Overweight,0,0.7138263472615664,0.7369923087497621,0.9904823513293112,0.8172790930879682,0,0,0,1,0,Stage 2,Stage 1,Diabetes,Diabetes,0.9735421358149803,0.9360913741591522,0.9877197457395703,0.7008932699720731,0.9599732405738441,0.7378005831870696,1,0,1,1,1,0,0.9363115818698198,0,0,1,0.7664798071665764,0,0,0,1.839134673584918,5.477603286635176,7.352475804963286,1,Confidential,1.0289034152130534
7757,Middle-aged,1,0,0,0,Obese,1,0.9407014751980894,0.9133377488710092,0.3135552846337594,0.8263673734092992,0,0,0,0,0,Stage 2,Normal,Diabetes,Diabetes,0.27734636094115117,0.4175468305830661,0.9520502245861358,0.035083481319903964,0.6568072263870292,0.4470398752181193,0,0,1,0,0,0,0.8853877551281678,0,0,0,0.06219827540056244,0,0,1,2.0160731094010718,5.246647113222682,8.389655883948159,1,Confidential,1.4495124084172792
7758,Middle-aged,0,0,0,1,Normal,0,0.30199003870122426,0.46264170573163627,0.45977818070178933,0.39020455813438437,0,0,0,0,0,Stage 2,Normal,Normal,Diabetes,0.04532695818423586,0.7295510557155901,0.0038629444694588955,0.4441054285868095,0.9504308204988359,0.6687842116948234,0,1,0,0,0,0,0.5944145529033268,0,0,0,0.4912786867902446,0,0,1,1.1179856975589315,2.0091234334140164,2.335276755664281,0,Confidential,0.004064414143715815
7759,Middle-aged,1,1,1,2,Overweight,0,0.4649135097752462,0.16165841319607335,0.10599831165877059,0.5079408004386284,0,0,0,0,1,Normal,Normal,Normal,Diabetes,0.30389732547083315,0.4658971565656148,0.003077619258258002,0.9359769332587449,0.9403848595083442,0.9916116200212062,0,0,0,1,1,0,0.10457464540114876,0,0,0,0.4449049396531487,0,0,0,2.134554948815875,6.314764583091158,6.098856247942802,1,Confidential,0.0032727231060132715
7760,Middle-aged,0,0,1,1,Normal,1,0.3796557904020495,0.838628579276886,0.6483602986618049,0.971887684058614,0,0,0,0,0,Stage 2,Stage 2,Diabetes,Normal,0.7455057368895457,0.4159406268281378,0.12411679399304498,0.8847006068629999,0.367788152732178,0.21884097804353378,0,1,1,0,0,0,0.5751201833622056,0,0,0,0.6855726483179253,0,0,1,3.6413925398743374,1.3777291500851665,0.6016764998786261,0,Confidential,0.33746816766940935
7761,Senior,1,0,1,0,Overweight,0,0.7373914326865083,0.3497801326768881,0.05172014185838033,0.8096074179132388,0,0,0,0,0,Stage 2,Stage 2,Normal,Normal,0.23557508811680056,0.7576922536433769,0.19075374162255798,0.9980089346905499,0.5390137175256896,0.33811254789121825,0,0,1,0,0,0,0.04969493624498031,0,0,0,0.26429547003335163,0,0,0,3.3370479329201834,1.7192665551911437,0.1454045501575107,0,Confidential,0.3538940390945924
7762,Senior,0,1,1,3,Obese,0,0.8831335990686517,0.3616956476671656,0.07559241097088548,0.5756492859302135,0,1,0,0,0,Normal,Stage 2,Diabetes,Diabetes,0.8535440545094873,0.8196547240493707,0.903465656272969,0.9564952848093766,0.17829091740883174,0.636460220859065,0,0,0,1,0,1,0.013390610668870687,0,0,0,0.8567337705881178,0,0,1,2.029848637857413,7.684884848213382,1.7704808652022774,1,Confidential,5.067367813253595
7763,Young adult,0,1,1,2,Obese,1,0.15377697128256673,0.6257617849652829,0.22847415185550404,0.7304660110774425,0,0,0,0,0,Stage 2,Stage 1,Diabetes,Diabetes,0.3353500198848693,0.406766353170953,0.9466202144826961,0.7493902822469389,0.14009680593184515,0.44862641086599,1,1,0,0,1,1,0.23351378190610453,0,0,0,0.2859273196592269,0,0,0,1.5921670518868885,0.3741773612288979,8.69924514386644,1,Confidential,6.75690076005881
7764,Young adult,0,0,1,1,Overweight,1,0.12365229290676459,0.8611932389567657,0.4203370250457977,0.0013221940854453162,0,0,0,0,0,Stage 2,Stage 1,Prediabetes,Diabetes,0.7453786578928973,0.8280530581095977,0.2595783438805368,0.7808632345545659,0.47754761197684104,0.6255041649702134,1,1,0,0,0,0,0.9169206206853348,0,0,0,0.11076729977860322,0,0,0,0.637464723283367,6.080063924867645,1.3130245561093845,0,Confidential,0.5435653689189115
7765,Young adult,1,0,2,1,Obese,0,0.10274894384028403,0.5972922578847574,0.5925016228973132,0.3024422289151475,0,1,0,0,0,Stage 1,Stage 2,Diabetes,Diabetes,0.3195382695697206,0.20993896055717048,0.06709435997799718,0.7844566828038861,0.516050599799048,0.07991602866481579,1,0,0,0,0,0,0.3100756802594058,0,0,0,0.22688607012934625,0,0,0,3.9816439176448073,4.241516228977165,2.821515971111923,1,Confidential,0.13001507992457323
7766,Senior,0,0,0,3,Normal,0,0.5999286529400097,0.8286195823689072,0.5290746700997772,0.7743657542315824,0,0,0,0,0,Stage 1,Stage 2,Prediabetes,Diabetes,0.3175830710778932,0.6588912663963498,0.761848369911795,0.7957273269027942,0.5088390888452096,0.1442471114107097,0,0,0,1,0,0,0.8122619201910223,1,0,0,0.9077083700959052,0,0,1,2.1444637404056888,5.386528638291823,9.62979729580264,1,Confidential,1.4972284689070963
7767,Middle-aged,0,0,1,3,Normal,0,0.01746260476054325,0.6903832942999886,0.32313903984775266,0.8626851834159975,0,0,0,0,0,Stage 1,Stage 2,Diabetes,Prediabetes,0.17666736750032375,0.6727277257463545,0.7732646517630013,0.09636192489243212,0.6566040140566825,0.6076521554085262,0,1,0,1,0,1,0.15365010911227991,0,1,0,0.6341825004560138,0,0,0,2.3877312196061,1.4624981168181472,2.115758326050515,1,Confidential,1.177672745229742
7768,Senior,0,1,2,1,Normal,0,0.3121104346900461,0.9620901421418123,0.11125578331051109,0.2587996837813693,0,0,0,0,1,Stage 2,Stage 2,Diabetes,Normal,0.5567472044778741,0.8148506552429869,0.08190281117137754,0.0778721511862554,0.25638314518144756,0.9726916152322576,0,0,1,0,1,0,0.5504097432938719,0,0,0,0.723269452667379,0,0,1,1.0503065235519462,3.425085533366582,1.2244014372743584,1,Confidential,0.3194547407295954
7769,Senior,0,1,0,3,Normal,0,0.30982651675172235,0.6736609221034628,0.005532913558622271,0.8977166831758646,0,0,0,0,0,Stage 2,Stage 2,Diabetes,Diabetes,0.16462398245953946,0.7012728762231956,0.41539766890767926,0.7494329110970865,0.29585648212614324,0.8750938695745354,1,1,0,0,1,0,0.987578168879904,0,0,1,0.6422030197717112,0,0,0,2.2767348852935623,3.1046962452004467,0.1757129191462236,1,Confidential,1.4040512681096766
7770,Senior,1,0,1,2,Underweight,1,0.5229493775430047,0.7993487299112848,0.19790037617255837,0.0702227293267974,0,0,0,0,0,Stage 2,Normal,Diabetes,Diabetes,0.026707283461455858,0.5737231669468511,0.5642635484221716,0.6155115121480814,0.5185014708042703,0.5379778545916117,1,1,0,0,0,0,0.8619673667735864,0,0,0,0.36612203609674193,0,1,0,0.1723987385912462,1.1488845651966797,2.974479629489022,1,Confidential,1.088258337140139
7771,Senior,1,3,0,2,Underweight,1,0.9651543656450554,0.45091494973083035,0.028220225545320565,0.7739202381522193,0,0,0,0,0,Stage 2,Normal,Normal,Diabetes,0.24177528688114674,0.682681408317116,0.3132960269645857,0.7540686766765687,0.17070886663887247,0.8978029072750244,0,0,0,0,0,0,0.5575491441222739,0,0,0,0.8968565933172528,0,0,1,0.1393730136045659,3.705916000770022,3.257469749019503,1,Confidential,1.8352651103199604
7772,Senior,0,1,2,3,Overweight,0,0.8515831492945639,0.9524550516000919,0.9833528258869653,0.4566767042783063,0,0,0,0,0,Stage 2,Stage 2,Diabetes,Diabetes,0.45500943432658525,0.03899348738939089,0.17269918594914047,0.3628275118550523,0.1537170188195437,0.26758426168860094,1,1,1,0,0,0,0.17893774184869887,0,0,0,0.6558651440220714,0,0,0,2.3248370632494795,2.881447230563384,7.209201393237912,0,Confidential,1.1234877391935432
7773,Senior,0,3,0,2,Normal,1,0.6959344191181772,0.2167537362324638,0.9043609527914171,0.30718988344570275,1,0,0,0,0,Stage 2,Stage 2,Diabetes,Normal,0.25716767759550435,0.23483164293996112,0.8543803121377243,0.08097825165162376,0.18203505552442478,0.31334493929546037,0,0,0,1,0,0,0.7533274927855039,0,0,0,0.5068804881462478,0,0,0,2.030767871021816,3.729379213682509,8.724580946805874,0,Confidential,4.693493292686621
7774,Middle-aged,0,0,2,1,Obese,0,0.43074756362303085,0.11900760845518318,0.3295573043165569,0.0,0,0,0,0,0,Stage 2,Stage 1,Diabetes,Normal,0.9100314055845473,0.5169246288802306,0.6914316629012245,0.7895236383576103,0.07259686844851315,0.2739005235638238,0,0,0,0,0,0,0.20882004589690614,0,0,0,0.2468635342629494,0,0,0,3.718960082101243,8.483882649775262,7.294506604837961,1,Confidential,9.52426292866336
7775,Senior,1,0,1,2,Obese,1,0.5988736751511202,0.13509045281136473,0.4056228021752077,0.43537660493196395,1,0,0,0,0,Normal,Normal,Diabetes,Prediabetes,0.7584316999907442,0.19279973568407288,0.7696161533825621,0.5048634256195987,0.16573166135227008,0.26922929953385066,0,0,0,1,0,0,0.9304900100056954,1,0,0,0.6973289633021456,1,0,0,3.231914872714096,2.799108557626755,1.9320995570987889,1,Confidential,4.643748497438328
7776,Senior,0,3,1,2,Overweight,0,0.35878681746000046,0.17150860550660954,0.3234613053227386,0.1674566469180605,0,0,0,0,0,Normal,Stage 2,Prediabetes,Diabetes,0.11078022068974348,0.834309084211523,0.8853841850129072,0.2591154996897979,0.21252082019129387,0.3393188503485378,0,0,1,0,1,1,0.6376751098248339,0,0,0,0.4373964702312343,0,0,0,1.6595386686877416,5.589946514551437,9.189285859118838,0,Confidential,4.166105627749586
7777,Middle-aged,1,0,1,2,Obese,1,0.5727749633548508,0.9630539951328712,0.2183894947233354,0.5909814556915677,0,0,0,0,0,Stage 1,Stage 2,Diabetes,Diabetes,0.4378307251532868,0.4770784373860091,0.5999547669440817,0.20750119793260519,0.24450568695612163,0.17960348159215947,1,1,0,0,0,0,0.4012865632370093,0,0,0,0.14506327451423762,0,0,0,0.8330227709623044,2.8368829692491504,2.610017190140904,1,Confidential,2.4537456548065815
7778,Young adult,0,1,1,2,Underweight,1,0.5388821733860937,0.49727375741844704,0.6032627206232141,0.4819818273433888,0,0,0,0,0,Elevated,Stage 2,Normal,Prediabetes,0.4775057611485597,0.5895241118482007,0.45187501137760977,0.21387239819896992,0.310477790640882,0.7768566778670429,0,0,1,0,1,0,0.051110337551607356,0,0,0,0.24985441979957468,0,0,0,2.124359752459481,4.41438789498722,5.820771769884696,1,Confidential,1.4554181490561966
7779,Young adult,0,0,1,1,Normal,1,0.41165274071935903,0.27624522887551595,0.007363601853546883,0.8380635715008796,0,0,0,0,0,Stage 2,Stage 1,Diabetes,Diabetes,0.9119476403831697,0.2862497313885337,0.7698747721161796,0.441642275322406,0.827730091605114,0.29100269278982427,0,1,0,0,0,0,0.12856206227331385,0,0,0,0.009447491261180418,0,0,0,0.8130982484319871,2.84470842697649,5.595803511364994,1,Confidential,0.9301036411800098
7780,Young adult,0,1,2,1,Underweight,0,0.9169753358142884,0.014039993725822488,0.6446498908624585,0.9483230481074042,0,0,0,0,0,Stage 2,Normal,Normal,Diabetes,0.8904995583100814,0.6619511652228514,0.061352492531473235,0.29532292745205385,0.8074101145904431,0.7689512802732085,1,0,0,0,0,0,0.867126908292212,1,0,0,0.8762517120535666,0,0,0,2.8577986061143474,1.5434785592945433,0.5444368057361137,1,Confidential,0.0759867772558115
7781,Young adult,1,1,1,1,Underweight,1,0.3190029537089219,0.5668379475531701,0.3901690680826671,0.20603453312936937,0,1,0,0,0,Stage 2,Stage 2,Diabetes,Diabetes,0.7078816634634306,0.7720278744899285,0.9655424837091753,0.7720613246759729,0.7650489354166539,0.8305159703192861,0,0,1,0,0,0,0.9045565590791722,1,1,0,0.6891574038226695,0,0,0,1.7139300933652266,5.046113222660271,6.140513251991115,0,Confidential,1.262066305841378
7782,Senior,0,0,1,1,Overweight,0,0.6889772149408323,0.9595515605652172,0.24753198213600586,0.8499348521348701,0,1,0,0,0,Normal,Normal,Normal,Diabetes,0.6363772623488781,0.623622007227144,0.26897606603386937,0.36331727839635314,0.6203705440257473,0.5219549550711985,1,0,1,0,1,0,0.5610007018025773,0,0,0,0.028894529375873897,0,0,0,1.0800067270510292,2.609370948424252,5.895546238777445,1,Confidential,0.4335732388072668
7783,Senior,0,0,0,0,Overweight,1,0.4920163496218979,0.584992640861144,0.5317435352840838,0.7040329233603039,0,0,0,0,0,Normal,Stage 2,Diabetes,Diabetes,0.3117392235466117,0.9279961167530343,0.3492637315235967,0.1373374629509606,0.652486969387964,0.1589805681000996,0,0,1,0,0,0,0.6296735585022811,0,0,0,0.9377353191151423,0,1,1,3.315961080956171,1.130127423737134,2.85801104556312,0,Confidential,0.5352807763367409
7784,Middle-aged,0,0,1,1,Normal,0,0.7619948329504824,0.8351268348547874,0.5209275572508835,0.13455071540807884,0,0,0,0,0,Stage 2,Stage 2,Diabetes,Diabetes,0.25262551225759233,0.24107826651280295,0.8835870008118669,0.8804086544230383,0.047346143955489306,0.016654298841152354,0,1,0,0,0,0,0.1232894148034873,0,0,0,0.9437737166310612,1,0,0,0.9984819678337424,8.586316215607022,4.239048951646415,0,Confidential,18.662280113931516
7785,Senior,1,0,0,2,Normal,0,0.3946706204073307,0.7446677580018012,0.9024840496857511,0.4852958475919188,0,0,1,0,1,Normal,Stage 2,Diabetes,Prediabetes,0.3259569119026596,0.05397397149575418,0.4014179633112942,0.898162584092812,0.9824407490765639,0.760725539393563,0,0,1,1,0,0,0.7360605965543338,0,0,0,0.07034256485877323,0,0,1,2.790062629062034,9.143584867989516,7.108991841341046,0,Confidential,0.40859254228675196
7786,Senior,0,0,2,1,Obese,0,0.5660724207311421,0.8572935955922916,0.8651034850633482,0.5289506676465244,0,0,0,0,0,Stage 1,Stage 2,Diabetes,Prediabetes,0.9362295625563481,0.17029042708757852,0.9049707773734577,0.09710021529927426,0.7202915092448505,0.1355536344238115,0,1,0,0,0,0,0.759879401757252,0,0,0,0.2947058774232372,0,0,0,2.6727791715746134,2.896616624828682,8.239458639019476,1,Confidential,1.2563951757840708
7787,Middle-aged,1,1,2,3,Overweight,0,0.07336479000927335,0.8828333430263865,0.505125857201808,0.9127605715353312,0,0,0,0,0,Normal,Normal,Diabetes,Normal,0.23436898428309855,0.3804495988822742,0.8265397879009262,0.05327161360267624,0.5760406750981895,0.11279381589262613,1,0,0,0,0,0,0.3297625029145817,0,0,0,0.1351787921968223,0,1,0,0.0644294312861473,9.308907114542729,3.597209009050256,0,Confidential,1.4348635845203774
7788,Middle-aged,0,0,1,2,Obese,1,0.5479806362418598,0.8939761675202025,0.8871617261173318,0.516347121652814,0,0,0,0,0,Stage 2,Stage 1,Normal,Normal,0.5472590318820502,0.9908589591244977,0.410652066909754,0.2238950903810723,0.18547067783091697,0.2006468907795869,1,0,0,1,1,0,0.9279202242654813,0,0,0,0.22835017089479465,0,0,0,2.3208158399627576,7.200748748908278,3.3947346235066886,0,Confidential,2.214107759309113
7789,Middle-aged,1,0,0,1,Underweight,1,0.9151052187146601,0.09354037284457652,0.49468639488483995,0.3384689476503505,0,0,0,1,1,Normal,Stage 2,Diabetes,Diabetes,0.9423987123655191,0.1298277817460971,0.7014982952401845,0.9390911956018451,0.6671966594941015,0.027757281126533,1,0,0,0,0,0,0.6639511944187371,0,0,0,0.47045206200859285,0,0,0,1.9175244321014249,5.417987297408692,0.8504667243095321,0,Confidential,1.0514115819645922
7790,Young adult,0,0,0,1,Obese,0,0.7759380982344597,0.048260727616913475,0.4202701666120265,0.6425814231563175,0,0,0,0,1,Normal,Normal,Prediabetes,Diabetes,0.2431561561503104,0.11210946008176416,0.23523420893686753,0.9080236646637645,0.019219644847071005,0.9297771907376038,1,1,1,0,0,0,0.9928573420913951,0,1,0,0.846086906691909,0,1,0,2.1316585085529347,0.5503896617566306,0.475438934005542,1,Confidential,12.239258883741353
7791,Middle-aged,0,0,0,2,Overweight,1,0.6536417845154805,0.6943620611963705,0.7743160529227291,0.33134992162972876,0,0,0,0,0,Stage 2,Stage 2,Diabetes,Normal,0.1739968719898619,0.991202619391279,0.6439267312546768,0.49625264721261425,0.29889226220631704,0.7272291180550199,0,0,0,0,1,0,0.24717713261622193,0,0,1,0.03787159433860824,0,0,1,3.182970075938688,5.074928560937156,1.0618359360794516,1,Confidential,2.1543773883654174
7792,Young adult,1,0,0,2,Overweight,0,0.38909265348272554,0.2109125881192291,0.70202671103373,0.8634302577843772,0,0,0,0,0,Normal,Stage 1,Diabetes,Diabetes,0.3709206492027096,0.42623113143602287,0.7983839261228449,0.592997005490322,0.5914953500682987,0.3603268480834675,0,0,0,0,0,0,0.48647080575891083,0,0,0,0.35953453231219196,0,0,1,2.154100225970598,1.7613352355840497,0.181381480483026,1,Confidential,1.3497721089957129
7793,Senior,1,0,0,3,Overweight,0,0.7328939850688935,0.5834748987343926,0.8961308449074934,0.3627592598465007,0,0,0,0,0,Elevated,Stage 2,Prediabetes,Diabetes,0.015046478690584522,0.9767771357492981,0.5923229626373587,0.27288951177776916,0.6811254270098487,0.2571956363488819,0,0,0,0,0,0,0.33091897123557357,0,0,0,0.9813025233495738,0,0,0,0.2621845095369992,4.971282238110004,0.4129662514203647,0,Confidential,0.8696239182226184
7794,Middle-aged,1,1,1,0,Normal,0,0.39673919804664826,0.8952097122028462,0.405353107738762,0.8302100094878463,0,0,0,0,1,Normal,Stage 2,Normal,Prediabetes,0.880212681912499,0.4585448377049003,0.37974097909350224,0.7569549338567083,0.8521925331993521,0.2519143927308589,0,0,0,0,0,0,0.7827845198442115,0,0,1,0.5154189661756744,0,0,1,0.1986679254720678,8.720149132507935,5.878105864569653,0,Confidential,0.4456046776986604
7795,Senior,1,0,2,2,Obese,0,0.09129346493632232,0.5347242577130537,0.8081396900530362,0.09669456509771324,1,0,0,0,1,Normal,Stage 1,Normal,Prediabetes,0.35981209446424434,0.05602438201919256,0.4136300666853565,0.19974760969182642,0.9460993551143961,0.6016602954159246,0,0,0,0,0,0,0.34183192747896624,0,0,0,0.2803325548098726,0,0,0,0.881278720016097,6.169482496161227,6.539545369288288,0,Confidential,0.4371951681917626
7796,Middle-aged,0,0,1,1,Normal,0,0.9436479946459143,0.8682954342621791,0.6885548758134704,0.4225097782342303,1,0,0,0,0,Stage 2,Stage 2,Diabetes,Normal,0.17007300017382737,0.3055547261100896,0.7310756378235368,0.7455102487346132,0.9340159995526218,0.2925669287113464,0,1,0,0,0,0,0.8110795661667177,1,0,1,0.8957299568279704,0,1,1,3.295789945503424,9.875091789364998,5.804239010049636,1,Confidential,0.7827228207800615
7797,Middle-aged,0,0,2,0,Overweight,0,0.8546570807035604,0.5110595152156263,0.5469884791797566,0.3060539800471189,0,0,0,0,0,Stage 2,Stage 1,Prediabetes,Prediabetes,0.31349945795362794,0.2943080190835143,0.260847111806664,0.38992878145315374,0.03004907270181839,0.6226259685317528,0,0,0,0,0,0,0.7537340829241059,0,0,1,0.15253606565037653,0,1,0,2.059132333855512,3.553182928727833,4.082136491387786,1,Confidential,8.680704206585352
7798,Middle-aged,0,1,0,0,Overweight,0,0.4918166674822244,0.21343300801949572,0.34553363704411444,0.706072052778396,0,0,0,0,0,Normal,Stage 2,Diabetes,Diabetes,0.42882146241676367,0.8815089292553929,0.6887722009196429,0.3195992524934657,0.39312652110733326,0.2227853576101995,1,0,0,0,0,0,0.2874204444849348,0,0,0,0.06302406107974842,0,0,0,2.2265104552615966,2.1908068723853846,4.23984291546304,0,Confidential,1.7520369752199725
7799,Young adult,1,0,1,3,Normal,0,0.8909221140815933,0.30922821958122204,0.5743886702415241,0.2372271724354582,0,0,0,0,0,Stage 2,Stage 2,Normal,Diabetes,0.9609280664416915,0.7776236186393692,0.48947995717995885,0.9131206173870572,0.06691375880846578,0.15227510626631405,1,0,1,0,0,0,0.3055391047326091,0,0,0,0.5081854494724168,0,0,1,1.372596906590401,3.582781715563026,6.726758028476052,0,Confidential,7.315086850539188
7800,Young adult,1,0,0,2,Normal,0,0.24208162482099702,0.6116365376113112,0.30479653759745223,0.0218617972132652,0,0,0,0,0,Stage 2,Stage 2,Diabetes,Diabetes,3.692315711702199e-05,0.4010344683575796,0.1792934101514514,0.9852822943900474,0.7080937048080318,0.12763204104856282,0,1,0,0,0,1,0.20344352151910672,0,0,0,0.7502006501581983,0,0,0,3.296504778682274,7.655598779261084,7.111409137055178,0,Confidential,0.2532057677310644
7801,Senior,0,0,2,1,Normal,0,0.48764653426185095,0.5323962675394268,0.575286400453538,0.20300057868664445,0,0,0,0,0,Normal,Normal,Prediabetes,Diabetes,0.04731469988080468,0.4550153023677552,0.7058960083004919,0.69597161361283,0.7890652975857952,0.7104037686840393,0,1,0,1,0,0,0.39534854032438793,0,0,0,0.060027183743125864,0,1,0,0.8065005211691729,3.777875224473979,7.497784219212999,0,Confidential,0.8945977100504027
7802,Middle-aged,0,0,1,1,Obese,1,0.5107609648898824,0.5578589989284215,0.81446625905476,0.9469205689526942,0,0,0,0,0,Elevated,Stage 2,Normal,Normal,0.16300395764830122,0.856949231341036,0.1247165904192249,0.8354791719841015,0.6742161520016752,0.8760411501640861,0,0,0,0,0,0,0.7499121575875035,0,0,0,0.23255995493658524,0,0,0,2.0365669331068283,7.219775593586657,7.686939095826689,0,Confidential,0.18498012847801815
7803,Young adult,0,1,2,2,Obese,0,0.12212959483042672,0.9843582534366125,0.8510821816052202,0.5864974476516057,1,0,0,0,1,Normal,Normal,Diabetes,Normal,0.5683506689142765,0.7765398255558441,0.5602346697986853,0.590605427516834,0.28076244183814025,0.8211211778421709,1,1,0,0,0,0,0.26269034304031014,0,0,1,0.5796276371249656,0,0,0,1.045841150303033,0.4400556471365691,9.234484814465528,0,Confidential,1.9954046065807511
7804,Senior,1,0,1,3,Normal,0,0.26674191017191473,0.4424964176238236,0.5474095058500842,0.2263811466787522,0,1,0,0,0,Normal,Normal,Diabetes,Normal,0.1919016816331991,0.7598691272426591,0.08812267933490858,0.668934654632729,0.9212738036949599,0.6589696030144414,0,1,1,1,0,0,0.4437726000352753,0,0,0,0.2509732182004712,0,0,0,1.2174353633290589,5.89590242521246,1.1061132682585983,0,Confidential,0.09565308270079348
7805,Young adult,0,0,1,2,Overweight,1,0.3533053800119769,0.7705533008796598,0.1995028174028425,0.777883047395508,0,1,0,0,0,Stage 2,Stage 2,Diabetes,Diabetes,0.21971378103719658,0.9280540968076333,0.8396373367414434,0.08782432509150556,0.02637699928645093,0.7928050254775908,0,0,0,0,0,0,0.31655309300387463,1,0,0,0.37832140740128584,0,0,1,0.0793132210314406,8.597962927209245,5.789633389345052,0,Confidential,31.832178013241247
7806,Young adult,1,0,2,1,Normal,0,0.04875240084594838,0.7722134159258459,0.14922942880770187,0.4697523384020984,0,0,0,0,1,Stage 2,Stage 2,Diabetes,Normal,0.2625685006424655,0.9287995656219304,0.6642136005773345,0.718493647373825,0.9360993395272474,0.41540840855592576,0,0,0,0,1,0,0.8663754389084952,0,0,0,0.016243211823553125,0,0,0,1.4009888713446714,8.65992130651152,9.90827875168732,0,Confidential,0.7095546087157568
7807,Senior,1,0,1,0,Overweight,0,0.031580285359747724,0.47752590269154005,0.0643811236611145,0.6386711214346749,1,0,0,1,0,Stage 2,Stage 1,Diabetes,Prediabetes,0.7595506650164169,0.25415490033318944,0.7658746439424278,0.6962873352332746,0.8209460084890146,0.3354218338201146,0,0,0,0,0,0,1.0,0,0,0,0.6472972469153312,0,0,1,0.7181794547449942,3.940754694968831,6.895519983929556,0,Confidential,0.9329171906835287
7808,Young adult,1,2,2,0,Obese,0,0.9500826688629829,0.48502265248342147,0.8338821057449401,0.23368783092902712,0,0,0,1,0,Normal,Stage 2,Diabetes,Diabetes,0.30035230735068097,0.21104536032855759,0.006022168112634674,0.8939902921990317,0.7007803217712661,0.0787368889949395,1,1,0,0,0,0,0.920749807113066,0,0,1,0.3260501469222119,1,0,0,1.5146306954655988,6.983448778505304,2.7029808030220703,0,Confidential,0.008593517719523384
7809,Senior,1,0,0,2,Normal,1,0.28084948903471213,0.46664966448456885,0.01709040020740025,0.27573850163825797,0,1,0,0,0,Elevated,Stage 2,Diabetes,Diabetes,0.4958105987428725,0.07501937618995659,0.2510928782468822,0.19468165814153887,0.7990845396687074,0.28697670334953995,0,0,0,0,1,0,0.3765835602148442,0,0,0,0.46125055910337004,0,0,0,1.0930404336153297,6.94909260863068,7.538095746033243,1,Confidential,0.3142256742333957
7810,Senior,0,2,1,2,Obese,0,0.9132049532118706,0.8047953750108479,0.5146393454099255,0.24678694374871035,1,0,0,0,0,Stage 2,Stage 2,Normal,Diabetes,0.8263872364616932,0.9260500087720257,0.32780168466524495,0.14492808768705212,0.18302964371541836,0.7656672463537472,0,0,0,0,0,0,0.5299615580809192,1,0,0,0.19009234828294747,0,1,0,0.2943561629024236,7.08473566484151,7.97289806649284,1,Confidential,1.790975920681591
7811,Young adult,1,2,2,1,Obese,1,0.504073862678394,0.12387386589527279,0.20124064438131245,0.11239130877474357,1,0,0,0,0,Stage 2,Normal,Diabetes,Prediabetes,0.9717481559539507,0.0813105304424918,0.34933089257100947,0.8581630252571628,0.4978813660116601,0.9293218536843859,0,0,1,0,0,0,0.580858462929718,0,0,0,0.666651147645652,0,0,0,1.3206299486097728,7.75120745674287,4.916794736354837,1,Confidential,0.7016347998105804
7812,Young adult,0,0,0,1,Underweight,0,0.962116013294663,0.23090192330120723,0.22957783996842093,0.3780449774269684,1,0,0,0,0,Stage 2,Normal,Diabetes,Diabetes,0.8605298992914215,0.4844524192850882,0.9301475083337143,0.8538157016935892,0.8463883598122457,0.1967357527241381,0,0,0,1,0,1,0.9069699162259052,0,0,0,0.04332271847253549,0,0,0,1.1144035241288957,0.8764832134405254,6.822675599275745,1,Confidential,1.0989606574221424
7813,Young adult,1,0,0,2,Normal,0,0.8411299573478791,0.7684142595474326,0.5158729662090084,0.0864866947471159,0,0,0,0,1,Elevated,Stage 2,Diabetes,Diabetes,0.07316919502030898,0.7758903501102894,0.19394350673686467,0.13931732605074976,0.033726291252457186,0.9475805460892945,0,0,0,0,0,0,0.9097464506013396,0,0,0,0.1871200091045516,0,0,0,2.028023174775307,7.015681884595408,4.400107178466409,1,Confidential,5.750513902791923
7814,Senior,1,1,0,1,Obese,0,0.5058787316418939,0.9104692891914585,0.4559974959813443,0.5681681304882412,1,0,0,0,0,Stage 2,Stage 2,Diabetes,Diabetes,0.6272287108297421,0.7533432521265323,0.5387698295359129,0.9650573918845318,0.4469518284405638,0.270157468735567,0,0,1,0,0,0,0.02003773036294636,0,0,0,0.7994144216623098,0,0,0,3.512504652852152,7.209059395686001,6.427026943184851,1,Confidential,1.2054315370309738
7815,Senior,0,1,1,3,Normal,0,0.8320499535023226,0.26556877056711004,0.7857428635811122,0.3200761486346958,1,0,0,0,0,Normal,Stage 2,Prediabetes,Diabetes,0.6351429601078006,0.2321646314058861,0.9204373534404164,0.6770253521925103,0.11907684069679625,0.016312983589903074,0,0,0,0,0,0,0.27995023702338484,0,0,0,0.46831893990181256,0,0,0,0.7890813496920592,7.246667565688607,0.3062896036603901,0,Confidential,7.729776403659496
7816,Young adult,0,0,1,0,Overweight,0,0.9079412471281559,0.3720685005839033,0.4329159775874424,0.9906422502638003,0,0,0,0,0,Stage 2,Stage 2,Diabetes,Diabetes,0.16446513087202824,0.8309490192361235,0.08387661787994061,0.5516396435936868,0.06832452570909259,0.168646384606606,0,0,0,0,0,0,0.4639694447111254,0,0,0,0.6861500337996883,0,1,0,3.93598862470324,6.791095270420712,6.420310745339814,1,Confidential,1.2276209312753175
7817,Young adult,0,1,2,1,Overweight,0,0.8992720208201999,0.9289855822850202,0.7424344121468125,0.26477543730654585,0,0,0,0,0,Normal,Stage 2,Diabetes,Normal,0.558193669089246,0.5226780878520022,0.786530161736352,0.4691379517919488,0.861018693124993,0.737823010332934,1,1,0,1,0,0,0.10153498441935144,0,0,0,0.8409657052475744,0,1,0,1.1901187169526404,5.772710053001306,8.236804666910366,1,Confidential,0.9134879045212232
7818,Middle-aged,1,0,2,3,Obese,0,0.19111867906377625,0.12038559899565233,0.5415799906293084,0.7889662825205707,1,0,0,1,1,Stage 2,Normal,Diabetes,Diabetes,0.8598359003215836,0.9947914991214711,0.7840030022935129,0.9613375919880502,0.25368970482894837,0.12105331101513092,0,1,0,0,0,0,0.11451277915252844,0,0,1,0.9758297785804443,0,0,0,1.6580262496195304,2.4694834413155933,1.129668760221192,0,Confidential,3.0904013342682988
7819,Senior,1,0,2,1,Obese,0,0.12554443749848718,0.5860932160136046,0.5872414786712725,0.6188896880400122,0,0,0,0,0,Stage 1,Normal,Prediabetes,Prediabetes,0.1724896974166607,0.5993302305571978,0.6134813299445196,0.6748000326825103,0.9313379030255104,0.014774083326947768,0,1,1,0,0,0,0.9968058959539503,1,0,0,0.8296079199260848,0,0,0,2.777038832718651,2.474072129286897,2.29944978527153,1,Confidential,0.658709720662701
7820,Middle-aged,1,1,2,0,Underweight,0,0.21060837257696016,0.3164114682797312,0.9640749867670316,0.06036186419631118,0,0,0,1,0,Elevated,Stage 2,Diabetes,Prediabetes,0.23818252180229577,0.26805204180171616,0.27475888630908885,0.5341006667670223,0.16326055833784797,0.7940805689467448,0,1,1,0,0,0,0.6583472760851709,0,0,1,0.21294675252366096,0,1,0,1.5521030304594563,2.496232848413338,3.0059056278861385,1,Confidential,1.682947119049468
7821,Young adult,0,0,1,1,Underweight,1,0.6814723790111,0.9235910892319621,0.11984980810665068,0.14327462367068944,1,0,0,0,0,Elevated,Stage 2,Prediabetes,Diabetes,0.48796169282197355,0.8620917005216981,0.538566910002779,0.20117899289595403,0.2886667289388203,0.302770186969467,0,1,0,0,0,0,0.29671247085588837,0,0,0,0.85464052368057,0,0,0,2.5080386473943324,2.3027921010063226,0.0566351530833597,1,Confidential,1.865704828480328
7822,Senior,1,0,2,2,Overweight,0,0.3309951420884796,0.9806069826623003,0.22816590489021357,0.40521425672776556,0,0,0,1,0,Normal,Stage 2,Diabetes,Diabetes,0.9716211884588024,0.6234546535338895,0.8113165011657155,0.8432380243918165,0.5101825061072439,0.7614987084539153,0,1,0,0,0,0,0.0359163275843792,0,0,0,0.9451298653769525,0,0,0,0.6173924823960837,3.347424307654535,1.079982752602736,0,Confidential,1.5902475907223113
7823,Senior,0,0,1,1,Underweight,1,0.2494182143365394,0.06434293275391598,0.7114561653528086,0.08773081341334532,0,0,0,0,0,Stage 2,Normal,Prediabetes,Diabetes,0.5038307842922971,0.42514065137657264,0.7723080058014655,0.5466321752398611,0.754281927787608,0.6007502331261987,0,1,0,1,0,0,0.41753145542893305,1,0,0,0.0067350555090177995,0,0,0,2.483896566663712,7.841153516677961,5.24427218404098,1,Confidential,1.02389832945717
7824,Senior,1,0,1,2,Obese,0,0.25233974982806995,0.35674170372197006,0.726646124911375,0.028384606094555287,0,0,0,0,0,Normal,Stage 2,Normal,Diabetes,0.9276367703002444,0.40358531556729493,0.34147730976238067,0.4396126597603714,0.8914312765490395,0.7396637997179116,0,1,0,1,0,0,0.5940578513932047,1,0,0,0.9650110434339558,0,0,0,1.610416134426477,8.34291868005233,4.452488819915676,1,Confidential,0.3830663324763827
7825,Young adult,1,0,1,2,Overweight,0,0.0035825876621467067,0.8885557780744168,0.3150625839491566,0.6637008487089239,0,0,0,0,1,Stage 2,Normal,Diabetes,Diabetes,0.3422994505508704,0.6252629620349117,0.6125225892780324,0.019877349157339408,0.3284172497828669,0.743108574439221,0,0,0,0,0,0,0.5208811823915928,0,0,0,0.19499866614316697,0,0,0,0.919977746503744,5.831655874020207,5.102789591586523,1,Confidential,1.8650743518588069
7826,Young adult,0,0,2,2,Overweight,0,0.4195191520383892,0.9599636377938316,0.016147263023864995,0.28721236640154724,1,0,0,0,0,Stage 1,Stage 2,Prediabetes,Diabetes,0.47097981122179655,0.23516374554410285,0.33055526424655746,0.1803216696635253,0.8497362827944341,0.3187843315297514,1,0,0,0,0,0,0.8658717208331589,0,1,0,0.7922841090709282,0,0,0,0.0284415326796834,9.828712384800085,3.401890515478158,0,Confidential,0.38900923844218677
7827,Senior,1,1,1,1,Normal,1,0.33580985880512776,0.8707450258359329,0.6106623775471013,0.36242124538766707,0,0,0,0,0,Stage 2,Normal,Diabetes,Normal,0.31845590279106584,0.7819955213333267,0.547499509602988,0.5579664676239802,0.12907730057968947,0.5075761659065364,0,0,0,1,0,0,0.2500788371912482,1,0,0,0.21563267357876884,0,0,0,1.5476472252874331,6.937226465445596,6.095414293616668,0,Confidential,4.241640529699286
7828,Senior,1,1,2,2,Underweight,0,0.783528809049448,0.5379616409215673,0.2944626921258407,0.25324588894782174,0,1,0,0,1,Stage 2,Normal,Diabetes,Normal,0.9429768160621506,0.9887822874431923,0.4177336789634858,0.6690607497675642,0.5831801229618955,0.8188191162507469,0,0,0,0,0,0,0.5853751218702706,0,0,0,0.39043906943790074,0,0,0,1.566517911789563,2.281045123824159,5.066500299068071,0,Confidential,0.716303012595613
7829,Senior,1,1,2,2,Normal,0,0.10930165038629357,0.42032291827920415,0.6592569600629133,0.7742112149868027,0,0,0,0,0,Stage 2,Stage 1,Prediabetes,Diabetes,0.4493336933836217,0.05510539330277993,0.8924787843476922,0.3469260892680172,0.9663436190716543,0.8770816821209417,0,1,0,1,0,0,0.9117718326964358,0,0,0,0.9489371068892751,0,0,0,3.74433705657314,3.829997386572797,4.880239378758212,1,Confidential,0.9235625575973457
7830,Young adult,1,0,2,3,Normal,0,0.4574556611017043,0.6328017719237513,0.7901211499982569,0.5421534855077851,0,0,0,1,0,Normal,Stage 2,Diabetes,Normal,0.7072537721917493,0.40457437660374673,0.9267870455874896,0.8077014827514293,0.03699299857539079,0.20557150105689373,1,1,0,0,0,0,0.5553494195437859,0,0,0,0.9621409536464517,0,0,0,2.29997647533304,8.301853399506955,2.6071523436807564,0,Confidential,25.05303925819155
7831,Young adult,1,0,2,1,Obese,0,0.3756075834505982,0.6559542251984841,0.2457128596167148,0.7939559186975093,0,0,0,0,1,Normal,Normal,Diabetes,Diabetes,0.8396799924080145,0.4179123679581629,0.07679143707943759,0.9129145277163389,0.6155124284107547,0.48400554118677763,0,0,0,0,0,0,0.34900568406139476,0,0,0,0.9499287388734531,0,0,0,3.3008262233479564,6.144184712071112,9.009266497538574,1,Confidential,0.12476017304429109
7832,Senior,1,0,0,3,Normal,0,0.0539295066956242,0.24121359576305393,0.5674879742676353,0.82420583195577,0,0,0,0,1,Stage 2,Normal,Prediabetes,Diabetes,0.702485780853869,0.8195368790831871,0.49594700444199735,0.780950870907515,0.8717323810626421,0.6527712606033392,0,0,0,0,1,0,0.8002622686172763,0,0,0,0.3960754988054094,0,0,0,0.8249015584742452,5.67934700726072,5.104222409659228,0,Confidential,0.5689211680280108
7833,Senior,1,3,0,1,Overweight,0,0.5010335740689045,0.9913608280752342,0.10703613808501744,0.625393085873121,0,1,0,0,0,Stage 2,Normal,Diabetes,Diabetes,0.06468997831654995,0.8356859007946765,0.24565302607054584,0.30133332512652283,0.40479429560200575,0.4492578760568793,0,0,0,0,0,0,0.5860113263809751,0,0,0,0.38902706366263723,0,0,0,0.2545394794747682,1.9702769127004596,6.661460367288321,0,Confidential,0.606858912636635
7834,Senior,1,0,1,1,Obese,0,0.07183319183455826,0.10108435782477641,0.7800336975789576,0.6648103315321435,1,1,0,0,0,Stage 1,Stage 2,Diabetes,Normal,0.027584366952614806,0.48944390151029504,0.6009908615170343,0.35597240470319685,0.9110776417382933,0.3765441741833222,1,0,1,0,0,0,0.7378971768012816,0,0,0,0.5199445241838441,0,0,0,3.522596871896289,1.343914240333164,8.948540050294225,1,Confidential,0.6596483482685098
7835,Young adult,1,0,0,2,Obese,1,0.10668136071309808,0.47132921704267816,0.5997956626097197,0.1619864376586172,0,0,0,0,0,Stage 1,Stage 2,Prediabetes,Diabetes,0.4642521742933382,0.007626171376046889,0.5851020160302363,0.06585389011276188,0.7727659807360292,0.0626032623394823,0,1,0,1,0,0,0.3656979534388097,0,0,0,0.45554896526773164,0,0,0,0.4973440909215609,1.746942088304344,1.3623781103023958,0,Confidential,0.7571529164274928
7836,Middle-aged,0,0,2,1,Overweight,1,0.8830765261972531,0.6607792308789431,0.38802720550498576,0.42620203407279134,0,0,0,0,0,Stage 2,Stage 2,Diabetes,Diabetes,0.8514900328368245,0.15457743735578428,0.8451113757393682,0.2714835627195053,0.5498841688755822,0.0571773695211957,0,1,0,0,0,0,0.6380688841181219,0,0,0,0.945069958197363,0,0,1,1.1961395719346315,9.768683693563904,1.0700115109868802,0,Confidential,1.5368898098439068
7837,Senior,0,0,2,3,Overweight,0,0.9436485125084891,0.5651873196225855,0.5704780259249866,0.5385378926137084,0,0,0,0,0,Stage 2,Stage 2,Diabetes,Normal,0.6983516792118108,0.5575818863252883,0.14852317499950973,0.6112478233635326,0.059836193658205195,0.6808290893568519,0,0,1,0,0,0,0.5144420025707769,0,0,0,0.04481581342707687,0,0,0,2.2283189615900287,9.627935461259014,8.84583531224552,0,Confidential,2.4821628168379175
7838,Young adult,1,0,2,1,Obese,0,0.6875421601616,0.8729513484611076,0.3166194768978763,0.056461303733890356,1,0,0,0,0,Stage 1,Stage 2,Normal,Diabetes,0.370686539359256,0.8127382088100488,0.4662881216862713,0.0528303403656632,0.8505413207846595,0.2082890512730917,0,0,1,0,0,0,0.21249714753395124,0,0,0,0.3867004309599491,0,0,0,0.1904979056495301,5.44973794489189,6.988128299618185,1,Confidential,0.5482251247430299
7839,Senior,1,0,0,1,Obese,1,0.39452964302417626,0.5678840780220668,0.10802084770251656,0.47251733652404815,0,0,0,0,0,Normal,Stage 2,Prediabetes,Diabetes,0.5847151896120303,0.9443681458648637,0.886145121144303,0.5135886718457432,0.3067455190252515,0.531270802240196,0,0,1,0,0,0,0.8872026126460634,0,0,0,0.4552327291779203,0,0,0,2.012187909569696,3.62807993954724,5.618783699604144,1,Confidential,2.8888608510410054
7840,Young adult,0,3,2,2,Overweight,1,0.8324522501332664,0.6376975222487546,0.8835467248856566,0.740538961556488,0,0,0,1,1,Stage 1,Stage 2,Diabetes,Normal,0.9269977232617235,0.5307748017166796,0.0765393259040772,0.9000574613987951,0.5805083577951252,0.06657521459667859,0,1,0,0,0,1,0.8230193871424814,0,0,0,0.9645182311544392,0,0,1,0.3994196022073417,3.925692308412432,4.7861259510195335,1,Confidential,0.13184879231504482
7841,Senior,0,1,2,1,Normal,0,0.924228448202485,0.3494295907612188,0.26576052325186994,0.4245827726159682,0,0,0,0,0,Normal,Stage 1,Diabetes,Diabetes,0.03987932102610493,0.9737016511555835,0.238919527092037,0.6228535586980442,0.976957279126722,0.47235745957499276,0,0,0,0,0,0,0.5140118367202577,0,0,1,0.44269835357701137,0,0,0,2.569590283738242,2.203362609774767,0.7869279626794956,1,Confidential,0.2445547335555975
7842,Senior,1,3,0,2,Obese,0,0.14763509263381197,0.4975591546805785,0.7540250232453278,0.3828248789708203,1,0,0,0,1,Stage 2,Stage 2,Diabetes,Prediabetes,0.37759517248741087,0.9147079071611316,0.1980807365952555,0.6331892560970016,0.5241316638268789,0.8836024747010771,1,1,0,0,0,0,0.1725537352892773,0,0,0,0.21165829744912223,0,0,0,2.371718085656779,1.5685547802614108,6.66425246856104,1,Confidential,0.37792171369498045
7843,Senior,1,2,2,3,Obese,0,0.524281419440509,0.5046255494251288,0.6795459964031012,0.04290518036323865,0,0,0,0,0,Normal,Normal,Prediabetes,Normal,0.6330215287799579,0.06115303425833617,0.5441611060688578,0.32379679825207847,0.07767129574914167,0.9490330544599384,0,0,0,1,0,0,0.11874258820828355,0,0,1,0.6287126173845061,0,0,0,0.3762169016265386,1.640954112600902,3.877278119529501,1,Confidential,7.005948604570193
7844,Middle-aged,0,2,0,3,Normal,1,0.43357156728531754,0.45830872067842493,0.571223236781696,0.6683567184886859,0,0,0,0,0,Stage 2,Normal,Normal,Normal,0.502110815482564,0.34092498119882975,0.26501915172983437,0.28797585337667636,0.7850587841852472,0.30182652303165236,0,0,1,1,1,0,0.13668351395631212,0,0,0,0.8242294538537493,0,0,0,2.665905053310789,9.145513514852391,6.533346755601274,0,Confidential,0.3375787355909629
7845,Young adult,1,1,1,3,Obese,0,0.9936818584129742,0.1783019607395551,0.6617964116835411,0.0373605804949676,1,0,0,1,0,Stage 2,Normal,Normal,Normal,0.9729841401635069,0.7439916101602312,0.2206831915477725,0.015503380600583594,0.9226946404237586,0.461371589312646,0,1,0,0,0,0,0.8400189491283738,0,0,0,0.9043628724174572,0,0,0,1.9379535031950232,0.1072636146894856,3.424622416414448,0,Confidential,0.23917250830287806
7846,Young adult,0,1,0,2,Normal,0,0.21686211321060606,0.5000998951161351,0.8636322690766811,0.4869329676594304,0,0,0,0,0,Stage 2,Stage 2,Diabetes,Normal,0.0349723722531738,0.39655773097541624,0.586354005270747,0.36733061256662775,0.31823836842146613,0.7511512437303143,1,1,0,0,0,0,0.7660665819844743,0,0,0,0.992800722940545,0,0,0,3.077315896162319,6.319376224089266,5.516106063437433,1,Confidential,1.8424994075327707
7847,Senior,1,0,2,1,Obese,0,0.40266914822070093,0.8925043215980232,0.9342291487779306,0.5704646550410252,1,1,0,0,0,Stage 2,Stage 1,Diabetes,Diabetes,0.3555746789098346,0.9634416208307471,0.1117117375132528,0.8772121085667224,0.3989037579228537,0.5179282499063511,0,1,1,0,0,0,0.21524699445007361,1,0,1,0.7251417062238368,0,0,1,0.3407210297034684,4.445490254464347,8.492088054401504,0,Confidential,0.2800468416114981
7848,Young adult,0,3,1,3,Obese,0,0.6338069357206493,0.8570049170276682,0.06540343123780852,0.9954031023093964,1,0,0,0,0,Stage 2,Stage 2,Diabetes,Diabetes,0.08163279376519013,0.45352953153078135,0.6651535547278513,0.6192011472705476,0.6309760139510745,0.93480921678185,0,0,0,0,0,0,0.008052678348761451,0,1,0,0.43260155284418456,0,0,0,0.370608753586485,8.82080705251039,4.235013624105407,0,Confidential,1.0541661489836394
7849,Middle-aged,1,2,1,1,Normal,1,0.949114782480831,0.5192338243347525,0.09091739291284208,0.4520568706643445,0,0,0,0,0,Stage 2,Normal,Diabetes,Diabetes,0.21594347748421544,0.9510217333826788,0.13775080803766415,0.14994345621635824,0.05829576441442158,0.5838369124970578,0,0,1,0,0,1,0.23000693369205796,0,0,0,0.17388242515076444,0,0,0,0.8875522658015251,9.4464929906393,2.3132250066486684,0,Confidential,2.3629642637225023
7850,Young adult,0,0,1,0,Overweight,0,0.8932645849924734,0.8163398275270345,0.5761782481136942,0.847735225487679,0,0,0,0,0,Stage 2,Stage 2,Diabetes,Diabetes,0.3068965607659275,0.7761988972074925,0.20018389661838842,0.10126972875459234,0.20565181674952232,0.07625972188703473,0,0,0,0,0,0,0.5970172265084288,0,0,0,0.15010644628714587,0,0,0,2.390587459438114,1.6868007716222275,4.547978939366065,1,Confidential,0.9734117586824256
7851,Young adult,0,1,1,3,Obese,1,0.030073851502528233,0.004099616015584198,0.6506264227585267,0.09926781958902064,0,0,0,0,0,Normal,Stage 2,Normal,Normal,0.5209856595361912,0.30832127310394775,0.5290898098064225,0.6650290344155452,0.33733769024098026,0.5777443445812033,0,0,0,1,0,0,0.44642681564218106,1,0,0,0.8991960561927757,0,0,0,1.9959294737746185,3.398864554105878,4.750898001432601,1,Confidential,1.5684277953894283
7852,Senior,1,0,1,2,Obese,1,0.08521675890994257,0.2641503211373659,0.19987936251519428,0.2890206562925578,0,0,0,0,0,Normal,Normal,Prediabetes,Normal,0.2916561794389097,0.4824244835602156,0.3912701362764801,0.9730383381058705,0.7660719325039966,0.5850492287508435,0,0,1,0,0,1,0.7632652163136068,0,1,0,0.7509001872220885,0,0,0,0.4760951780371636,9.674795158037378,6.0285851761136815,1,Confidential,0.5107485598611705
7853,Young adult,1,0,1,2,Overweight,0,0.3317556578724308,0.09367237120749194,0.4223085967052996,0.7718418540447817,0,0,0,0,1,Normal,Normal,Diabetes,Diabetes,0.6822133613619867,0.8036863966616711,0.5473091294232968,0.7845791849341255,0.14985346200127403,0.4851084069441891,0,0,0,1,0,0,0.36644484390993093,0,0,0,0.3819401099327509,0,1,0,1.412774667082919,8.801594159921898,6.58380388511774,1,Confidential,3.6522955300067985
7854,Middle-aged,0,2,1,1,Obese,0,0.873997924135834,0.6717394411086709,0.854676541293811,0.8673908533440474,0,0,0,0,1,Normal,Normal,Diabetes,Normal,0.963547808300349,0.9206631908722142,0.06845242463827206,0.7364004616166067,0.5594838300472557,0.3049047122704812,0,1,0,0,1,0,0.09669572027051701,0,1,0,0.10211085724580236,0,0,0,1.555354974846466,8.585987050832223,9.727209610537008,1,Confidential,0.12234924579051795
7855,Middle-aged,0,0,0,2,Obese,0,0.7139770734573474,0.8623642304708157,0.25044580212008144,0.7406240704052692,0,0,0,0,0,Normal,Stage 1,Diabetes,Diabetes,0.8955783899060117,0.42263885593449657,0.9738723463953161,0.8348806464978835,0.6657249477545558,0.4114319704318813,1,0,1,0,0,0,0.6345738901608631,0,0,1,0.9161137284867794,0,1,0,1.0495685522022424,8.16352330450819,0.4763001103934861,0,Confidential,1.4628749450957488
7856,Senior,0,0,1,3,Obese,0,0.39986931812883536,0.11468072462748627,0.9694401790600241,0.10003696417773578,0,0,0,0,0,Stage 2,Stage 2,Diabetes,Normal,0.08905966883177473,0.6749549886485119,0.04075928638118653,0.7844838304075792,0.053417147848915825,0.5331059454742216,0,0,0,0,1,0,0.6203763321990062,0,0,0,0.9915648946598619,0,0,0,3.033952290941365,0.994605019909056,4.78786574834563,0,Confidential,0.7630374893184005
7857,Senior,0,0,0,2,Obese,0,0.9413241326167647,0.7472861001859097,0.9785927791747425,0.1566741589335391,0,0,0,0,1,Stage 2,Stage 2,Diabetes,Diabetes,0.37818373838715585,0.741290914384302,0.46918461772654996,0.027492006954412618,0.31674966458098697,0.32307799858609276,0,0,0,1,0,0,0.15541618580353084,0,0,0,0.4763925642559384,0,0,0,1.6359251594238966,2.230571493252324,2.799916177244788,1,Confidential,1.4812474019418833
7858,Senior,0,0,2,2,Overweight,1,0.9061399744655103,0.9693613010029337,0.5386124228525564,0.22452086253079606,0,0,0,0,0,Stage 1,Stage 2,Diabetes,Diabetes,0.012863546713432955,0.5284556968598324,0.8339619080767504,0.3115994188901244,0.9221158621662695,0.29569261182060114,0,0,1,0,0,0,0.3856373174818371,0,0,0,0.25932490016328336,0,0,0,2.8936625515581165,6.6492349208911055,5.790908166295941,0,Confidential,0.9044003495586503
7859,Young adult,1,0,1,2,Overweight,1,0.35138861252459325,0.5989366895709891,0.887760685582148,0.19102745510927766,1,0,1,0,0,Elevated,Normal,Diabetes,Diabetes,0.40221230863664625,0.613887447303488,0.7546926679509505,0.7669722931828753,0.30736899889895297,0.9640911430571528,0,0,0,0,0,1,0.19683862221249845,0,0,0,0.27639664395385644,0,0,0,0.1017719030715547,5.332457621540229,2.1823174607821416,0,Confidential,2.455331118799832
7860,Young adult,1,0,1,2,Normal,0,0.9957481883424822,0.10421247910722262,0.8224141377184558,0.3760521053053102,1,0,0,0,0,Stage 2,Stage 2,Prediabetes,Diabetes,0.24173934147810705,0.608025534805111,0.6192452578976215,0.5880326937949474,0.37976603404655584,0.5759749962803042,0,0,0,1,0,0,0.6981740216782257,0,0,0,0.6316120573482642,0,0,0,3.579127819622772,8.375355782944471,1.8680579393073604,1,Confidential,1.6305967421554812
7861,Young adult,1,2,1,1,Normal,0,0.4763028479508954,0.008729522290497609,0.34484328087367133,0.43357218374903994,0,0,0,0,0,Stage 2,Stage 1,Diabetes,Diabetes,0.8151758747515917,0.12091828499016095,0.33990574061590206,0.18286916436538142,0.3204863069277506,0.5288536046234733,1,1,0,0,0,0,0.10416040693506368,0,0,0,0.5394225590051899,0,0,1,2.9326591367109787,3.7425856835407862,0.0858755775908559,1,Confidential,1.0605936455579343
7862,Young adult,1,0,2,2,Obese,1,0.4923051628021952,0.3086071166799313,0.7823271788208785,0.1858961257615812,0,1,0,0,0,Normal,Stage 2,Prediabetes,Diabetes,0.12859626571894478,0.10477380139940164,0.40580825964430645,0.1891969425917595,0.14764660729437984,0.8099106580924069,1,0,0,0,0,0,0.43692720892632714,0,1,0,0.5984438337842134,0,1,0,0.6089885768110541,8.511207831478902,0.5719278471129619,1,Confidential,2.748510562353799
7863,Senior,1,2,1,2,Obese,0,0.49401978805206465,0.25683767275877595,0.047603641861250816,0.7311411004756866,0,0,0,0,1,Normal,Stage 2,Diabetes,Prediabetes,0.045540315909840715,0.46076489869515413,0.8057849962578558,0.42568086099190244,0.4868837482219157,0.13464288407361827,1,0,1,1,0,1,0.034813969186266974,0,0,0,0.019226685255798067,0,0,0,1.998672893983445,2.27065426127996,8.03627263393955,1,Confidential,1.6549843760457348
7864,Senior,1,0,1,0,Overweight,0,0.41113766977904487,0.678278297770343,0.09537504847287243,0.657328648173059,1,0,0,1,0,Stage 2,Stage 1,Diabetes,Normal,0.4619578291971097,0.4422157816714446,0.5029564486216214,0.8649614393535747,0.09542542591840453,0.5836595748182527,1,1,0,0,0,0,0.6523559152869968,0,1,0,0.6837844557379493,0,0,0,3.4689646660681155,2.2080998183330403,9.674295757619044,1,Confidential,5.270675438762879
7865,Senior,1,0,2,1,Underweight,0,0.5362322842628983,0.30361622905860014,0.26397891533938217,0.0955632662454865,0,0,0,1,0,Stage 2,Stage 1,Diabetes,Diabetes,0.5443514883492516,0.7499040533870371,0.9895798172751467,0.7114924258702129,0.0648072757986945,0.8563940079164003,0,1,0,1,1,0,0.5180602793678076,0,0,0,0.36094995511136324,0,1,0,1.6127146281345528,1.6073367343128675,3.7252355804434414,0,Confidential,15.269578995250424
7866,Middle-aged,0,0,1,1,Overweight,0,0.3763238757832726,0.295541359970961,0.5475700106716147,0.5390634390770851,0,0,0,0,0,Normal,Stage 1,Diabetes,Diabetes,0.23617853182579002,0.33928125087236666,0.8138812299838654,0.07220969534637806,0.6638284488696002,0.3696246467016817,0,1,1,1,0,0,0.364999686155161,0,0,0,0.8760769478778514,0,0,0,1.5523745250734824,0.5959708191723612,0.0625490157334984,1,Confidential,1.2260415042015484
7867,Young adult,1,0,2,1,Normal,1,0.6987656069333811,0.8641788587699255,0.4252368019810218,0.8367599783273459,0,1,0,0,0,Stage 1,Normal,Normal,Diabetes,0.656493908344989,0.1925642968290041,0.597437937932283,0.9154453208075206,0.9736662457786804,0.5546150392871751,0,1,0,0,0,0,0.25133657341454324,0,0,0,0.9977919117198231,0,0,1,0.3009862712634312,6.883169150169202,9.306003587517475,1,Confidential,0.6135962302508366
7868,Young adult,1,3,1,1,Normal,1,0.2167022683963702,0.7037058991924734,0.8424533379238736,0.09049542855367088,0,0,0,0,0,Normal,Normal,Diabetes,Diabetes,0.8197159079034654,0.009223664012588659,0.8172277050281795,0.2214888967153838,0.1252944371673972,0.9188150487108828,0,0,0,0,0,0,0.0721913544377374,0,0,0,0.3134300731121849,0,0,0,0.2779192993942287,3.088929691899919,3.46250654872171,1,Confidential,6.5224580077433
7869,Middle-aged,0,3,0,1,Overweight,1,0.7969416546688873,0.09552468705085664,0.6635024720073277,0.8215053166152874,1,1,0,0,0,Stage 2,Stage 2,Normal,Normal,0.9021078743340767,0.4148343817955864,0.4219060271513979,0.8673450031714924,0.08534368452432556,0.23605684231645382,1,0,0,1,1,0,0.6472346278109906,0,0,0,0.40171763939416744,1,0,1,1.5748567110334322,1.2265181381843016,5.068995891143233,1,Confidential,4.94361158066877
7870,Young adult,1,0,1,3,Obese,0,0.14031062822469303,0.08611254828083109,0.8311347931533245,0.7016091218039494,0,0,0,1,0,Elevated,Stage 2,Normal,Diabetes,0.4299580525124178,0.4372509770320552,0.5267352100416021,0.9618352616932568,0.1726576619492015,0.09899694077749727,0,0,1,0,0,0,0.7197439872690934,0,0,0,0.4723862273002706,0,0,0,3.046683412052555,1.1249728961764882,2.8143289581528674,1,Confidential,3.0507491187768747
7871,Young adult,1,0,1,3,Underweight,1,0.8635554283765281,0.853471374192595,0.1819382480636296,0.5360483795321352,1,0,0,0,1,Stage 2,Stage 2,Diabetes,Normal,0.17407945432625627,0.403535881273143,0.27303663379156684,0.10955599297472607,0.11277327973022172,0.2856828802799287,0,1,0,0,0,0,0.9355019528868511,0,0,1,0.9434900123501908,0,0,0,1.872677871358138,6.849746234816117,8.692255303178388,0,Confidential,2.421111050815672
7872,Middle-aged,0,0,2,2,Obese,0,0.4999092460269646,0.026337863322381055,0.47903424138609785,0.8668848427333674,0,0,0,0,0,Normal,Normal,Diabetes,Normal,0.7913564572586307,0.048785993635564365,0.9014895080807499,0.8450659600831218,0.25772985924333824,0.4669503683898044,0,0,0,0,0,0,0.6373328499993269,0,0,0,0.22263557081423616,0,0,1,1.269005461577864,4.090977252887686,9.854819019934462,0,Confidential,3.497807784970695
7873,Senior,1,0,1,3,Obese,1,0.46185051409057687,0.9874768358417833,0.6644515714553458,0.6818721200092647,0,0,0,1,0,Stage 2,Normal,Prediabetes,Normal,0.06895956984042266,0.6919465673823025,0.9611494293567264,0.6130520002524711,0.052364239822336456,0.7823833952654988,1,0,0,0,1,0,0.5756863776610397,1,0,0,0.3322492739205177,0,0,1,2.863466334161271,5.486837766872479,2.516808397071664,0,Confidential,18.355072710264746
7874,Young adult,0,0,2,2,Normal,0,0.5473925211782817,0.32168266168684917,0.833915187647564,0.7851405344501438,0,0,0,0,1,Normal,Normal,Prediabetes,Prediabetes,0.7753895061401359,0.36995243209707,0.735524123227653,0.3314323438939997,0.25369983753853276,0.4244952136024083,0,0,0,0,1,0,0.3690373104620009,1,0,1,0.8830919689635215,0,0,1,3.154224524907812,3.849583517631766,8.805086817866341,0,Confidential,2.899190359615186
7875,Senior,1,0,2,2,Overweight,0,0.8035375371972004,0.7110495388815937,0.303455579359672,0.07825398351168755,1,1,0,0,0,Stage 2,Stage 2,Normal,Diabetes,0.36311243419462846,0.05389561024291424,0.8248018558430537,0.8662557643118416,0.36098819834305085,0.6321551017357219,0,1,0,0,0,0,0.4222164400008418,0,1,0,0.7729150453201806,0,0,1,0.4248931417779826,5.217464788208153,0.9158778037444948,1,Confidential,2.2848443789268584
7876,Young adult,1,0,0,2,Obese,0,0.24326693555619583,0.988720390309545,0.2656703537586802,0.1350491328743889,0,0,0,0,0,Elevated,Normal,Diabetes,Normal,0.377174701245521,0.47180974787727226,0.9567493835405001,0.42616992809016013,0.5279025542165383,0.9272101924686127,0,0,0,0,0,0,0.11698649806371904,0,0,0,0.1317400470046327,0,0,0,0.5537566229096402,3.3777443666877662,3.0174805393129835,1,Confidential,1.8123598302349846
7877,Middle-aged,0,1,2,0,Obese,0,0.318175115601273,0.47508341614146565,0.8737068041620314,0.5034312926752266,1,0,1,0,0,Elevated,Stage 2,Diabetes,Diabetes,0.08750136265110393,0.81274319341943,0.19009605876459812,0.6109410682919376,0.6767448715235326,0.3463904603300044,1,1,1,0,0,0,0.9732469834040883,0,0,0,0.5448511142402053,0,0,0,1.132469727293076,0.0092502588073439,4.914556096232533,1,Confidential,0.28089767172766505
7878,Senior,1,0,2,2,Obese,0,0.6928593508716404,0.5435589997608176,0.5127742550689138,0.15382142605795035,1,0,0,0,0,Stage 1,Stage 1,Diabetes,Diabetes,0.9140379607767017,0.5217656009501614,0.7908361445757679,0.0492087489931638,0.6718930143355711,0.3566012681167613,0,1,0,1,0,0,0.43572887671765953,0,0,1,0.43812166464862434,0,0,1,3.0705828248752285,8.48312765989529,7.790920816495101,1,Confidential,1.1770268892553057
